ENTIDAD,NOM_ENT,MUN,NOM_MUN,LOC,NOM_LOC,GRAPROES
14,Jalisco,001,Acatic,0001,Acatic,7.66
14,Jalisco,001,Acatic,0002,Agua Prieta (Tepetates),5.91
14,Jalisco,001,Acatic,0006,El Bajío de los Herrera,4.45
14,Jalisco,001,Acatic,0009,Rancho Nuevo Calderón,6.42
14,Jalisco,001,Acatic,0010,El Capadero (San Miguel de la Loza),6
14,Jalisco,001,Acatic,0011,Carricillo,5.48
14,Jalisco,001,Acatic,0012,Ceja de Ramblas,4.93
14,Jalisco,001,Acatic,0013,Cofradía Grande,6.15
14,Jalisco,001,Acatic,0014,El Colomo,5.68
14,Jalisco,001,Acatic,0016,Las Coronillas,7.25
14,Jalisco,001,Acatic,0018,La Charranga,5.65
14,Jalisco,001,Acatic,0020,Chiquihuitillo,5.23
14,Jalisco,001,Acatic,0021,El Chivatero,4.49
14,Jalisco,001,Acatic,0022,La Estancia,4.45
14,Jalisco,001,Acatic,0024,La Gazapera,5.31
14,Jalisco,001,Acatic,0027,Jagüey,6.82
14,Jalisco,001,Acatic,0028,El Jaral,6.48
14,Jalisco,001,Acatic,0029,Laguna Colorada,6.19
14,Jalisco,001,Acatic,0031,La Leonerita,4
14,Jalisco,001,Acatic,0032,La Loma (La Giganta),7.23
14,Jalisco,001,Acatic,0033,Los Llanitos,5.93
14,Jalisco,001,Acatic,0035,Monte Largo,7.54
14,Jalisco,001,Acatic,0036,Las Motas,7.4
14,Jalisco,001,Acatic,0037,La Nopalera,8.69
14,Jalisco,001,Acatic,0040,Ojo de Agua de Verdum,5.48
14,Jalisco,001,Acatic,0042,Las Paredes,6.17
14,Jalisco,001,Acatic,0043,Piedra Amarilla,8.16
14,Jalisco,001,Acatic,0044,Las Pilas,5.79
14,Jalisco,001,Acatic,0046,La Providencia (Crucero de Acatic),6
14,Jalisco,001,Acatic,0047,La Quinta,5.73
14,Jalisco,001,Acatic,0049,Los Ranchitos,7.02
14,Jalisco,001,Acatic,0053,El Ranero,4.63
14,Jalisco,001,Acatic,0054,El Refugio (Paredones),7.52
14,Jalisco,001,Acatic,0055,La Resolana,7.78
14,Jalisco,001,Acatic,0057,Saltillo de Arriba,6.43
14,Jalisco,001,Acatic,0059,San Antonio,7.14
14,Jalisco,001,Acatic,0060,San Antonio de Roa,4.19
14,Jalisco,001,Acatic,0062,San Francisco,6.52
14,Jalisco,001,Acatic,0063,Tierras Coloradas,6.77
14,Jalisco,001,Acatic,0066,Santa Rita,5.53
14,Jalisco,001,Acatic,0067,El Sauz,4.72
14,Jalisco,001,Acatic,0068,La Soledad,6.7
14,Jalisco,001,Acatic,0069,Las Tablas,5.4
14,Jalisco,001,Acatic,0070,El Tempisque,5.92
14,Jalisco,001,Acatic,0072,El Tepame,7.87
14,Jalisco,001,Acatic,0073,El Tepehuaje,5.67
14,Jalisco,001,Acatic,0074,El Tepozán,7.34
14,Jalisco,001,Acatic,0075,Tequililla,6.87
14,Jalisco,001,Acatic,0078,El Tlalcoyote,3.41
14,Jalisco,001,Acatic,0079,Las Trojes,7.73
14,Jalisco,001,Acatic,0081,El Venado,7.56
14,Jalisco,001,Acatic,0084,Las Víboras,7.12
14,Jalisco,001,Acatic,0086,El Paraíso,5.91
14,Jalisco,001,Acatic,0088,Crucero Viejo Acatic,7.56
14,Jalisco,001,Acatic,0102,Saltillo de Abajo,7.03
14,Jalisco,001,Acatic,0104,Codornices,6.92
14,Jalisco,001,Acatic,0107,Agropecuaria Calderón,6.73
14,Jalisco,001,Acatic,0111,Las Barranquitas,13.89
14,Jalisco,001,Acatic,0112,La Calesa (Plan de Calderón),6.13
14,Jalisco,001,Acatic,0115,Cofradía Chica,8.5
14,Jalisco,001,Acatic,0122,Ninguno [Granja Rancho Nuevo],7.29
14,Jalisco,001,Acatic,0123,La Joya (Avícola la Joya),5.87
14,Jalisco,001,Acatic,0131,El Pitahayo,5.67
14,Jalisco,001,Acatic,0132,La Presa de la Joya,10.67
14,Jalisco,001,Acatic,0133,Rancho Alegre,5.11
14,Jalisco,001,Acatic,0139,Las Tortugas,6.27
14,Jalisco,001,Acatic,0141,San Pablo,5.54
14,Jalisco,001,Acatic,0142,Acatic (Colonia la Prepa),7.19
14,Jalisco,001,Acatic,9998,Localidades de una vivienda,6.84
14,Jalisco,001,Acatic,9999,Localidades de dos viviendas,6.21
14,Jalisco,002,Acatlán de Juárez,0001,Acatlán de Juárez,9.85
14,Jalisco,002,Acatlán de Juárez,0002,Bellavista,8.92
14,Jalisco,002,Acatlán de Juárez,0004,El Plan (El Cerrito),8.86
14,Jalisco,002,Acatlán de Juárez,0005,San José de los Pozos,7.81
14,Jalisco,002,Acatlán de Juárez,0007,San Pedro Valencia,6.41
14,Jalisco,002,Acatlán de Juárez,0008,El Colomo,6.67
14,Jalisco,002,Acatlán de Juárez,0010,Santa Ana [Estación],5.08
14,Jalisco,002,Acatlán de Juárez,0021,Los Castillos (Las Torrecillas),9.8
14,Jalisco,002,Acatlán de Juárez,0024,La Coronilla,5.17
14,Jalisco,002,Acatlán de Juárez,0030,Maravillas [Fraccionamiento],7.94
14,Jalisco,002,Acatlán de Juárez,0034,La Magdalena (Casitas Blancas),4.29
14,Jalisco,002,Acatlán de Juárez,0035,Las Maravillas (El Cuarenta),6.42
14,Jalisco,002,Acatlán de Juárez,0036,Montenegro,7.33
14,Jalisco,002,Acatlán de Juárez,0037,El Pantano San Marcos,6.15
14,Jalisco,002,Acatlán de Juárez,0039,El Quelele,6.47
14,Jalisco,002,Acatlán de Juárez,0048,Las Alberquitas [Balneario],8.22
14,Jalisco,002,Acatlán de Juárez,0053,Las Carretas,7.18
14,Jalisco,002,Acatlán de Juárez,0058,Heliodoro Camacho (La Yerbabuena),9.91
14,Jalisco,002,Acatlán de Juárez,0065,Centro Logístico de Jalisco [Parque Industrial],9.88
14,Jalisco,002,Acatlán de Juárez,9998,Localidades de una vivienda,8.2
14,Jalisco,002,Acatlán de Juárez,9999,Localidades de dos viviendas,8.57
14,Jalisco,003,Ahualulco de Mercado,0001,Ahualulco de Mercado,10.01
14,Jalisco,003,Ahualulco de Mercado,0004,El Carmen (El Capulín),8.98
14,Jalisco,003,Ahualulco de Mercado,0007,Chapulimita (Chapuli),7.02
14,Jalisco,003,Ahualulco de Mercado,0019,La Mora (La Morita),7.42
14,Jalisco,003,Ahualulco de Mercado,0021,La Peña,7.53
14,Jalisco,003,Ahualulco de Mercado,0028,Santa Cruz de Bárcenas (Santa Cruz),7.79
14,Jalisco,003,Ahualulco de Mercado,0031,Teuchiteco,8.08
14,Jalisco,003,Ahualulco de Mercado,0038,Portes Gil (San Ignacio),8.26
14,Jalisco,003,Ahualulco de Mercado,0059,La Cofradía (Rancho los Parados),8.76
14,Jalisco,003,Ahualulco de Mercado,9998,Localidades de una vivienda,8.92
14,Jalisco,003,Ahualulco de Mercado,9999,Localidades de dos viviendas,8.27
14,Jalisco,004,Amacueca,0001,Amacueca,8.8
14,Jalisco,004,Amacueca,0003,Aguacatita,7.81
14,Jalisco,004,Amacueca,0004,El Apartadero,7.86
14,Jalisco,004,Amacueca,0005,Barranca San Miguel,7.48
14,Jalisco,004,Amacueca,0007,Cerro Bola,3.8
14,Jalisco,004,Amacueca,0008,Cofradía del Rosario,7.25
14,Jalisco,004,Amacueca,0010,Los Chávez,5.26
14,Jalisco,004,Amacueca,0014,Lagunitas,4.29
14,Jalisco,004,Amacueca,0017,Palo Quemado,5.3
14,Jalisco,004,Amacueca,0020,San Juanito,5.77
14,Jalisco,004,Amacueca,0022,Tepec,8.09
14,Jalisco,004,Amacueca,0023,Los Trujillo,7.33
14,Jalisco,004,Amacueca,9998,Localidades de una vivienda,7
14,Jalisco,005,Amatitán,0001,Amatitán,9.62
14,Jalisco,005,Amatitán,0003,Agua Fría,7.56
14,Jalisco,005,Amatitán,0004,Agua Prieta,7.82
14,Jalisco,005,Amatitán,0005,El Amarillo,7.26
14,Jalisco,005,Amatitán,0007,La Conchilla,7.25
14,Jalisco,005,Amatitán,0008,Santa Rosa [Campamento CFE],10.87
14,Jalisco,005,Amatitán,0009,La Capilla,8.39
14,Jalisco,005,Amatitán,0010,El Cerrito,7.33
14,Jalisco,005,Amatitán,0015,Chome (Achío),7.27
14,Jalisco,005,Amatitán,0020,La Mata,8.17
14,Jalisco,005,Amatitán,0026,Rancho Viejo,4.88
14,Jalisco,005,Amatitán,0031,Santiaguito,8.31
14,Jalisco,005,Amatitán,0032,Tateposco,10.29
14,Jalisco,005,Amatitán,0035,Tepetates,7.34
14,Jalisco,005,Amatitán,0036,El Tizate,6.21
14,Jalisco,005,Amatitán,0039,La Villa de Cuerámbaro,7.03
14,Jalisco,005,Amatitán,0040,La Villa,4.9
14,Jalisco,005,Amatitán,0045,La Quebradora,6.9
14,Jalisco,005,Amatitán,0056,El Coco,6.67
14,Jalisco,005,Amatitán,0065,El Mirador,5.56
14,Jalisco,005,Amatitán,0074,La Cantera,8.52
14,Jalisco,005,Amatitán,9998,Localidades de una vivienda,7.2
14,Jalisco,005,Amatitán,9999,Localidades de dos viviendas,7.24
14,Jalisco,006,Ameca,0001,Ameca,9.77
14,Jalisco,006,Ameca,0002,Altavista de Ramos,6.81
14,Jalisco,006,Ameca,0003,Los Amiales,7.73
14,Jalisco,006,Ameca,0004,El Arco,7
14,Jalisco,006,Ameca,0005,Arroyo Hondo,7.46
14,Jalisco,006,Ameca,0010,Buenos Aires,7.9
14,Jalisco,006,Ameca,0011,El Cabezón (El Limón),8.6
14,Jalisco,006,Ameca,0012,Caimanero (El Quelite),8.64
14,Jalisco,006,Ameca,0013,La Calera de Abajo,7.68
14,Jalisco,006,Ameca,0014,La Calera de Arriba,5.8
14,Jalisco,006,Ameca,0015,La Nueva Cantería (El Pochote),8.01
14,Jalisco,006,Ameca,0017,El Cerrito del Cuis,6.59
14,Jalisco,006,Ameca,0018,La Coronilla,6.63
14,Jalisco,006,Ameca,0019,El Cuis (El Tasajo),7.42
14,Jalisco,006,Ameca,0020,Don Martín,7.84
14,Jalisco,006,Ameca,0022,La Estancita,8.01
14,Jalisco,006,Ameca,0023,Guarachilla,5.59
14,Jalisco,006,Ameca,0024,La Higuera,7.69
14,Jalisco,006,Ameca,0025,La Huerta de San Javier,7.62
14,Jalisco,006,Ameca,0026,Jayamitla (Colmenar),6.58
14,Jalisco,006,Ameca,0027,Labor de Solís,6.73
14,Jalisco,006,Ameca,0028,Lagunillas,6.5
14,Jalisco,006,Ameca,0030,El Magistral,5.87
14,Jalisco,006,Ameca,0031,Malpasito,6.82
14,Jalisco,006,Ameca,0032,Malpaso de la Pequeña,6.63
14,Jalisco,006,Ameca,0033,Mesa de Ramos,6.33
14,Jalisco,006,Ameca,0034,Los Morillos,7.16
14,Jalisco,006,Ameca,0037,Las Paredes,7.68
14,Jalisco,006,Ameca,0038,La Pareja,6.09
14,Jalisco,006,Ameca,0039,Los Pilares,7.32
14,Jalisco,006,Ameca,0040,Las Pilas,7.25
14,Jalisco,006,Ameca,0041,Los Pocitos,8.08
14,Jalisco,006,Ameca,0042,El Portezuelo,7.22
14,Jalisco,006,Ameca,0043,Queixpan,5.61
14,Jalisco,006,Ameca,0044,Las Raíces,6.17
14,Jalisco,006,Ameca,0045,El Realito,6.43
14,Jalisco,006,Ameca,0046,El Sabino,6.86
14,Jalisco,006,Ameca,0047,San Antonio Matute,9.02
14,Jalisco,006,Ameca,0048,San Antonio Puerta de la Vega,9.74
14,Jalisco,006,Ameca,0049,San Ignacio,8.93
14,Jalisco,006,Ameca,0050,San Miguel,7.88
14,Jalisco,006,Ameca,0051,San Nicolás,7.82
14,Jalisco,006,Ameca,0052,Santa María de la Huerta,7.14
14,Jalisco,006,Ameca,0054,El Saucillo,5.57
14,Jalisco,006,Ameca,0057,El Texcalame,6.6
14,Jalisco,006,Ameca,0058,Villa Hermosa,7.91
14,Jalisco,006,Ameca,0059,La Villita,7.33
14,Jalisco,006,Ameca,0061,El Zoquite,6.03
14,Jalisco,006,Ameca,0062,Los Hornos,5.73
14,Jalisco,006,Ameca,0070,El Naranjo (La Gigantera),9.46
14,Jalisco,006,Ameca,0075,El Mapo,8.88
14,Jalisco,006,Ameca,0076,El Texcalamito,6.8
14,Jalisco,006,Ameca,0079,El Mono,5.57
14,Jalisco,006,Ameca,0083,Los Atascaderos,8.13
14,Jalisco,006,Ameca,0085,La Escalera,6.17
14,Jalisco,006,Ameca,0098,Antonia Salazar,9.8
14,Jalisco,006,Ameca,0102,Bellavista,2.44
14,Jalisco,006,Ameca,0116,La Isla (El Rebaje),8.22
14,Jalisco,006,Ameca,0123,Morales,14.8
14,Jalisco,006,Ameca,0137,Los Vera,11
14,Jalisco,006,Ameca,0140,Ameca,6.19
14,Jalisco,006,Ameca,0153,Rancho el Capulín,8.83
14,Jalisco,006,Ameca,0156,Las Ánimas,11.2
14,Jalisco,006,Ameca,0157,El Brillante [Fraccionamiento],9.57
14,Jalisco,006,Ameca,0160,Lomas de Santiago,8.5
14,Jalisco,006,Ameca,0165,Rancho el Guajito,12.75
14,Jalisco,006,Ameca,0182,La Palapa del Mayor,8.09
14,Jalisco,006,Ameca,0187,Rancho el Colorado II,8
14,Jalisco,006,Ameca,0192,La Fortuna,8.28
14,Jalisco,006,Ameca,9998,Localidades de una vivienda,9.01
14,Jalisco,006,Ameca,9999,Localidades de dos viviendas,8.18
14,Jalisco,007,San Juanito de Escobedo,0001,San Juanito de Escobedo,9.21
14,Jalisco,007,San Juanito de Escobedo,0003,Almoloya [Balneario],7.83
14,Jalisco,007,San Juanito de Escobedo,0004,El Azafrán,8.31
14,Jalisco,007,San Juanito de Escobedo,0008,La Estancia de Ayones,8.29
14,Jalisco,007,San Juanito de Escobedo,0009,La Estancita,8.4
14,Jalisco,007,San Juanito de Escobedo,0010,La Providencia (Cantarranas),7.68
14,Jalisco,007,San Juanito de Escobedo,0012,San Pedro,7.49
14,Jalisco,007,San Juanito de Escobedo,0013,Santiaguito,8.49
14,Jalisco,007,San Juanito de Escobedo,0014,El Tempisque,10
14,Jalisco,007,San Juanito de Escobedo,0015,El Trapiche,7.12
14,Jalisco,007,San Juanito de Escobedo,0086,El Pasito,7.92
14,Jalisco,008,Arandas,0001,Arandas,8.64
14,Jalisco,008,Arandas,0002,Los Agritos,4.95
14,Jalisco,008,Arandas,0003,El Aguaje,3.36
14,Jalisco,008,Arandas,0005,Agua Nueva,5.37
14,Jalisco,008,Arandas,0011,Las Alazanas,4.71
14,Jalisco,008,Arandas,0014,El Ancón,5.69
14,Jalisco,008,Arandas,0021,La Aurora,5.14
14,Jalisco,008,Arandas,0022,Los Aviones,5.63
14,Jalisco,008,Arandas,0024,Bajío el Caracol (El Caracol),6.79
14,Jalisco,008,Arandas,0026,Bajío Seco,7.14
14,Jalisco,008,Arandas,0028,Las Pintas,6.43
14,Jalisco,008,Arandas,0036,El Bellotero (La Concepción),6.38
14,Jalisco,008,Arandas,0045,Cabrito,5.91
14,Jalisco,008,Arandas,0048,La Calandria,6.29
14,Jalisco,008,Arandas,0051,La Campana,6.15
14,Jalisco,008,Arandas,0056,El Capulincito,5.63
14,Jalisco,008,Arandas,0057,El Capulín Verde,6.7
14,Jalisco,008,Arandas,0058,El Caracol,5.47
14,Jalisco,008,Arandas,0061,El Carrizal (Carrizal de Abajo),4.24
14,Jalisco,008,Arandas,0064,Ceja de Reyes,1.57
14,Jalisco,008,Arandas,0065,El Centinela,5.23
14,Jalisco,008,Arandas,0066,El Centro,4.27
14,Jalisco,008,Arandas,0068,Cerro Blanco,5.41
14,Jalisco,008,Arandas,0072,Cerro del Gusano,5.44
14,Jalisco,008,Arandas,0073,El Camaleón (Cerrito de Vallejo),6.6
14,Jalisco,008,Arandas,0078,La Cieneguita,7.29
14,Jalisco,008,Arandas,0083,La Corambre,4.68
14,Jalisco,008,Arandas,0089,La Cruz del Pastor,4.91
14,Jalisco,008,Arandas,0090,Cruz de Caminos (La Cruz del Sauz),6.44
14,Jalisco,008,Arandas,0093,Los Charcos,2.4
14,Jalisco,008,Arandas,0095,El Chilarejón (Puente de Guadalupe),6.71
14,Jalisco,008,Arandas,0096,El Chiquihuitillo,6.14
14,Jalisco,008,Arandas,0097,El Chivo,4.93
14,Jalisco,008,Arandas,0101,La Emboscada,6.5
14,Jalisco,008,Arandas,0102,Los Encinos,4.71
14,Jalisco,008,Arandas,0103,La Ermita,7.42
14,Jalisco,008,Arandas,0106,El Estribo,2.76
14,Jalisco,008,Arandas,0108,Forlones,4.41
14,Jalisco,008,Arandas,0110,Los Fresnos,4.78
14,Jalisco,008,Arandas,0118,La Gloria,6.28
14,Jalisco,008,Arandas,0120,Hacienda de Guadalupe,6.93
14,Jalisco,008,Arandas,0127,Huertas Viejas,8.28
14,Jalisco,008,Arandas,0130,Jaquetas,6.92
14,Jalisco,008,Arandas,0133,Las Jícamas,2.71
14,Jalisco,008,Arandas,0139,Laguna de Piedra,6.1
14,Jalisco,008,Arandas,0141,La Lagunita,5.5
14,Jalisco,008,Arandas,0142,Las Lagunitas,5.26
14,Jalisco,008,Arandas,0143,La Laja,5.84
14,Jalisco,008,Arandas,0145,El Laurel (El Monte),5
14,Jalisco,008,Arandas,0146,El Lienzo,6.88
14,Jalisco,008,Arandas,0147,Los Lobos,7.29
14,Jalisco,008,Arandas,0150,La Loma del Nopal,7.65
14,Jalisco,008,Arandas,0154,Llano Grande,6.14
14,Jalisco,008,Arandas,0156,La Madrastra,5.77
14,Jalisco,008,Arandas,0158,La Manga,5.78
14,Jalisco,008,Arandas,0160,Manuel Martínez Valadez (Agua Negra),6.78
14,Jalisco,008,Arandas,0161,El Matadero,7.25
14,Jalisco,008,Arandas,0167,La Mesita de Abajo,7.24
14,Jalisco,008,Arandas,0171,El Mirasol,7.94
14,Jalisco,008,Arandas,0172,El Mogote,5.45
14,Jalisco,008,Arandas,0177,El Nogal,6.35
14,Jalisco,008,Arandas,0178,El Nopal,8.24
14,Jalisco,008,Arandas,0181,El Ocote de Abajo,9.43
14,Jalisco,008,Arandas,0184,Ojo de Agua de Hernández,9.03
14,Jalisco,008,Arandas,0187,Ojo de Agua (Rincón de Molino),5.69
14,Jalisco,008,Arandas,0188,Ojo Zarco de Vaqueros,7.83
14,Jalisco,008,Arandas,0189,La Ordeña,4.13
14,Jalisco,008,Arandas,0193,Palo Cuate,7.45
14,Jalisco,008,Arandas,0194,Palo Dulce,7.97
14,Jalisco,008,Arandas,0196,Palos Colorados,6.5
14,Jalisco,008,Arandas,0198,Paso Colorado,5.78
14,Jalisco,008,Arandas,0201,Pedregal,4.88
14,Jalisco,008,Arandas,0202,El Pedregoso,6.3
14,Jalisco,008,Arandas,0207,Piedras Blancas,8.92
14,Jalisco,008,Arandas,0210,Los Planes,4.06
14,Jalisco,008,Arandas,0213,El Pocito de Arriba,7.37
14,Jalisco,008,Arandas,0214,Los Pocitos,4.89
14,Jalisco,008,Arandas,0216,Los Potrillos,5.3
14,Jalisco,008,Arandas,0222,La Pueblita,6.94
14,Jalisco,008,Arandas,0225,La Puerta Blanca,6.3
14,Jalisco,008,Arandas,0228,El Puertecito,4.86
14,Jalisco,008,Arandas,0231,Queretarito,9.22
14,Jalisco,008,Arandas,0234,La Rana,6.59
14,Jalisco,008,Arandas,0238,Ranchos Nuevos,6.43
14,Jalisco,008,Arandas,0243,La Resolana,7.09
14,Jalisco,008,Arandas,0244,Rincón de Ocotes,5.19
14,Jalisco,008,Arandas,0245,Río de Sánchez,4.13
14,Jalisco,008,Arandas,0247,Los Robles,6.82
14,Jalisco,008,Arandas,0248,El Rodeo,6.47
14,Jalisco,008,Arandas,0249,La Rosa de Castilla,5.19
14,Jalisco,008,Arandas,0250,Rosas Azules,6.08
14,Jalisco,008,Arandas,0257,El Salto de Nogales,6.94
14,Jalisco,008,Arandas,0258,San Agustín (San Agustín de Vaqueros),6.31
14,Jalisco,008,Arandas,0261,San Francisco,6.55
14,Jalisco,008,Arandas,0262,San Francisco de Ocotes,3.95
14,Jalisco,008,Arandas,0263,La Sanguijuela,5.31
14,Jalisco,008,Arandas,0269,San José de los Sabinos,5.27
14,Jalisco,008,Arandas,0274,San Roque,6.41
14,Jalisco,008,Arandas,0275,San Sebastián,4.91
14,Jalisco,008,Arandas,0277,Santa Anita,3.72
14,Jalisco,008,Arandas,0279,Santa Gertrudis,4.54
14,Jalisco,008,Arandas,0280,Santa María del Valle,7.39
14,Jalisco,008,Arandas,0281,Santa Rita,3.79
14,Jalisco,008,Arandas,0283,Santiaguito (Santiaguito de Velázquez),6.07
14,Jalisco,008,Arandas,0287,El Saucillo,6.75
14,Jalisco,008,Arandas,0288,El Sauz de Cajigal,6.35
14,Jalisco,008,Arandas,0289,La Soledad,7.5
14,Jalisco,008,Arandas,0294,La Teja,6.56
14,Jalisco,008,Arandas,0295,El Tepetate,5.54
14,Jalisco,008,Arandas,0303,Las Tortugas,7.86
14,Jalisco,008,Arandas,0307,La Troja,7
14,Jalisco,008,Arandas,0311,El Tule,5.64
14,Jalisco,008,Arandas,0318,Valle de San Antonio,5.23
14,Jalisco,008,Arandas,0320,El Viborero,6.37
14,Jalisco,008,Arandas,0321,Yerbabuena (Huizachal),5.02
14,Jalisco,008,Arandas,0322,El Zapote (Colorines),7.31
14,Jalisco,008,Arandas,0327,El Zapote de Álvarez,5.73
14,Jalisco,008,Arandas,0331,Piedra Amarilla,7.04
14,Jalisco,008,Arandas,0337,La Vaquera,7.13
14,Jalisco,008,Arandas,0339,El Tepetate,3.9
14,Jalisco,008,Arandas,0342,La Tinaja,4.72
14,Jalisco,008,Arandas,0343,El Saucillo (El Saucito),4.56
14,Jalisco,008,Arandas,0345,Santa María del Nopal,6.41
14,Jalisco,008,Arandas,0348,El Ranchito,5.4
14,Jalisco,008,Arandas,0351,Presa de López,5.12
14,Jalisco,008,Arandas,0353,Palo Cuate,4.6
14,Jalisco,008,Arandas,0360,Mesa de Martínez,3.75
14,Jalisco,008,Arandas,0371,Cuesta de Edificios,6.27
14,Jalisco,008,Arandas,0372,Cruz de Alfaro (Puerta de los Granjeros),5.74
14,Jalisco,008,Arandas,0375,La Ceja de la Capilla,7.2
14,Jalisco,008,Arandas,0378,Bajío de Huizaches,6.84
14,Jalisco,008,Arandas,0381,Cerro las Mecas,6.58
14,Jalisco,008,Arandas,0390,Rancho Seco,4.91
14,Jalisco,008,Arandas,0393,El Ojo de Agua,5.69
14,Jalisco,008,Arandas,0403,El Cebadero,5.89
14,Jalisco,008,Arandas,0406,La Garita,6
14,Jalisco,008,Arandas,0411,Las Lomas,2.14
14,Jalisco,008,Arandas,0412,La Parada de Abajo,9.78
14,Jalisco,008,Arandas,0422,La Trinidad,6.63
14,Jalisco,008,Arandas,0423,El Zapote,7.63
14,Jalisco,008,Arandas,0424,El Zapote,4.94
14,Jalisco,008,Arandas,0425,Agua Negra,6.06
14,Jalisco,008,Arandas,0494,Santa Rita,6.48
14,Jalisco,008,Arandas,0500,La Granjena,5.45
14,Jalisco,008,Arandas,0503,Los Veneros (Agua Negra),7
14,Jalisco,008,Arandas,0511,El Astillero,7.12
14,Jalisco,008,Arandas,0512,El Zapote de Lozano,7.11
14,Jalisco,008,Arandas,0513,El Saucito,6.81
14,Jalisco,008,Arandas,0519,Los Sauces,5.28
14,Jalisco,008,Arandas,0520,El Baluarte (Balbarte),5.67
14,Jalisco,008,Arandas,0521,El Muerto,9
14,Jalisco,008,Arandas,0523,El Baloneado,6.29
14,Jalisco,008,Arandas,0525,Mogote,5.9
14,Jalisco,008,Arandas,0532,El Rayo,5.38
14,Jalisco,008,Arandas,0533,San Gabriel,5.65
14,Jalisco,008,Arandas,0537,Lozano [Granja],7.33
14,Jalisco,008,Arandas,0538,Bonanza,5.85
14,Jalisco,008,Arandas,0543,El Grillo,5.83
14,Jalisco,008,Arandas,0548,Mal Paso (La Providencia),4
14,Jalisco,008,Arandas,0552,Bellavista,7.71
14,Jalisco,008,Arandas,0553,Bajío de Ratones,6.38
14,Jalisco,008,Arandas,0557,Buenavista,4.5
14,Jalisco,008,Arandas,0570,La Latilla (Puerta del Aire),7.48
14,Jalisco,008,Arandas,0571,El Saltillo,6.32
14,Jalisco,008,Arandas,0574,El Nacimiento de Abajo,6.81
14,Jalisco,008,Arandas,0575,El Nacimiento de Arriba,7.06
14,Jalisco,008,Arandas,0576,La Chorrera (Santa Margarita),7.83
14,Jalisco,008,Arandas,0582,Loma de Villagrana,4.08
14,Jalisco,008,Arandas,0585,La Loma de los Rizo,4.1
14,Jalisco,008,Arandas,0587,Farfán de Abajo,2.83
14,Jalisco,008,Arandas,0589,San Isidro,3.67
14,Jalisco,008,Arandas,0590,Cantarranas,4.52
14,Jalisco,008,Arandas,0592,El Saltillo,1.6
14,Jalisco,008,Arandas,0593,Barbacoa,8.47
14,Jalisco,008,Arandas,0596,Corrales,7.5
14,Jalisco,008,Arandas,0602,El Frontón,6.08
14,Jalisco,008,Arandas,0607,El Tecolote,4.4
14,Jalisco,008,Arandas,0610,Piedras Chinas,4.33
14,Jalisco,008,Arandas,0611,Punta del Monte,3.6
14,Jalisco,008,Arandas,0612,Potrerillos,4.47
14,Jalisco,008,Arandas,0621,Adobes de Abajo,4.64
14,Jalisco,008,Arandas,0626,Barranquitas,6.25
14,Jalisco,008,Arandas,0627,Bellavista (Rancho Bellavista Uno),6.5
14,Jalisco,008,Arandas,0633,Los Cerritos,4.5
14,Jalisco,008,Arandas,0635,El Cuatro,8.31
14,Jalisco,008,Arandas,0637,Rinconada de los Vázquez [Fraccionamiento],7.81
14,Jalisco,008,Arandas,0638,El Fuerte,6.57
14,Jalisco,008,Arandas,0641,Huizachal,5.17
14,Jalisco,008,Arandas,0643,El Húmedo,6.5
14,Jalisco,008,Arandas,0646,La Ladera,5.63
14,Jalisco,008,Arandas,0657,La Mesita de Cerda,6.41
14,Jalisco,008,Arandas,0666,El Pocito de Abajo,6.39
14,Jalisco,008,Arandas,0667,Presa de Barajas (El Crucero de Arandas),6.53
14,Jalisco,008,Arandas,0668,El Puertecito,6.21
14,Jalisco,008,Arandas,0672,El Rancho del Tule,4.4
14,Jalisco,008,Arandas,0683,La Puerta de Navarro,4.89
14,Jalisco,008,Arandas,0684,Rancho la Tinaja (Rancho del Jericallo),5.85
14,Jalisco,008,Arandas,0687,El Muerto,7.36
14,Jalisco,008,Arandas,0688,Pocitos de Trinidad,5.09
14,Jalisco,008,Arandas,0689,Rancho Bellavista,6.88
14,Jalisco,008,Arandas,0691,Tierra Roja [Fraccionamiento],8.53
14,Jalisco,008,Arandas,0694,Presa de Barajas,6.13
14,Jalisco,008,Arandas,0695,La Parada de Arriba,8.9
14,Jalisco,008,Arandas,0697,Los Coyotes,6.69
14,Jalisco,008,Arandas,0698,Rancho Guadalupe,6.07
14,Jalisco,008,Arandas,0701,Ojo de Agua de García,4.96
14,Jalisco,008,Arandas,9998,Localidades de una vivienda,4.82
14,Jalisco,008,Arandas,9999,Localidades de dos viviendas,5.7
14,Jalisco,009,El Arenal,0001,El Arenal,9.41
14,Jalisco,009,El Arenal,0003,Huaxtla,8.61
14,Jalisco,009,El Arenal,0004,Colonia Cuisillos (Huaxtla de Orendain),8.38
14,Jalisco,009,El Arenal,0006,Santa Cruz del Astillero,8.87
14,Jalisco,009,El Arenal,0014,El Panchote,8.59
14,Jalisco,009,El Arenal,0020,Huertas el Zamorano [Asociación de Propietarios y Colonos],12.51
14,Jalisco,009,El Arenal,0030,Casa Blanca (El Camichín),8.48
14,Jalisco,009,El Arenal,0041,Rancho la Esmeralda,12.33
14,Jalisco,009,El Arenal,0043,Santa Sofía,17.33
14,Jalisco,009,El Arenal,0055,Rancho las Juntas,9.6
14,Jalisco,009,El Arenal,0057,Las Tortugas [Fraccionamiento],11.73
14,Jalisco,009,El Arenal,0065,Haciendas de Huaxtla,9.7
14,Jalisco,009,El Arenal,0067,Río Habitad (El Río Contry Club),14.38
14,Jalisco,009,El Arenal,0069,Emiliano Zapata,10.11
14,Jalisco,009,El Arenal,0071,Don Gil [Granja],8.3
14,Jalisco,009,El Arenal,0073,Padre Castro,10.06
14,Jalisco,009,El Arenal,0074,Puente de las Tortugas,11.25
14,Jalisco,009,El Arenal,0075,Rancho los Paraísos,6.5
14,Jalisco,009,El Arenal,0076,El Roble,12.25
14,Jalisco,009,El Arenal,0077,Los Robles,8.25
14,Jalisco,009,El Arenal,0078,Las Tortugas,10.86
14,Jalisco,009,El Arenal,0080,La Cima [Fraccionamiento],9.17
14,Jalisco,009,El Arenal,9998,Localidades de una vivienda,6.91
14,Jalisco,009,El Arenal,9999,Localidades de dos viviendas,10.11
14,Jalisco,010,Atemajac de Brizuela,0001,Atemajac de Brizuela,7.85
14,Jalisco,010,Atemajac de Brizuela,0003,Agua Caliente (Ranchos Nuevos),7.41
14,Jalisco,010,Atemajac de Brizuela,0016,Lagunillas,7.08
14,Jalisco,010,Atemajac de Brizuela,0023,Pueblo Nuevo,6.74
14,Jalisco,010,Atemajac de Brizuela,0024,San Cayetano (La Hermosura),0.88
14,Jalisco,010,Atemajac de Brizuela,0026,San Miguel,7.17
14,Jalisco,010,Atemajac de Brizuela,0027,El Tlacuache,5.14
14,Jalisco,010,Atemajac de Brizuela,0028,Telcome,4.74
14,Jalisco,010,Atemajac de Brizuela,0029,Tierra Blanca,6.5
14,Jalisco,010,Atemajac de Brizuela,0032,Las Varillas,6.63
14,Jalisco,010,Atemajac de Brizuela,0033,Yolosta,7.39
14,Jalisco,010,Atemajac de Brizuela,0051,El Jagüey,2.07
14,Jalisco,010,Atemajac de Brizuela,0052,Agua Blanca,4.88
14,Jalisco,010,Atemajac de Brizuela,0058,El Llano y la Alameda,3.29
14,Jalisco,010,Atemajac de Brizuela,9998,Localidades de una vivienda,7.6
14,Jalisco,011,Atengo,0001,Atengo,8.23
14,Jalisco,011,Atengo,0003,Agostadero,7.34
14,Jalisco,011,Atengo,0008,Cofradía de Lepe,7.04
14,Jalisco,011,Atengo,0009,Cofradía de Pimienta,6.33
14,Jalisco,011,Atengo,0011,Huaxtla,4.91
14,Jalisco,011,Atengo,0015,El Macuchi (La Trinidad),7.27
14,Jalisco,011,Atengo,0016,La Natividad,6.6
14,Jalisco,011,Atengo,0017,El Ojo de Agua,6.32
14,Jalisco,011,Atengo,0022,San Pedro la Chale,6.92
14,Jalisco,011,Atengo,0024,Soyatlán del Oro,7.9
14,Jalisco,011,Atengo,0026,Tacota,7.05
14,Jalisco,011,Atengo,0029,Trigo de Alteñas,5.92
14,Jalisco,011,Atengo,0030,Yerbabuena,5.76
14,Jalisco,011,Atengo,0047,Crucero (El Laurel),9.13
14,Jalisco,011,Atengo,9998,Localidades de una vivienda,8.13
14,Jalisco,012,Atenguillo,0001,Atenguillo,8.32
14,Jalisco,012,Atenguillo,0002,Acatitlán,4.5
14,Jalisco,012,Atenguillo,0003,El Agostadero,3.53
14,Jalisco,012,Atenguillo,0005,Ahuacatepec,8.1
14,Jalisco,012,Atenguillo,0010,El Caimán,4.71
14,Jalisco,012,Atenguillo,0013,La Capilla,4.4
14,Jalisco,012,Atenguillo,0016,Las Cebollas,7.1
14,Jalisco,012,Atenguillo,0021,Las Cruces,7.78
14,Jalisco,012,Atenguillo,0032,La Loma,6.43
14,Jalisco,012,Atenguillo,0038,El Mezquitillo,4.29
14,Jalisco,012,Atenguillo,0040,Milpillas,5.38
14,Jalisco,012,Atenguillo,0041,El Saucillo (El Molino),7.37
14,Jalisco,012,Atenguillo,0044,Ocote Chino,8.8
14,Jalisco,012,Atenguillo,0053,El Ranchito (Espíritu Santo),4.57
14,Jalisco,012,Atenguillo,0056,El Rodeo,7.43
14,Jalisco,012,Atenguillo,0058,El Salitrillo,7.4
14,Jalisco,012,Atenguillo,0059,El Salto,6.13
14,Jalisco,012,Atenguillo,0060,San Antonio de los Macedo,8.27
14,Jalisco,012,Atenguillo,0061,San José de los Andrade,7.57
14,Jalisco,012,Atenguillo,0063,San Juan de Ahuacatepec,9.13
14,Jalisco,012,Atenguillo,0064,San Pablo,5.05
14,Jalisco,012,Atenguillo,0066,Santa Bárbara,6.29
14,Jalisco,012,Atenguillo,0067,Santa Elena (Los Ailes),5.63
14,Jalisco,012,Atenguillo,0074,Los Volcanes,8.9
14,Jalisco,012,Atenguillo,0076,Yerbabuena,7.47
14,Jalisco,012,Atenguillo,0090,El Cárcamo,8.87
14,Jalisco,012,Atenguillo,0114,La Primavera,9
14,Jalisco,012,Atenguillo,0116,Colonia la Cruz de Atenguillo,7.2
14,Jalisco,012,Atenguillo,0119,Localidad Rural Atenguillo,4.8
14,Jalisco,012,Atenguillo,9998,Localidades de una vivienda,6.19
14,Jalisco,012,Atenguillo,9999,Localidades de dos viviendas,6.61
14,Jalisco,013,Atotonilco el Alto,0001,Atotonilco el Alto,9.1
14,Jalisco,013,Atotonilco el Alto,0002,Los Adobes,6.03
14,Jalisco,013,Atotonilco el Alto,0003,El Agua Caliente,6.76
14,Jalisco,013,Atotonilco el Alto,0004,Agua Fría,5.73
14,Jalisco,013,Atotonilco el Alto,0005,Agua Nueva,1.86
14,Jalisco,013,Atotonilco el Alto,0006,El Alacrán,6.57
14,Jalisco,013,Atotonilco el Alto,0008,La Angostura de los Altos (La Angostura),6.76
14,Jalisco,013,Atotonilco el Alto,0010,Arroyo Bonito,6
14,Jalisco,013,Atotonilco el Alto,0012,Barranca del Aguacate,5.04
14,Jalisco,013,Atotonilco el Alto,0016,El Castillo,5.27
14,Jalisco,013,Atotonilco el Alto,0017,El Centro,6.13
14,Jalisco,013,Atotonilco el Alto,0018,Ciénega del Pastor,6.39
14,Jalisco,013,Atotonilco el Alto,0019,La Compañía,6.13
14,Jalisco,013,Atotonilco el Alto,0023,Cucarachas,7.07
14,Jalisco,013,Atotonilco el Alto,0024,El Chapingo,6.55
14,Jalisco,013,Atotonilco el Alto,0025,El Charcón,8.75
14,Jalisco,013,Atotonilco el Alto,0026,El Destierro,4.97
14,Jalisco,013,Atotonilco el Alto,0028,La Esperanza,2.88
14,Jalisco,013,Atotonilco el Alto,0029,La Estancia de Navarro,6.2
14,Jalisco,013,Atotonilco el Alto,0030,San Francisco de Asís,6.92
14,Jalisco,013,Atotonilco el Alto,0032,Unión de Guadalupe (Rancho Guadalupe),5.87
14,Jalisco,013,Atotonilco el Alto,0036,Lagunillas,4.57
14,Jalisco,013,Atotonilco el Alto,0038,Los Laureles,5.88
14,Jalisco,013,Atotonilco el Alto,0043,El Maguey,6.35
14,Jalisco,013,Atotonilco el Alto,0044,Margaritas,8.83
14,Jalisco,013,Atotonilco el Alto,0045,La Mata,5.92
14,Jalisco,013,Atotonilco el Alto,0046,Mesa del Pino,5.89
14,Jalisco,013,Atotonilco el Alto,0047,Mesa de Solorio,5.26
14,Jalisco,013,Atotonilco el Alto,0048,Los Mesones,7.66
14,Jalisco,013,Atotonilco el Alto,0050,Milpillas,7.37
14,Jalisco,013,Atotonilco el Alto,0051,Nuevo Valle (Ex-Hacienda del Valle),6.17
14,Jalisco,013,Atotonilco el Alto,0052,Monte Largo,6.05
14,Jalisco,013,Atotonilco el Alto,0054,El Nacimiento,8.99
14,Jalisco,013,Atotonilco el Alto,0057,Ojo de Agua de Morán,6.32
14,Jalisco,013,Atotonilco el Alto,0058,Las Palmas,6.42
14,Jalisco,013,Atotonilco el Alto,0060,Los Cuates (La Pareja),6.11
14,Jalisco,013,Atotonilco el Alto,0061,Santa Rosa (La Tabla Colorada),4.96
14,Jalisco,013,Atotonilco el Alto,0065,La Purísima,6.67
14,Jalisco,013,Atotonilco el Alto,0067,La Raya,4.33
14,Jalisco,013,Atotonilco el Alto,0068,El Refugio de los Altos,6.17
14,Jalisco,013,Atotonilco el Alto,0069,El Refugio de los Bajos,7.06
14,Jalisco,013,Atotonilco el Alto,0070,Rinconada de Cristo Rey,5.52
14,Jalisco,013,Atotonilco el Alto,0074,Los Zalates,7.35
14,Jalisco,013,Atotonilco el Alto,0075,El Salvador (Los Zapateros),5.06
14,Jalisco,013,Atotonilco el Alto,0077,San Ángel,6.51
14,Jalisco,013,Atotonilco el Alto,0078,San Antonio de Fernández,7.25
14,Jalisco,013,Atotonilco el Alto,0080,San Gaspar,6.62
14,Jalisco,013,Atotonilco el Alto,0082,San Joaquín,7.27
14,Jalisco,013,Atotonilco el Alto,0083,San Juan de Potrerillos,5.2
14,Jalisco,013,Atotonilco el Alto,0084,San Juanico,5.61
14,Jalisco,013,Atotonilco el Alto,0089,San José del Valle,6.5
14,Jalisco,013,Atotonilco el Alto,0090,Santa Elena,7.19
14,Jalisco,013,Atotonilco el Alto,0091,Santa Lucía,4.3
14,Jalisco,013,Atotonilco el Alto,0092,Santa Quitería,8.6
14,Jalisco,013,Atotonilco el Alto,0093,Santa Rita de los Altos (La Angostura),2.33
14,Jalisco,013,Atotonilco el Alto,0096,San Vicente,4.64
14,Jalisco,013,Atotonilco el Alto,0098,La Soledad,5.97
14,Jalisco,013,Atotonilco el Alto,0099,El Tigre,4.71
14,Jalisco,013,Atotonilco el Alto,0101,Ejido el Valle (La Paz de Milpillas),8.23
14,Jalisco,013,Atotonilco el Alto,0105,La Zapotera,7
14,Jalisco,013,Atotonilco el Alto,0106,El Sopial,5.78
14,Jalisco,013,Atotonilco el Alto,0109,El Castillo [Granja],9.83
14,Jalisco,013,Atotonilco el Alto,0114,La Palma,6.61
14,Jalisco,013,Atotonilco el Alto,0121,Santa María las Colonias,6.29
14,Jalisco,013,Atotonilco el Alto,0125,La Providencia (Navarro),6.1
14,Jalisco,013,Atotonilco el Alto,0137,Las Palmas,9.09
14,Jalisco,013,Atotonilco el Alto,0145,Vistas del Maguey [Fraccionamiento],8.87
14,Jalisco,013,Atotonilco el Alto,0147,La Alfalfa,9.77
14,Jalisco,013,Atotonilco el Alto,0154,Cerrito de San Joaquín,7.74
14,Jalisco,013,Atotonilco el Alto,0155,El Carril [Granja],9.7
14,Jalisco,013,Atotonilco el Alto,0160,El Crucero de Santa Elena (El Bajío),7.25
14,Jalisco,013,Atotonilco el Alto,0165,El Fresno,9.71
14,Jalisco,013,Atotonilco el Alto,0166,Los Fresnos,6.9
14,Jalisco,013,Atotonilco el Alto,0167,Los Gavilanes,7.17
14,Jalisco,013,Atotonilco el Alto,0175,La Hacienda,9.13
14,Jalisco,013,Atotonilco el Alto,0191,El Monte,5.6
14,Jalisco,013,Atotonilco el Alto,0204,INFONAVIT Milpillas,9.98
14,Jalisco,013,Atotonilco el Alto,0212,Rancho de Yemila,7
14,Jalisco,013,Atotonilco el Alto,0215,La Estanzuela,6.92
14,Jalisco,013,Atotonilco el Alto,0219,Rancho Tirones,4
14,Jalisco,013,Atotonilco el Alto,0224,La Rosa de Castilla,9.57
14,Jalisco,013,Atotonilco el Alto,0225,La Rosa de Castilla,7.82
14,Jalisco,013,Atotonilco el Alto,0227,San Antonio,4.67
14,Jalisco,013,Atotonilco el Alto,0230,San Rafael de Montelargo,6.24
14,Jalisco,013,Atotonilco el Alto,0235,La Violeta,7.64
14,Jalisco,013,Atotonilco el Alto,0240,El Crucerito (El Bramido),8.02
14,Jalisco,013,Atotonilco el Alto,0241,La Sabinilla,7.12
14,Jalisco,013,Atotonilco el Alto,0243,San Antonio [Granjas],4.17
14,Jalisco,013,Atotonilco el Alto,9998,Localidades de una vivienda,6.17
14,Jalisco,013,Atotonilco el Alto,9999,Localidades de dos viviendas,5.43
14,Jalisco,014,Atoyac,0001,Atoyac,8.04
14,Jalisco,014,Atoyac,0006,El Carrizal (Los Laureles del Noveno),6.26
14,Jalisco,014,Atoyac,0008,Cuyacapan,7.08
14,Jalisco,014,Atoyac,0009,El Destacamento,5.65
14,Jalisco,014,Atoyac,0010,La Estancia,4.81
14,Jalisco,014,Atoyac,0013,Los Laureles,5.78
14,Jalisco,014,Atoyac,0015,El Monte de Jiménez,4.54
14,Jalisco,014,Atoyac,0020,Poncitlán,6.35
14,Jalisco,014,Atoyac,0023,San Juan,5.67
14,Jalisco,014,Atoyac,0024,San Rafael,2.83
14,Jalisco,014,Atoyac,0025,San Sebastián,2.44
14,Jalisco,014,Atoyac,0026,Techague,5.38
14,Jalisco,014,Atoyac,0028,Tultitán,7.78
14,Jalisco,014,Atoyac,0029,Unión de Guadalupe,6.48
14,Jalisco,014,Atoyac,0031,Los Amoles,4.85
14,Jalisco,014,Atoyac,0047,Los Fresnos,5.87
14,Jalisco,014,Atoyac,0063,Hacienda de la Lima,10.75
14,Jalisco,014,Atoyac,0071,Los Nogales,5.75
14,Jalisco,014,Atoyac,9998,Localidades de una vivienda,5.59
14,Jalisco,014,Atoyac,9999,Localidades de dos viviendas,5.18
14,Jalisco,015,Autlán de Navarro,0001,Autlán de Navarro,10.21
14,Jalisco,015,Autlán de Navarro,0003,Agua Hedionda,4.84
14,Jalisco,015,Autlán de Navarro,0005,Ahuacapán,7.44
14,Jalisco,015,Autlán de Navarro,0007,La Aldaba,7.44
14,Jalisco,015,Autlán de Navarro,0009,Ayutita,7.7
14,Jalisco,015,Autlán de Navarro,0011,Bellavista (El Castillo),7.23
14,Jalisco,015,Autlán de Navarro,0017,Casa de Piedra,9
14,Jalisco,015,Autlán de Navarro,0019,La Sidrita,6.31
14,Jalisco,015,Autlán de Navarro,0020,Colonia Melchor Ocampo (Zacapala),15.06
14,Jalisco,015,Autlán de Navarro,0022,El Corcovado,8.4
14,Jalisco,015,Autlán de Navarro,0023,Yerbabuena,6.19
14,Jalisco,015,Autlán de Navarro,0024,Cruz de Piedra,6.93
14,Jalisco,015,Autlán de Navarro,0025,El Chacalito,7.76
14,Jalisco,015,Autlán de Navarro,0027,El Chante,7.83
14,Jalisco,015,Autlán de Navarro,0028,Chiquihuitlán,7.02
14,Jalisco,015,Autlán de Navarro,0042,El Jalocote,7.11
14,Jalisco,015,Autlán de Navarro,0046,Las Lagunillas (Lagunillas),8.76
14,Jalisco,015,Autlán de Navarro,0047,La Lima de los Gómez,6.19
14,Jalisco,015,Autlán de Navarro,0048,El Limoncito,7.57
14,Jalisco,015,Autlán de Navarro,0053,El Mentidero,6.78
14,Jalisco,015,Autlán de Navarro,0055,Mezquitán (San Francisco de Abajo),8.84
14,Jalisco,015,Autlán de Navarro,0058,Molino de Fierro,5.25
14,Jalisco,015,Autlán de Navarro,0060,La Noria,7.16
14,Jalisco,015,Autlán de Navarro,0063,El Pabellón,9.67
14,Jalisco,015,Autlán de Navarro,0064,Las Paredes,8.4
14,Jalisco,015,Autlán de Navarro,0068,Los Pozos,6.05
14,Jalisco,015,Autlán de Navarro,0075,Rincón de Luisa,7.72
14,Jalisco,015,Autlán de Navarro,0077,El Rodeo,7.49
14,Jalisco,015,Autlán de Navarro,0081,Tecomatlán,6.84
14,Jalisco,015,Autlán de Navarro,0082,Tecopatlán,5.43
14,Jalisco,015,Autlán de Navarro,0085,La Tuna,7.63
14,Jalisco,015,Autlán de Navarro,0086,Volantín,6.68
14,Jalisco,015,Autlán de Navarro,0088,Zacapala,7.84
14,Jalisco,015,Autlán de Navarro,0102,Rancho Alegre,11
14,Jalisco,015,Autlán de Navarro,0108,Las Parotas,4.83
14,Jalisco,015,Autlán de Navarro,0112,Los Ahuilotes,7.38
14,Jalisco,015,Autlán de Navarro,0119,El Llano,6.68
14,Jalisco,015,Autlán de Navarro,0120,Las Peñitas,7
14,Jalisco,015,Autlán de Navarro,0131,Los Pochotillos,6.67
14,Jalisco,015,Autlán de Navarro,0152,Las Juntas,7.96
14,Jalisco,015,Autlán de Navarro,0160,El Armadillo,9
14,Jalisco,015,Autlán de Navarro,0213,La Piedrera,11
14,Jalisco,015,Autlán de Navarro,0239,El Sagrado Corazón,7.29
14,Jalisco,015,Autlán de Navarro,0242,La Soledad,6.15
14,Jalisco,015,Autlán de Navarro,0252,Potrero de los Saltillos,8.88
14,Jalisco,015,Autlán de Navarro,0265,San Juan de los Pelayo,11.04
14,Jalisco,015,Autlán de Navarro,0266,El Sacrificio,10.06
14,Jalisco,015,Autlán de Navarro,0296,La Higuera Sancona,5.63
14,Jalisco,015,Autlán de Navarro,0302,Jesús Flores,8.4
14,Jalisco,015,Autlán de Navarro,0309,Ninguno,11.06
14,Jalisco,015,Autlán de Navarro,0314,San Francisco [Microondas],5.62
14,Jalisco,015,Autlán de Navarro,0333,La Puerta de Enmedio,8.67
14,Jalisco,015,Autlán de Navarro,9998,Localidades de una vivienda,7.12
14,Jalisco,015,Autlán de Navarro,9999,Localidades de dos viviendas,7.43
14,Jalisco,016,Ayotlán,0001,Ayotlán,7.8
14,Jalisco,016,Ayotlán,0002,Acahuales (San Miguel de Acahuales),6.36
14,Jalisco,016,Ayotlán,0003,Agua Blanca,6.46
14,Jalisco,016,Ayotlán,0004,Agua Caliente,5.73
14,Jalisco,016,Ayotlán,0005,Los Aguacates,8.44
14,Jalisco,016,Ayotlán,0008,El Bajío,7.66
14,Jalisco,016,Ayotlán,0010,Betania,5.77
14,Jalisco,016,Ayotlán,0011,La Cañada del Molino,5.49
14,Jalisco,016,Ayotlán,0012,El Capulín,5.75
14,Jalisco,016,Ayotlán,0014,Carretas,6.7
14,Jalisco,016,Ayotlán,0017,El Cerrito de Lira,8.19
14,Jalisco,016,Ayotlán,0020,La Concepción,7.33
14,Jalisco,016,Ayotlán,0024,El Chaveño,5.05
14,Jalisco,016,Ayotlán,0027,La Esperanza,6
14,Jalisco,016,Ayotlán,0029,El Fraile,6.85
14,Jalisco,016,Ayotlán,0030,Los Fresnos (La Oficina),5.22
14,Jalisco,016,Ayotlán,0033,El Guayabo,7.47
14,Jalisco,016,Ayotlán,0035,Las Higueras,6.91
14,Jalisco,016,Ayotlán,0037,La Huerta Grande,5
14,Jalisco,016,Ayotlán,0038,La Isla,7.07
14,Jalisco,016,Ayotlán,0039,El Jaral,5.25
14,Jalisco,016,Ayotlán,0043,El Maluco,8.11
14,Jalisco,016,Ayotlán,0046,Mesa Colorada,3.69
14,Jalisco,016,Ayotlán,0047,Mirandillas,7.83
14,Jalisco,016,Ayotlán,0049,La Nopalera,6.98
14,Jalisco,016,Ayotlán,0050,La Noria,6.37
14,Jalisco,016,Ayotlán,0051,El Ojo de Agua,6.46
14,Jalisco,016,Ayotlán,0052,Los Once Pueblos,6
14,Jalisco,016,Ayotlán,0053,La Palma (La Angostura),5.75
14,Jalisco,016,Ayotlán,0054,Mesa de Méndez,3.5
14,Jalisco,016,Ayotlán,0055,Palo Blanco,6.22
14,Jalisco,016,Ayotlán,0069,El Quinto (El Tobillo),6.18
14,Jalisco,016,Ayotlán,0070,La Raya,8.6
14,Jalisco,016,Ayotlán,0071,Mesa del Rayo (El Rayo),3.75
14,Jalisco,016,Ayotlán,0072,La Ribera,6.57
14,Jalisco,016,Ayotlán,0073,El Rosario,7.83
14,Jalisco,016,Ayotlán,0075,El Salitre (La Bolsa),6
14,Jalisco,016,Ayotlán,0079,San Jerónimo,6.17
14,Jalisco,016,Ayotlán,0080,San José de Betania (El Piojo),4.56
14,Jalisco,016,Ayotlán,0082,Cañada de San Ignacio,7.25
14,Jalisco,016,Ayotlán,0083,San Lorenzo,5.69
14,Jalisco,016,Ayotlán,0085,San Rafael de Hernández (San Rafael),4.43
14,Jalisco,016,Ayotlán,0086,San Rafael de Montelargo,6.33
14,Jalisco,016,Ayotlán,0087,Santa Elena de la Cruz,6.09
14,Jalisco,016,Ayotlán,0089,Santa Rita,7.24
14,Jalisco,016,Ayotlán,0093,Colonia Lázaro Cárdenas (El Sicuicho),5.49
14,Jalisco,016,Ayotlán,0095,La Tijera,6.38
14,Jalisco,016,Ayotlán,0100,Torneros,5.08
14,Jalisco,016,Ayotlán,0101,La Providencia,6.8
14,Jalisco,016,Ayotlán,0103,Las Villas,5.37
14,Jalisco,016,Ayotlán,0104,El Zapote,4
14,Jalisco,016,Ayotlán,0108,San Miguel de Acahuales,7.02
14,Jalisco,016,Ayotlán,0114,El Capulín Blanco (Los Quiroz),7.44
14,Jalisco,016,Ayotlán,0115,El Alacrán,7.23
14,Jalisco,016,Ayotlán,0116,El Castillo (El Castillito),9.87
14,Jalisco,016,Ayotlán,0121,Panzacola,8.14
14,Jalisco,016,Ayotlán,0122,Bajío,4.71
14,Jalisco,016,Ayotlán,0124,El Caracol,8.62
14,Jalisco,016,Ayotlán,0133,La Estación de Acahuales (El Volantín),7.17
14,Jalisco,016,Ayotlán,0152,La Posta,10.5
14,Jalisco,016,Ayotlán,0161,El Salto (Rincón del Salto),6.44
14,Jalisco,016,Ayotlán,0170,Lomas de la Ladrillera,5.69
14,Jalisco,016,Ayotlán,9998,Localidades de una vivienda,7.45
14,Jalisco,016,Ayotlán,9999,Localidades de dos viviendas,4.64
14,Jalisco,017,Ayutla,0001,Ayutla,8.58
14,Jalisco,017,Ayutla,0005,Los Arrastres,7.22
14,Jalisco,017,Ayutla,0006,El Arrayán,7.54
14,Jalisco,017,Ayutla,0012,Buckingham,7.53
14,Jalisco,017,Ayutla,0013,Cacoma,7.28
14,Jalisco,017,Ayutla,0017,Los Callejones,4.13
14,Jalisco,017,Ayutla,0018,La Cañada del Carmen,6.08
14,Jalisco,017,Ayutla,0020,Casa Blanca,7.52
14,Jalisco,017,Ayutla,0026,El Colomo,6.36
14,Jalisco,017,Ayutla,0037,El Guamúchil,6.89
14,Jalisco,017,Ayutla,0056,Mezcala,5.85
14,Jalisco,017,Ayutla,0058,La Mora,7.29
14,Jalisco,017,Ayutla,0066,Paredones,6.09
14,Jalisco,017,Ayutla,0076,Potreritos,6.23
14,Jalisco,017,Ayutla,0078,La Presita,5.22
14,Jalisco,017,Ayutla,0083,El Roble Gordo,7
14,Jalisco,017,Ayutla,0084,El Rosario,6.99
14,Jalisco,017,Ayutla,0085,El Salto (Cerritos),7.71
14,Jalisco,017,Ayutla,0086,El Salto de Latillas,6.63
14,Jalisco,017,Ayutla,0087,San Antonio de los Morán,5.76
14,Jalisco,017,Ayutla,0088,San Francisco del Rincón,9.56
14,Jalisco,017,Ayutla,0093,San Juan Cacoma,7.07
14,Jalisco,017,Ayutla,0096,San Miguel de la Sierra,7.23
14,Jalisco,017,Ayutla,0097,San Pedro,7.84
14,Jalisco,017,Ayutla,0102,Santa Mónica (Ruiz Cortinez),6.92
14,Jalisco,017,Ayutla,0103,Santa Rosalía,7.12
14,Jalisco,017,Ayutla,0104,Santo Domingo,7.09
14,Jalisco,017,Ayutla,0105,Los Sauces,7.69
14,Jalisco,017,Ayutla,0110,El Tambor,6.89
14,Jalisco,017,Ayutla,0111,Tepantla,7.56
14,Jalisco,017,Ayutla,0112,Tepospizaloya,7.15
14,Jalisco,017,Ayutla,0116,El Vado,7.66
14,Jalisco,017,Ayutla,0119,Yerbabuena de las Palmas,6.4
14,Jalisco,017,Ayutla,0120,Yerbabuena de los León,3.69
14,Jalisco,017,Ayutla,0121,El Zapote de Chávez,7.15
14,Jalisco,017,Ayutla,0123,El Zapotillo,7.4
14,Jalisco,017,Ayutla,0124,El Zoquite,9.22
14,Jalisco,017,Ayutla,0134,La Joya Soledad y Tabernillas (La Joya),7
14,Jalisco,017,Ayutla,0135,La Mesa de los Nuño,8.68
14,Jalisco,017,Ayutla,0145,Las Peruleras,7.3
14,Jalisco,017,Ayutla,0181,La Victoria,6.86
14,Jalisco,017,Ayutla,0203,Ninguno [BORUCONSA],7.58
14,Jalisco,017,Ayutla,0206,Ameca,7
14,Jalisco,017,Ayutla,0214,Los Conos,8
14,Jalisco,017,Ayutla,0242,El Potrero Grande,7.8
14,Jalisco,017,Ayutla,0245,La Esperanza,8.45
14,Jalisco,017,Ayutla,0251,Colonia Capilla de Rayo,9.91
14,Jalisco,017,Ayutla,9998,Localidades de una vivienda,6.6
14,Jalisco,017,Ayutla,9999,Localidades de dos viviendas,7.16
14,Jalisco,018,La Barca,0001,La Barca,9.3
14,Jalisco,018,La Barca,0003,Los Ángeles,6.02
14,Jalisco,018,La Barca,0005,La Aurora,5.72
14,Jalisco,018,La Barca,0007,Buenavista (La Argolla),7.14
14,Jalisco,018,La Barca,0008,Los Canales,6.79
14,Jalisco,018,La Barca,0009,El Carmen,6.72
14,Jalisco,018,La Barca,0010,Carrasqueño,6.1
14,Jalisco,018,La Barca,0011,Cóndiro,6.88
14,Jalisco,018,La Barca,0012,La Estancia de San Juan de Dios,7.22
14,Jalisco,018,La Barca,0013,General Gabriel Leyva,7.1
14,Jalisco,018,La Barca,0015,El Gobernador,6.54
14,Jalisco,018,La Barca,0017,Guadalupe del Lerma,7.39
14,Jalisco,018,La Barca,0018,Los Guayabos,5.46
14,Jalisco,018,La Barca,0019,El Limón,8.17
14,Jalisco,018,La Barca,0022,El Lopeño (Guajazo),5.4
14,Jalisco,018,La Barca,0023,El Loreto Occidental,6.93
14,Jalisco,018,La Barca,0024,El Mirto,7.17
14,Jalisco,018,La Barca,0026,La Paz de Ordaz,7.63
14,Jalisco,018,La Barca,0027,Portezuelo,7.33
14,Jalisco,018,La Barca,0028,La Providencia,7.09
14,Jalisco,018,La Barca,0029,La Puerta de Guamúchil,7.8
14,Jalisco,018,La Barca,0031,San Antonio de Rivas,7.69
14,Jalisco,018,La Barca,0032,San Francisco de Rivas,7.33
14,Jalisco,018,La Barca,0033,San José Casas Caídas,7.77
14,Jalisco,018,La Barca,0034,San José de las Moras,8.08
14,Jalisco,018,La Barca,0036,San Pedro de Ruiz,7.77
14,Jalisco,018,La Barca,0037,San Ramón,6.95
14,Jalisco,018,La Barca,0038,Santa Lucía,6.85
14,Jalisco,018,La Barca,0039,Hacienda del Tarengo,6.66
14,Jalisco,018,La Barca,0040,Zalamea,7.63
14,Jalisco,018,La Barca,0041,La Becerrera,8.92
14,Jalisco,018,La Barca,0055,Kilómetro Dos,8.21
14,Jalisco,018,La Barca,0060,Villa de García Márquez (El Tarengo Nuevo),6.75
14,Jalisco,018,La Barca,0061,El Rincón de Portezuelo,3.65
14,Jalisco,018,La Barca,0062,La Esperanza (El Ombligo),5.76
14,Jalisco,018,La Barca,0112,La Casa de José,7.17
14,Jalisco,018,La Barca,0195,La Presa de Abajo,9.11
14,Jalisco,018,La Barca,0220,La Reserva,8.33
14,Jalisco,018,La Barca,0240,El Chorro,10.14
14,Jalisco,018,La Barca,0251,El Desarrollo,5.18
14,Jalisco,018,La Barca,9998,Localidades de una vivienda,8.32
14,Jalisco,018,La Barca,9999,Localidades de dos viviendas,8.22
14,Jalisco,019,Bolaños,0001,Bolaños,8.62
14,Jalisco,019,Bolaños,0013,Barranca del Tule,5.67
14,Jalisco,019,Bolaños,0017,Borrotes (Barrotes de Abajo),4.43
14,Jalisco,019,Bolaños,0023,El Carrizal,4.07
14,Jalisco,019,Bolaños,0026,La Ceja,4.61
14,Jalisco,019,Bolaños,0027,Los Cerritos,5.5
14,Jalisco,019,Bolaños,0032,Las Colonias (Colonia San Manuel),10.46
14,Jalisco,019,Bolaños,0035,Coamostita,5.01
14,Jalisco,019,Bolaños,0036,La Cumbre,3
14,Jalisco,019,Bolaños,0040,La Flecha,4.42
14,Jalisco,019,Bolaños,0050,Huilacatitlán (Huila),7.16
14,Jalisco,019,Bolaños,0052,Huizaista,8.03
14,Jalisco,019,Bolaños,0063,El Maguey,6.56
14,Jalisco,019,Bolaños,0070,Mesa de los Sabinos (Rancho el Puertecito),5.16
14,Jalisco,019,Bolaños,0072,Mesa del Retiro,1.83
14,Jalisco,019,Bolaños,0073,Mezquitic,6.71
14,Jalisco,019,Bolaños,0085,La Playita,8.2
14,Jalisco,019,Bolaños,0092,El Refugio (El Gallinero),5.57
14,Jalisco,019,Bolaños,0094,Rincón Verde,4.44
14,Jalisco,019,Bolaños,0100,El Saucillo,5.49
14,Jalisco,019,Bolaños,0101,Tepamera,5.45
14,Jalisco,019,Bolaños,0102,El Tepec,7.97
14,Jalisco,019,Bolaños,0103,Tepic,5.2
14,Jalisco,019,Bolaños,0109,Tuxpan de Bolaños,7.92
14,Jalisco,019,Bolaños,0110,El Vallecito,5.88
14,Jalisco,019,Bolaños,0111,Veta Rica,4.32
14,Jalisco,019,Bolaños,0114,Viscuasta,5.75
14,Jalisco,019,Bolaños,0133,Mesa de Pajaritos,4.5
14,Jalisco,019,Bolaños,0137,Mucatorra (Tierra Blanca),4.35
14,Jalisco,019,Bolaños,0138,El Manguito,6.8
14,Jalisco,019,Bolaños,0153,La Berenjena,4.55
14,Jalisco,019,Bolaños,0165,El Jomate,8.57
14,Jalisco,019,Bolaños,0167,Las Minitas,5.67
14,Jalisco,019,Bolaños,0174,Amolera,6.7
14,Jalisco,019,Bolaños,0177,Las Colonias,3.83
14,Jalisco,019,Bolaños,0193,La Mesa del Pino,6.28
14,Jalisco,019,Bolaños,0197,El Carrizo (Los Arados),4.5
14,Jalisco,019,Bolaños,0200,La Barranca,4.17
14,Jalisco,019,Bolaños,0201,Barranquilla,6.66
14,Jalisco,019,Bolaños,0217,El Rosarito,6.2
14,Jalisco,019,Bolaños,0221,Bajío del Tule,5.08
14,Jalisco,019,Bolaños,0238,Viboritas,10.24
14,Jalisco,019,Bolaños,0239,La Escondida,4.29
14,Jalisco,019,Bolaños,0261,El Conejo (Agua Bendita),6.15
14,Jalisco,019,Bolaños,0263,El Banco del Venado,6.49
14,Jalisco,019,Bolaños,0266,Angostura,7.2
14,Jalisco,019,Bolaños,0275,Vida Alegre,7.38
14,Jalisco,019,Bolaños,0287,Pajarito,4.6
14,Jalisco,019,Bolaños,0296,El Pueblito,4.18
14,Jalisco,019,Bolaños,0335,Cañada del Durazno,6
14,Jalisco,019,Bolaños,0340,Mesa del Carrizal,6.25
14,Jalisco,019,Bolaños,0350,Rancho de Agua (Angostadura),5
14,Jalisco,019,Bolaños,0362,Palo Verde,2.5
14,Jalisco,019,Bolaños,0375,La Batalla,6.18
14,Jalisco,019,Bolaños,0377,Los Carretones,3.79
14,Jalisco,019,Bolaños,0384,El Ochote,5.29
14,Jalisco,019,Bolaños,0400,Las Canoas,4.6
14,Jalisco,019,Bolaños,0413,Rancho el Lobo,2.4
14,Jalisco,019,Bolaños,0417,El Zalate,4.8
14,Jalisco,019,Bolaños,0425,Las Cañadas,3.27
14,Jalisco,019,Bolaños,0428,Crucero de Ocota,4.57
14,Jalisco,019,Bolaños,9998,Localidades de una vivienda,5.02
14,Jalisco,019,Bolaños,9999,Localidades de dos viviendas,6.41
14,Jalisco,020,Cabo Corrientes,0001,El Tuito,8.64
14,Jalisco,020,Cabo Corrientes,0007,Las Ánimas de Quimixto,7.39
14,Jalisco,020,Cabo Corrientes,0020,Chacala,7.22
14,Jalisco,020,Cabo Corrientes,0021,Chimo,6.64
14,Jalisco,020,Cabo Corrientes,0022,El Divisadero,8.8
14,Jalisco,020,Cabo Corrientes,0033,El Horconcito,4.33
14,Jalisco,020,Cabo Corrientes,0034,Ipala,7.28
14,Jalisco,020,Cabo Corrientes,0035,Ixtlahuahuey,6.62
14,Jalisco,020,Cabo Corrientes,0037,Las Juntas y los Veranos,8.38
14,Jalisco,020,Cabo Corrientes,0038,Las Juntas del Tuito (Puente la Puchiteca),6.54
14,Jalisco,020,Cabo Corrientes,0041,Llano Grande de Ipala,6.79
14,Jalisco,020,Cabo Corrientes,0043,El Malpaso,7
14,Jalisco,020,Cabo Corrientes,0053,Paulo,5.69
14,Jalisco,020,Cabo Corrientes,0055,La Piedra Pesada,5
14,Jalisco,020,Cabo Corrientes,0057,Pizota,6.36
14,Jalisco,020,Cabo Corrientes,0060,Potrerillos del Tuito,4.38
14,Jalisco,020,Cabo Corrientes,0062,Quimixto,8.03
14,Jalisco,020,Cabo Corrientes,0063,Los Rastrojos,5.77
14,Jalisco,020,Cabo Corrientes,0064,El Refugio Suchitlán (La Congregación),7.9
14,Jalisco,020,Cabo Corrientes,0065,El Rincón de los Olotes (El Rincón),5.81
14,Jalisco,020,Cabo Corrientes,0066,La Sauceda,6.8
14,Jalisco,020,Cabo Corrientes,0069,Santa Cruz del Tuito,5.45
14,Jalisco,020,Cabo Corrientes,0070,Yelapa,7.75
14,Jalisco,020,Cabo Corrientes,0073,La Puerta,6.74
14,Jalisco,020,Cabo Corrientes,0074,Pedro Moreno,6.56
14,Jalisco,020,Cabo Corrientes,0075,El Columpio,7.17
14,Jalisco,020,Cabo Corrientes,0076,Parajes de las Palomas,8.83
14,Jalisco,020,Cabo Corrientes,0078,José María Morelos (Agua Zarca),5.67
14,Jalisco,020,Cabo Corrientes,0079,Aquiles Serdán,5.88
14,Jalisco,020,Cabo Corrientes,0082,Los Corrales,6.92
14,Jalisco,020,Cabo Corrientes,0087,Villa del Mar,8.52
14,Jalisco,020,Cabo Corrientes,0088,Tehuamixtle (Tehualmixtle),8.83
14,Jalisco,020,Cabo Corrientes,0090,Los Cuates,2.75
14,Jalisco,020,Cabo Corrientes,0091,El Turco,4.33
14,Jalisco,020,Cabo Corrientes,0092,Zicatán,7.38
14,Jalisco,020,Cabo Corrientes,0097,Agua Caliente,6.45
14,Jalisco,020,Cabo Corrientes,0106,Tiopa,5.6
14,Jalisco,020,Cabo Corrientes,0107,La Parota,5.45
14,Jalisco,020,Cabo Corrientes,0109,El Algodón,6.78
14,Jalisco,020,Cabo Corrientes,0111,Bioto,5.59
14,Jalisco,020,Cabo Corrientes,0114,Tlalpuyeque,6.61
14,Jalisco,020,Cabo Corrientes,0116,El Agüilote (Las Parejas),9.5
14,Jalisco,020,Cabo Corrientes,0117,Mascotita,6.92
14,Jalisco,020,Cabo Corrientes,0121,Maito,8.01
14,Jalisco,020,Cabo Corrientes,0123,Peregrina de Gómez (La Boquita),5.85
14,Jalisco,020,Cabo Corrientes,0127,Emiliano Zapata,5.46
14,Jalisco,020,Cabo Corrientes,0129,Los Horcones,6
14,Jalisco,020,Cabo Corrientes,0130,Naranjitos (Arroyo Seco),7.37
14,Jalisco,020,Cabo Corrientes,0131,Las Playitas (Adolfo López Mateos),6.55
14,Jalisco,020,Cabo Corrientes,0134,Las Guásimas,6.47
14,Jalisco,020,Cabo Corrientes,0136,Llano de los Laureles,7.51
14,Jalisco,020,Cabo Corrientes,0148,Tepehuajillo,4.25
14,Jalisco,020,Cabo Corrientes,0152,Las Pilas (Las Pilitas),7.75
14,Jalisco,020,Cabo Corrientes,0155,El Toro,5.07
14,Jalisco,020,Cabo Corrientes,0164,La Parota (Naranjitos),6.14
14,Jalisco,020,Cabo Corrientes,0196,La Caña,9.56
14,Jalisco,020,Cabo Corrientes,0213,Graciano Sánchez,6.2
14,Jalisco,020,Cabo Corrientes,0217,Llano de las Panochas,7.27
14,Jalisco,020,Cabo Corrientes,0225,Plan del Naranjo,6.5
14,Jalisco,020,Cabo Corrientes,0234,Los Tocales,5.75
14,Jalisco,020,Cabo Corrientes,0238,Coyonzalo,6.6
14,Jalisco,020,Cabo Corrientes,0248,La Puntilla de Maito,10.91
14,Jalisco,020,Cabo Corrientes,0260,La Ciénega,6.64
14,Jalisco,020,Cabo Corrientes,0263,La Curva de las Cruces,7.23
14,Jalisco,020,Cabo Corrientes,0264,Los Espinos,5.87
14,Jalisco,020,Cabo Corrientes,0273,El Naranjo,6.8
14,Jalisco,020,Cabo Corrientes,0297,Rancho la Hermosa,6.04
14,Jalisco,020,Cabo Corrientes,9998,Localidades de una vivienda,6.18
14,Jalisco,020,Cabo Corrientes,9999,Localidades de dos viviendas,7.31
14,Jalisco,021,Casimiro Castillo,0001,La Resolana,8.67
14,Jalisco,021,Casimiro Castillo,0002,Las Abejas,7.32
14,Jalisco,021,Casimiro Castillo,0003,Lo Arado,7.71
14,Jalisco,021,Casimiro Castillo,0008,Coyamel (El Coyame),7.24
14,Jalisco,021,Casimiro Castillo,0011,El Chico,7.13
14,Jalisco,021,Casimiro Castillo,0015,Piedra Pesada,7.02
14,Jalisco,021,Casimiro Castillo,0018,Tecomates,7.35
14,Jalisco,021,Casimiro Castillo,0020,El Zapotillo,7.71
14,Jalisco,021,Casimiro Castillo,0021,Francisco I. Madero (El Naranjal),7.39
14,Jalisco,021,Casimiro Castillo,0024,Ejido Modelo,7.25
14,Jalisco,021,Casimiro Castillo,0034,Nuevo Ejido Corral de Piedra,7.91
14,Jalisco,021,Casimiro Castillo,0042,Nuevo Centro de Población Benito Juárez,7.62
14,Jalisco,021,Casimiro Castillo,0044,Nuevo Centro de Población las Ramas,7.16
14,Jalisco,021,Casimiro Castillo,0061,El Bayuelo (Los Contreras),4.89
14,Jalisco,021,Casimiro Castillo,0104,Colonia Lindavista,6.57
14,Jalisco,021,Casimiro Castillo,9998,Localidades de una vivienda,7.59
14,Jalisco,021,Casimiro Castillo,9999,Localidades de dos viviendas,6.43
14,Jalisco,022,Cihuatlán,0001,Cihuatlán,8.36
14,Jalisco,022,Cihuatlán,0002,El Aguacate,7.86
14,Jalisco,022,Cihuatlán,0003,El Aguacatillo,4.6
14,Jalisco,022,Cihuatlán,0004,Aquiles Serdán (Arroyo Hondo),5.45
14,Jalisco,022,Cihuatlán,0006,Barra de Navidad,8.7
14,Jalisco,022,Cihuatlán,0007,El Bonete,6.8
14,Jalisco,022,Cihuatlán,0009,Emiliano Zapata (El Ranchito),7.99
14,Jalisco,022,Cihuatlán,0016,Jaluco,8.58
14,Jalisco,022,Cihuatlán,0017,Lázaro Cárdenas,7.42
14,Jalisco,022,Cihuatlán,0030,El Rebalse,7.6
14,Jalisco,022,Cihuatlán,0033,San Patricio (Melaque),8.83
14,Jalisco,022,Cihuatlán,0034,Peñitas y Truchas,6.22
14,Jalisco,022,Cihuatlán,0047,Cuastecomate,9.87
14,Jalisco,022,Cihuatlán,0058,La Paz,8.21
14,Jalisco,022,Cihuatlán,0059,El Carrizal,5.92
14,Jalisco,022,Cihuatlán,0062,La Cañada,6.14
14,Jalisco,022,Cihuatlán,0069,La Calera,10.13
14,Jalisco,022,Cihuatlán,0102,San Ignacio de Loyola (Colonia San Ignacio),7.91
14,Jalisco,022,Cihuatlán,0103,Colonia el Herradero (Camino al Almolón),8.72
14,Jalisco,022,Cihuatlán,0107,Los Obeliscos,6.06
14,Jalisco,022,Cihuatlán,0109,Colonia Pinal Villa,7.4
14,Jalisco,022,Cihuatlán,0120,Santa Cecilia,5.56
14,Jalisco,022,Cihuatlán,0133,Los Ingenios,7.13
14,Jalisco,022,Cihuatlán,0141,Potrerito de Don Andrés,5.55
14,Jalisco,022,Cihuatlán,0147,Santa Fe,6.49
14,Jalisco,022,Cihuatlán,0151,Brisas de la Navidad (El Gallo Colorado),10.32
14,Jalisco,022,Cihuatlán,0157,Rancho San José,6.78
14,Jalisco,022,Cihuatlán,9998,Localidades de una vivienda,7.04
14,Jalisco,022,Cihuatlán,9999,Localidades de dos viviendas,7.12
14,Jalisco,023,Zapotlán el Grande,0001,Ciudad Guzmán,10.62
14,Jalisco,023,Zapotlán el Grande,0003,Atequizayán,7.09
14,Jalisco,023,Zapotlán el Grande,0005,Los Depósitos,6.68
14,Jalisco,023,Zapotlán el Grande,0008,La Mesa (El Fresnito),8.08
14,Jalisco,023,Zapotlán el Grande,0024,Apastepetl,9.65
14,Jalisco,023,Zapotlán el Grande,0028,La Fortuna,9.26
14,Jalisco,023,Zapotlán el Grande,0206,San Rafael,10.43
14,Jalisco,023,Zapotlán el Grande,0232,Loma del Ocotillo,6.75
14,Jalisco,023,Zapotlán el Grande,0234,Antorcha Campesina,7.69
14,Jalisco,023,Zapotlán el Grande,0235,La Colmena,7.34
14,Jalisco,023,Zapotlán el Grande,0237,Mariano Otero,9.71
14,Jalisco,023,Zapotlán el Grande,9998,Localidades de una vivienda,7.77
14,Jalisco,023,Zapotlán el Grande,9999,Localidades de dos viviendas,10.78
14,Jalisco,024,Cocula,0001,Cocula,9.5
14,Jalisco,024,Cocula,0002,Agua Caliente,8.57
14,Jalisco,024,Cocula,0003,Arroyo Colorado,7.3
14,Jalisco,024,Cocula,0004,Camajapa,7.94
14,Jalisco,024,Cocula,0005,Camichines,6.86
14,Jalisco,024,Cocula,0007,La Cofradía de la Luz,7.65
14,Jalisco,024,Cocula,0008,Colimilla,7.66
14,Jalisco,024,Cocula,0010,El Chivatillo (San Isidro),7.5
14,Jalisco,024,Cocula,0011,La Estanzuela,7.21
14,Jalisco,024,Cocula,0013,Los Parajes,8.3
14,Jalisco,024,Cocula,0015,La Puerta del Borrego,6.93
14,Jalisco,024,Cocula,0016,La Taberna,6.76
14,Jalisco,024,Cocula,0017,San Nicolás (San Nicolás Acuña),7.31
14,Jalisco,024,Cocula,0018,San Pablo,8
14,Jalisco,024,Cocula,0019,Santa María,8.28
14,Jalisco,024,Cocula,0020,Santa Rosa de Lima,8.55
14,Jalisco,024,Cocula,0021,Santa Teresa,7.37
14,Jalisco,024,Cocula,0022,La Sauceda,7.03
14,Jalisco,024,Cocula,0023,El Saucillo,7.14
14,Jalisco,024,Cocula,0024,Tateposco (San José Tateposco),6.76
14,Jalisco,024,Cocula,0041,La Palma [Granja],2.5
14,Jalisco,024,Cocula,0058,El Conde,7.68
14,Jalisco,024,Cocula,0062,Las Paredes,9.44
14,Jalisco,024,Cocula,0066,La Purísima,8.89
14,Jalisco,024,Cocula,9998,Localidades de una vivienda,9
14,Jalisco,024,Cocula,9999,Localidades de dos viviendas,9.31
14,Jalisco,025,Colotlán,0001,Colotlán,10.29
14,Jalisco,025,Colotlán,0005,Agua Gorda,7.45
14,Jalisco,025,Colotlán,0006,Los Aguajes,5.83
14,Jalisco,025,Colotlán,0008,Agua Zarquita,4
14,Jalisco,025,Colotlán,0012,Campestre Paraíso [Fraccionamiento],14.5
14,Jalisco,025,Colotlán,0013,La Boquilla de los Pérez,7
14,Jalisco,025,Colotlán,0016,Canoas de Abajo,9.78
14,Jalisco,025,Colotlán,0018,La Cañada,6.57
14,Jalisco,025,Colotlán,0020,El Carrizal,5.73
14,Jalisco,025,Colotlán,0023,Casa Llanta,7.28
14,Jalisco,025,Colotlán,0026,Ciénega de los Alejos,6.6
14,Jalisco,025,Colotlán,0028,La Cofradía,7.59
14,Jalisco,025,Colotlán,0031,Dolores,6.68
14,Jalisco,025,Colotlán,0032,El Epazote,6.03
14,Jalisco,025,Colotlán,0035,Los Huízar (Los Huízares),7.14
14,Jalisco,025,Colotlán,0037,Jalisco del Refugio (Jalisco),6.02
14,Jalisco,025,Colotlán,0042,Mesa de Guadalupe,8.64
14,Jalisco,025,Colotlán,0043,Mesa de Flores,6.18
14,Jalisco,025,Colotlán,0045,La Montosa,4.56
14,Jalisco,025,Colotlán,0051,Tulimic de Ramos,4.11
14,Jalisco,025,Colotlán,0058,San Antonio de las Lajas,6.74
14,Jalisco,025,Colotlán,0061,San Francisco del Refugio,8.97
14,Jalisco,025,Colotlán,0062,San Nicolás,6.3
14,Jalisco,025,Colotlán,0065,San Rafael del Refugio,6.07
14,Jalisco,025,Colotlán,0066,Santiago Tlatelolco (Santiago),8.98
14,Jalisco,025,Colotlán,0067,El Saucillo de los Pérez,6.97
14,Jalisco,025,Colotlán,0068,Sauz Tostado,5.76
14,Jalisco,025,Colotlán,0070,Tepuliche,5.95
14,Jalisco,025,Colotlán,0075,Tulimic de Guadalupe,5.86
14,Jalisco,025,Colotlán,0076,Tulimic del Rosario,5.85
14,Jalisco,025,Colotlán,0079,Los Véliz,6.42
14,Jalisco,025,Colotlán,0080,Zapote de Abajo,4.13
14,Jalisco,025,Colotlán,0085,El Terrero,7.55
14,Jalisco,025,Colotlán,0089,Canoas de Arriba,9.51
14,Jalisco,025,Colotlán,0099,Las Lajas,7.33
14,Jalisco,025,Colotlán,0119,La Laguna,9.29
14,Jalisco,025,Colotlán,0120,El Cerro,6.41
14,Jalisco,025,Colotlán,0130,Rancho los Pinedo [La Granja],4.17
14,Jalisco,025,Colotlán,0135,Bajío de Tochopa,2.92
14,Jalisco,025,Colotlán,0136,Cerrito Verde,6.67
14,Jalisco,025,Colotlán,0143,Barrio de San Juan,6.25
14,Jalisco,025,Colotlán,0149,La Campana (San Calistrán),8.78
14,Jalisco,025,Colotlán,0169,Las Minitas,7.1
14,Jalisco,025,Colotlán,0178,Los Planes de los Raygoza,6.5
14,Jalisco,025,Colotlán,0190,La Tiricia,7.21
14,Jalisco,025,Colotlán,0193,Las Trojes,9.87
14,Jalisco,025,Colotlán,0195,La Capilla,6.1
14,Jalisco,025,Colotlán,0196,Las Golondrinas [Fraccionamiento],10.17
14,Jalisco,025,Colotlán,9998,Localidades de una vivienda,8
14,Jalisco,025,Colotlán,9999,Localidades de dos viviendas,4.57
14,Jalisco,026,Concepción de Buenos Aires,0001,Concepción de Buenos Aires,7.77
14,Jalisco,026,Concepción de Buenos Aires,0005,Barranca la Primavera (Barranca del Muerto),4.56
14,Jalisco,026,Concepción de Buenos Aires,0009,Cruz de Tierra,7
14,Jalisco,026,Concepción de Buenos Aires,0018,El Mesón,6.9
14,Jalisco,026,Concepción de Buenos Aires,0021,Paso de la Yerbabuena,6.71
14,Jalisco,026,Concepción de Buenos Aires,0024,Rancho Viejo,6.18
14,Jalisco,026,Concepción de Buenos Aires,0025,El Recreo (Agua Caliente),4.2
14,Jalisco,026,Concepción de Buenos Aires,0030,Los Sauces,7.23
14,Jalisco,026,Concepción de Buenos Aires,0031,Toluquilla,6.38
14,Jalisco,026,Concepción de Buenos Aires,0032,Valle Florido,4.75
14,Jalisco,026,Concepción de Buenos Aires,0223,Guadalajarita,8.5
14,Jalisco,026,Concepción de Buenos Aires,0239,El Varal (El Varal de las Rosas),7.2
14,Jalisco,026,Concepción de Buenos Aires,0242,La Máquina,6.51
14,Jalisco,026,Concepción de Buenos Aires,0243,Santa Gertrudis,6.37
14,Jalisco,026,Concepción de Buenos Aires,0244,Colonia Lázaro Cárdenas del Río,6.8
14,Jalisco,026,Concepción de Buenos Aires,9998,Localidades de una vivienda,5.45
14,Jalisco,027,Cuautitlán de García Barragán,0001,Cuautitlán de García Barragán,8.79
14,Jalisco,027,Cuautitlán de García Barragán,0005,El Almolón,5.97
14,Jalisco,027,Cuautitlán de García Barragán,0008,El Arrayán,5.27
14,Jalisco,027,Cuautitlán de García Barragán,0010,La Astilla,6.23
14,Jalisco,027,Cuautitlán de García Barragán,0012,Ayotitlán,7.44
14,Jalisco,027,Cuautitlán de García Barragán,0014,Las Canoitas,5.91
14,Jalisco,027,Cuautitlán de García Barragán,0021,Cerro Prieto,6.82
14,Jalisco,027,Cuautitlán de García Barragán,0029,Crucecitas,4.25
14,Jalisco,027,Cuautitlán de García Barragán,0030,Cuzalapa,7.01
14,Jalisco,027,Cuautitlán de García Barragán,0031,Chacala,7.49
14,Jalisco,027,Cuautitlán de García Barragán,0032,Chancol,7.42
14,Jalisco,027,Cuautitlán de García Barragán,0033,Chanquehahuil,6.9
14,Jalisco,027,Cuautitlán de García Barragán,0034,Charco Azul,6.56
14,Jalisco,027,Cuautitlán de García Barragán,0035,El Chico,6.76
14,Jalisco,027,Cuautitlán de García Barragán,0038,El Durazno,5.36
14,Jalisco,027,Cuautitlán de García Barragán,0040,Los Espinos,5.31
14,Jalisco,027,Cuautitlán de García Barragán,0042,Las Gardenias,9.14
14,Jalisco,027,Cuautitlán de García Barragán,0043,La Guaca,8.08
14,Jalisco,027,Cuautitlán de García Barragán,0044,La Guadalupe,5.29
14,Jalisco,027,Cuautitlán de García Barragán,0051,Las Lagunillas de Ayotitlán,6.83
14,Jalisco,027,Cuautitlán de García Barragán,0054,Los Llanitos (Tepejilote),5.87
14,Jalisco,027,Cuautitlán de García Barragán,0055,Llano Grande,6.29
14,Jalisco,027,Cuautitlán de García Barragán,0056,Lagunillas de Macoaca (Lagunillas),7.43
14,Jalisco,027,Cuautitlán de García Barragán,0059,Las Maderas,7.59
14,Jalisco,027,Cuautitlán de García Barragán,0060,Mameyito,6.69
14,Jalisco,027,Cuautitlán de García Barragán,0061,Manantlán,3.75
14,Jalisco,027,Cuautitlán de García Barragán,0063,Las Marías,7.31
14,Jalisco,027,Cuautitlán de García Barragán,0067,Mojoneras,6.18
14,Jalisco,027,Cuautitlán de García Barragán,0068,La Nance,6.02
14,Jalisco,027,Cuautitlán de García Barragán,0071,Ocote Arco (Rincón de Ayotitlán),8.02
14,Jalisco,027,Cuautitlán de García Barragán,0076,La Pareja,6.29
14,Jalisco,027,Cuautitlán de García Barragán,0080,Paso Real,7.11
14,Jalisco,027,Cuautitlán de García Barragán,0081,Pedregal,6.42
14,Jalisco,027,Cuautitlán de García Barragán,0084,La Piedra,5.97
14,Jalisco,027,Cuautitlán de García Barragán,0087,Plan de Méndez,6.53
14,Jalisco,027,Cuautitlán de García Barragán,0092,Quiroma,8.38
14,Jalisco,027,Cuautitlán de García Barragán,0093,Rancho Viejo,5.89
14,Jalisco,027,Cuautitlán de García Barragán,0095,El Refugio (El Tepehuaje),7.04
14,Jalisco,027,Cuautitlán de García Barragán,0096,Casa Blanca (Revolución Mexicana),7.31
14,Jalisco,027,Cuautitlán de García Barragán,0099,La Rosa,7.08
14,Jalisco,027,Cuautitlán de García Barragán,0101,Plan de San Antonio (San Antonio),4.68
14,Jalisco,027,Cuautitlán de García Barragán,0103,San Miguel,7.21
14,Jalisco,027,Cuautitlán de García Barragán,0104,Santa Rosa,6.94
14,Jalisco,027,Cuautitlán de García Barragán,0106,Sehuaya,7.14
14,Jalisco,027,Cuautitlán de García Barragán,0110,Telcrucito,6.2
14,Jalisco,027,Cuautitlán de García Barragán,0111,Telcruz,7.48
14,Jalisco,027,Cuautitlán de García Barragán,0114,Tequesquitlán,7.31
14,Jalisco,027,Cuautitlán de García Barragán,0115,Los Terreros,6.64
14,Jalisco,027,Cuautitlán de García Barragán,0116,Los Terreros de Ayotitlán,6.24
14,Jalisco,027,Cuautitlán de García Barragán,0121,El Vigía,5.7
14,Jalisco,027,Cuautitlán de García Barragán,0128,Champulga,6.57
14,Jalisco,027,Cuautitlán de García Barragán,0129,Patitas,8.12
14,Jalisco,027,Cuautitlán de García Barragán,0138,Changavilán,6.06
14,Jalisco,027,Cuautitlán de García Barragán,0148,El Cerrón (Los Izotes),7.2
14,Jalisco,027,Cuautitlán de García Barragán,0150,Cortapico,6.31
14,Jalisco,027,Cuautitlán de García Barragán,0152,Tierras Blancas,6.38
14,Jalisco,027,Cuautitlán de García Barragán,0162,Las Cañadas,5.68
14,Jalisco,027,Cuautitlán de García Barragán,0163,Los Sauces,6.39
14,Jalisco,027,Cuautitlán de García Barragán,0164,La Hacienda,6.37
14,Jalisco,027,Cuautitlán de García Barragán,0165,Tierras Negras,6.87
14,Jalisco,027,Cuautitlán de García Barragán,0167,Loma Colorada,5.5
14,Jalisco,027,Cuautitlán de García Barragán,0168,Telcrucito de Piedra Pintada (La Cuerilla),7.38
14,Jalisco,027,Cuautitlán de García Barragán,0174,Los Ocotes (La Ocotera),6.63
14,Jalisco,027,Cuautitlán de García Barragán,0192,Las Carboneras,5.13
14,Jalisco,027,Cuautitlán de García Barragán,0199,La Guayaba,6.74
14,Jalisco,027,Cuautitlán de García Barragán,0205,El Naranjal,4.24
14,Jalisco,027,Cuautitlán de García Barragán,0210,El Reparo,8.01
14,Jalisco,027,Cuautitlán de García Barragán,0213,El Trompezón,4.4
14,Jalisco,027,Cuautitlán de García Barragán,0215,El Ajuatoso,6.2
14,Jalisco,027,Cuautitlán de García Barragán,0220,Las Guásimas (Chanrana),7.81
14,Jalisco,027,Cuautitlán de García Barragán,0227,Llano de Guatelcruz,6.36
14,Jalisco,027,Cuautitlán de García Barragán,0228,La Loma,7.56
14,Jalisco,027,Cuautitlán de García Barragán,0231,El Manguito,5.31
14,Jalisco,027,Cuautitlán de García Barragán,0232,El Molino,6.17
14,Jalisco,027,Cuautitlán de García Barragán,0237,Puertecito de San Doroteo,8.92
14,Jalisco,027,Cuautitlán de García Barragán,0240,La Sidra,8.13
14,Jalisco,027,Cuautitlán de García Barragán,0247,El Ciruelito,3.91
14,Jalisco,027,Cuautitlán de García Barragán,0248,Los Encinos,7.1
14,Jalisco,027,Cuautitlán de García Barragán,0252,La Joya,3.5
14,Jalisco,027,Cuautitlán de García Barragán,0255,Nuevo Guayabillas,6.53
14,Jalisco,027,Cuautitlán de García Barragán,0273,Guayabera,7
14,Jalisco,027,Cuautitlán de García Barragán,0284,La Ventana,6.29
14,Jalisco,027,Cuautitlán de García Barragán,0286,El Camichín,7.35
14,Jalisco,027,Cuautitlán de García Barragán,0287,La Cuchilla,6.21
14,Jalisco,027,Cuautitlán de García Barragán,0294,Colonia Loma Alta,10.54
14,Jalisco,027,Cuautitlán de García Barragán,0297,Las Zorras,6.32
14,Jalisco,027,Cuautitlán de García Barragán,9998,Localidades de una vivienda,5.57
14,Jalisco,027,Cuautitlán de García Barragán,9999,Localidades de dos viviendas,5
14,Jalisco,028,Cuautla,0001,Cuautla,8.12
14,Jalisco,028,Cuautla,0004,Cañada Grande,6.55
14,Jalisco,028,Cuautla,0010,Chilacayote,6.73
14,Jalisco,028,Cuautla,0016,El Llano Grande,6.71
14,Jalisco,028,Cuautla,0022,San José del Trigo,5.1
14,Jalisco,028,Cuautla,0023,San Martín,4.67
14,Jalisco,028,Cuautla,0026,Suelos Duros,4.5
14,Jalisco,028,Cuautla,0028,Tierras Blancas,6.95
14,Jalisco,028,Cuautla,0029,Tototlán del Oro,6.03
14,Jalisco,028,Cuautla,9998,Localidades de una vivienda,5.97
14,Jalisco,029,Cuquío,0001,Cuquío,8.49
14,Jalisco,029,Cuquío,0002,Agua Blanca,6.25
14,Jalisco,029,Cuquío,0003,El Aguacate,7.64
14,Jalisco,029,Cuquío,0004,Ánimas de González,7.54
14,Jalisco,029,Cuquío,0005,Los Arcos,5.45
14,Jalisco,029,Cuquío,0006,El Astillero [La Bodega],6.63
14,Jalisco,029,Cuquío,0008,El Bajío de los Gallos,7.33
14,Jalisco,029,Cuquío,0010,El Batán,7.15
14,Jalisco,029,Cuquío,0012,Cañada de Anota (Sauces de Ciénega),3.67
14,Jalisco,029,Cuquío,0013,Cañada de las Flores,5
14,Jalisco,029,Cuquío,0015,Cañada de Tateposco,7.8
14,Jalisco,029,Cuquío,0018,Los Capulines,5.65
14,Jalisco,029,Cuquío,0019,Carricillo,5.78
14,Jalisco,029,Cuquío,0020,Cerrito de Tierra,6.9
14,Jalisco,029,Cuquío,0022,Las Cocinas (El Ranchito),5.78
14,Jalisco,029,Cuquío,0024,Los Colomos,5.55
14,Jalisco,029,Cuquío,0025,Contla,6.48
14,Jalisco,029,Cuquío,0027,Las Cruces,7.38
14,Jalisco,029,Cuquío,0028,Cuacuala,5.95
14,Jalisco,029,Cuquío,0029,El Cuatro,7.64
14,Jalisco,029,Cuquío,0030,El Derramadero,5.1
14,Jalisco,029,Cuquío,0031,El Desmonte,8.33
14,Jalisco,029,Cuquío,0036,El Estanco,6.51
14,Jalisco,029,Cuquío,0043,Juchitlán,6.27
14,Jalisco,029,Cuquío,0044,La Laguna Grande,8.2
14,Jalisco,029,Cuquío,0045,El Laurel,6.65
14,Jalisco,029,Cuquío,0047,Loma de Enmedio,5.9
14,Jalisco,029,Cuquío,0048,Jala,6.31
14,Jalisco,029,Cuquío,0049,El Llano de Barajas,7.41
14,Jalisco,029,Cuquío,0050,El Llano de Plascencia,7.44
14,Jalisco,029,Cuquío,0051,El Llano,5.55
14,Jalisco,029,Cuquío,0054,La Martinica,7.56
14,Jalisco,029,Cuquío,0057,El Mezquite,4.92
14,Jalisco,029,Cuquío,0058,Los Mezquites,6.71
14,Jalisco,029,Cuquío,0059,El Mirador,7.03
14,Jalisco,029,Cuquío,0060,La Mojarra (Tanque Colorado),7.71
14,Jalisco,029,Cuquío,0063,Ocotic,7.16
14,Jalisco,029,Cuquío,0066,Ojo de Agua Colorada,5.61
14,Jalisco,029,Cuquío,0071,El Pirul,8.33
14,Jalisco,029,Cuquío,0074,Puerto de Tateposco,4.94
14,Jalisco,029,Cuquío,0076,La Quemada de Tateposco,5.7
14,Jalisco,029,Cuquío,0077,El Ranchito,6.42
14,Jalisco,029,Cuquío,0079,San Antonio,5.71
14,Jalisco,029,Cuquío,0080,San Gabriel,7
14,Jalisco,029,Cuquío,0081,San José de Abajo,6.74
14,Jalisco,029,Cuquío,0083,San José de los Molina,7.15
14,Jalisco,029,Cuquío,0085,San Juan del Monte,7.02
14,Jalisco,029,Cuquío,0086,San Nicolás de los Esteves,6.49
14,Jalisco,029,Cuquío,0089,Santa Clara,4.4
14,Jalisco,029,Cuquío,0091,Los Sauces de Mora,6.24
14,Jalisco,029,Cuquío,0092,Los Sauces de Pérez,5.54
14,Jalisco,029,Cuquío,0093,El Sauz,4.3
14,Jalisco,029,Cuquío,0097,Tateposco,6.47
14,Jalisco,029,Cuquío,0099,Teponahuasco,7.02
14,Jalisco,029,Cuquío,0101,El Tepozán,5.89
14,Jalisco,029,Cuquío,0102,El Terrero,7.17
14,Jalisco,029,Cuquío,0104,El Testeraso,7.54
14,Jalisco,029,Cuquío,0106,La Tortuga,5.89
14,Jalisco,029,Cuquío,0108,El Vallado,5.21
14,Jalisco,029,Cuquío,0109,Varas Dulces,6.62
14,Jalisco,029,Cuquío,0110,La Villita,7.52
14,Jalisco,029,Cuquío,0111,El Zapote,8
14,Jalisco,029,Cuquío,0112,Los Zapotes,6.05
14,Jalisco,029,Cuquío,0116,La Gloria,2.86
14,Jalisco,029,Cuquío,0120,Los Muñoz,5.44
14,Jalisco,029,Cuquío,0122,La Palma,5.33
14,Jalisco,029,Cuquío,0123,Las Unigas,6.94
14,Jalisco,029,Cuquío,0124,La Cofradía,6.5
14,Jalisco,029,Cuquío,0128,El Ranchito (Los Naranjitos),4.56
14,Jalisco,029,Cuquío,0135,Lomas del Mirador (La Loma),4.64
14,Jalisco,029,Cuquío,0138,Los Sauces de Plascencia,7.78
14,Jalisco,029,Cuquío,0144,El Coyotillo,5.95
14,Jalisco,029,Cuquío,0145,Lázaro Cárdenas,7.81
14,Jalisco,029,Cuquío,0152,Belén,8.33
14,Jalisco,029,Cuquío,0154,El Mesón,4.13
14,Jalisco,029,Cuquío,0156,Las Moras,6.44
14,Jalisco,029,Cuquío,0167,La Esperanza (El Ranchito),7.06
14,Jalisco,029,Cuquío,0168,Agua Dulce,6
14,Jalisco,029,Cuquío,0170,El Palo de la Víbora (El Niño Perdido),8.23
14,Jalisco,029,Cuquío,0173,Agua Escondida,7.36
14,Jalisco,029,Cuquío,0174,Agua Fría,5.2
14,Jalisco,029,Cuquío,0188,El Cerrito de los Gutiérrez,6.89
14,Jalisco,029,Cuquío,0192,El Copetón,5.93
14,Jalisco,029,Cuquío,0197,La Gigantera (Potrero del Ombligo),9.29
14,Jalisco,029,Cuquío,0217,San Antonio de Arriba (El Monte),6.81
14,Jalisco,029,Cuquío,0222,Las Peritas,6.14
14,Jalisco,029,Cuquío,0231,Presa los Gigantitos (Gigantes),8.67
14,Jalisco,029,Cuquío,0232,El Puente Nuevo (El Plan),7.6
14,Jalisco,029,Cuquío,0237,El Vaquerillo,6.24
14,Jalisco,029,Cuquío,0249,El Chacón,5.05
14,Jalisco,029,Cuquío,0251,Los Chupaderos,6.18
14,Jalisco,029,Cuquío,0259,La Loma del Puente,6
14,Jalisco,029,Cuquío,0260,Mártires del 28,7.69
14,Jalisco,029,Cuquío,9998,Localidades de una vivienda,7.28
14,Jalisco,029,Cuquío,9999,Localidades de dos viviendas,5.01
14,Jalisco,030,Chapala,0001,Chapala,9.25
14,Jalisco,030,Chapala,0002,Ajijic,10.66
14,Jalisco,030,Chapala,0003,Atotonilquillo,9.75
14,Jalisco,030,Chapala,0004,Chapala Haciendas,11.13
14,Jalisco,030,Chapala,0005,San Antonio Tlayacapan,12.01
14,Jalisco,030,Chapala,0006,San Nicolás de Ibarra,8.35
14,Jalisco,030,Chapala,0007,Santa Cruz de la Soledad,8.2
14,Jalisco,030,Chapala,0024,Vista del Lago (Country Club de Chapala),15.18
14,Jalisco,030,Chapala,0025,Hacienda de la Labor,8.16
14,Jalisco,030,Chapala,0026,Puerta Pesada,8.72
14,Jalisco,030,Chapala,0027,Los Sabinos,12.86
14,Jalisco,030,Chapala,0031,San Isidro,6.25
14,Jalisco,030,Chapala,0038,Presa Corona,8.2
14,Jalisco,030,Chapala,0039,Los Galápagos,16
14,Jalisco,030,Chapala,0041,El Arco,3.92
14,Jalisco,030,Chapala,0042,El Bajío,9.14
14,Jalisco,030,Chapala,0048,La Ciénega,13.43
14,Jalisco,030,Chapala,0050,Los Coyotes,7.87
14,Jalisco,030,Chapala,0052,El Cuije,7.92
14,Jalisco,030,Chapala,0053,La Curva,7.96
14,Jalisco,030,Chapala,0054,Tres Cañadas (El Estrellón),10.23
14,Jalisco,030,Chapala,0055,Brisas de Chapala [Fraccionamiento],13.48
14,Jalisco,030,Chapala,0056,El Guayabo,11.38
14,Jalisco,030,Chapala,0065,El Llano,11.14
14,Jalisco,030,Chapala,0066,Media Luna,5.45
14,Jalisco,030,Chapala,0067,Las Michilenas,9.33
14,Jalisco,030,Chapala,0072,Potrero de las Guerras (El Coleadero),7.94
14,Jalisco,030,Chapala,0078,Rancho el Libramiento,8
14,Jalisco,030,Chapala,0081,Ríos de Agua Viva,15.27
14,Jalisco,030,Chapala,0082,El Tecolote,9.2
14,Jalisco,030,Chapala,0087,La Limonera (La Ciruelera),8
14,Jalisco,030,Chapala,0092,La Guayabera de Pablo Loza,7.76
14,Jalisco,030,Chapala,0094,El Taray,7.91
14,Jalisco,030,Chapala,0096,San Judas Tadeo,8.59
14,Jalisco,030,Chapala,9998,Localidades de una vivienda,7.22
14,Jalisco,030,Chapala,9999,Localidades de dos viviendas,9.45
14,Jalisco,031,Chimaltitán,0001,Chimaltitán,7.63
14,Jalisco,031,Chimaltitán,0003,Agua Caliente,6.67
14,Jalisco,031,Chimaltitán,0007,Rancho de Arriba,5.81
14,Jalisco,031,Chimaltitán,0012,La Bolsa,5.47
14,Jalisco,031,Chimaltitán,0014,Cañada de Beltranes,6
14,Jalisco,031,Chimaltitán,0016,El Carretón,6.83
14,Jalisco,031,Chimaltitán,0018,El Carrizo,5.33
14,Jalisco,031,Chimaltitán,0020,Los Cerritos,7.18
14,Jalisco,031,Chimaltitán,0021,La Ciénega,5.76
14,Jalisco,031,Chimaltitán,0024,Cocuasco,6.72
14,Jalisco,031,Chimaltitán,0030,Chonacate,6.59
14,Jalisco,031,Chimaltitán,0035,Guadalupe,5.54
14,Jalisco,031,Chimaltitán,0040,Juego del Hule,7.81
14,Jalisco,031,Chimaltitán,0045,Mezquite Gordo (Paso del Mezquite Gordo),5.73
14,Jalisco,031,Chimaltitán,0058,El Pueblito,4.78
14,Jalisco,031,Chimaltitán,0060,Los Ranchitos,6.44
14,Jalisco,031,Chimaltitán,0066,San Juan de los Potreros,7.16
14,Jalisco,031,Chimaltitán,0069,Tepizuac,7.09
14,Jalisco,031,Chimaltitán,0071,San Ignacio (El Trabuco),4.17
14,Jalisco,031,Chimaltitán,0074,La Ventilla,7.33
14,Jalisco,031,Chimaltitán,0088,La Gualdria,4.36
14,Jalisco,031,Chimaltitán,0093,El Cuervito,6.04
14,Jalisco,031,Chimaltitán,0096,Las Ajuntas (Las Adjuntas),4.2
14,Jalisco,031,Chimaltitán,0111,Barbechitos (Los Barbechos),7.08
14,Jalisco,031,Chimaltitán,0118,El Duraznito,4.95
14,Jalisco,031,Chimaltitán,0120,La Laguna,5.78
14,Jalisco,031,Chimaltitán,0137,La Bolsa,6.2
14,Jalisco,031,Chimaltitán,0140,Cañada de Tapiales,4.38
14,Jalisco,031,Chimaltitán,0152,Barrio Colorado,8.07
14,Jalisco,031,Chimaltitán,0161,Los Cajones,4
14,Jalisco,031,Chimaltitán,0189,Hacienda de Borrotes,5.6
14,Jalisco,031,Chimaltitán,0190,Los Hornos,8.33
14,Jalisco,031,Chimaltitán,0206,La Playa,6.92
14,Jalisco,031,Chimaltitán,0211,El Ranchito,6.23
14,Jalisco,031,Chimaltitán,0215,El Realito,5.71
14,Jalisco,031,Chimaltitán,0234,Mesa del Capulín,6.27
14,Jalisco,031,Chimaltitán,9998,Localidades de una vivienda,4.03
14,Jalisco,031,Chimaltitán,9999,Localidades de dos viviendas,3.47
14,Jalisco,032,Chiquilistlán,0001,Chiquilistlán,8.22
14,Jalisco,032,Chiquilistlán,0002,El Agostadero,6.49
14,Jalisco,032,Chiquilistlán,0004,Agua Hedionda (San José de la Peña),6.14
14,Jalisco,032,Chiquilistlán,0008,Capula,7.05
14,Jalisco,032,Chiquilistlán,0009,Cítala,3.82
14,Jalisco,032,Chiquilistlán,0010,Cofradía de Jalpa,5.42
14,Jalisco,032,Chiquilistlán,0012,Comala y Agua Puerca,7.67
14,Jalisco,032,Chiquilistlán,0016,Jalpa,7.48
14,Jalisco,032,Chiquilistlán,0020,El Limoncito,7.06
14,Jalisco,032,Chiquilistlán,0034,El Realito,7.46
14,Jalisco,032,Chiquilistlán,0053,El Ranchito,9.24
14,Jalisco,032,Chiquilistlán,0055,Agua Delgada (Los Llanitos),6.66
14,Jalisco,032,Chiquilistlán,9998,Localidades de una vivienda,5.56
14,Jalisco,032,Chiquilistlán,9999,Localidades de dos viviendas,4.38
14,Jalisco,033,Degollado,0001,Degollado,7.86
14,Jalisco,033,Degollado,0002,Las Adjuntas,6.99
14,Jalisco,033,Degollado,0006,El Aniego,5.18
14,Jalisco,033,Degollado,0007,El Arca,7.32
14,Jalisco,033,Degollado,0008,Los Arrayanes,8.23
14,Jalisco,033,Degollado,0010,El Bañadero,6.29
14,Jalisco,033,Degollado,0011,Barbechitos (Barbechos),5.07
14,Jalisco,033,Degollado,0014,Buenos Aires,6.39
14,Jalisco,033,Degollado,0019,El Castillo,5.37
14,Jalisco,033,Degollado,0022,Cerrito de Villaseñor,4.91
14,Jalisco,033,Degollado,0023,El Colorín,2.8
14,Jalisco,033,Degollado,0026,Charapuato,6.65
14,Jalisco,033,Degollado,0027,El Derrumbadero,4.61
14,Jalisco,033,Degollado,0029,El Edén,5.63
14,Jalisco,033,Degollado,0030,La Era,4.57
14,Jalisco,033,Degollado,0033,La Espada de Rizo,6.13
14,Jalisco,033,Degollado,0035,Los Fresnos,6.43
14,Jalisco,033,Degollado,0036,La Guacamaya,4.07
14,Jalisco,033,Degollado,0037,El Guayabito,5.12
14,Jalisco,033,Degollado,0038,Huáscato,7.04
14,Jalisco,033,Degollado,0044,Las Limas,7.27
14,Jalisco,033,Degollado,0046,La Loma,6.6
14,Jalisco,033,Degollado,0048,Mezquite Grande,5.61
14,Jalisco,033,Degollado,0049,El Mezquitillo,5.64
14,Jalisco,033,Degollado,0051,El Nacimiento,4.41
14,Jalisco,033,Degollado,0053,El Pantano,2.82
14,Jalisco,033,Degollado,0054,El Paraje,7
14,Jalisco,033,Degollado,0056,Paso de Tarimoro (La Campana),2.59
14,Jalisco,033,Degollado,0059,El Pino de León (El Pino de Leones),4.88
14,Jalisco,033,Degollado,0060,El Pitahayo,5.15
14,Jalisco,033,Degollado,0061,La Porquera,6.06
14,Jalisco,033,Degollado,0062,Pozo Seco,4.89
14,Jalisco,033,Degollado,0064,Puerto de Catarina,5.17
14,Jalisco,033,Degollado,0067,La Quema (La Quemada),7.53
14,Jalisco,033,Degollado,0068,Quirino (La Sierrita),6.42
14,Jalisco,033,Degollado,0069,La Rana,5.74
14,Jalisco,033,Degollado,0070,Los Ranchitos,5.89
14,Jalisco,033,Degollado,0071,Rancho Nuevo,6.78
14,Jalisco,033,Degollado,0072,El Refugio de Vázquez,5.53
14,Jalisco,033,Degollado,0073,El Refugio de Velasco,6.2
14,Jalisco,033,Degollado,0074,San Rafael (La Resolana),7.46
14,Jalisco,033,Degollado,0076,La Sabinilla (Sabinillas),5.28
14,Jalisco,033,Degollado,0078,El Salitre Villareño,3.6
14,Jalisco,033,Degollado,0079,San Antonio (El Pujido),6.73
14,Jalisco,033,Degollado,0080,La Sanguijuela,4.79
14,Jalisco,033,Degollado,0081,San Hipólito (Altamira),5.35
14,Jalisco,033,Degollado,0085,Los Sauces,6.44
14,Jalisco,033,Degollado,0091,La Tabla,5.94
14,Jalisco,033,Degollado,0092,Tarimoro,6.41
14,Jalisco,033,Degollado,0094,El Terrerito de Sevilla,6.7
14,Jalisco,033,Degollado,0095,El Terrero de Villareño (Terrero de Carmen),5.45
14,Jalisco,033,Degollado,0097,La Tinajera,6.69
14,Jalisco,033,Degollado,0101,Unión de Guadalupe (La Chancla),6.67
14,Jalisco,033,Degollado,0103,La Víbora (Villa del Refugio),5.38
14,Jalisco,033,Degollado,0108,Casiripal,4.53
14,Jalisco,033,Degollado,0110,El Fresno,9.23
14,Jalisco,033,Degollado,0119,La Peña,7.49
14,Jalisco,033,Degollado,0132,La Providencia,9.07
14,Jalisco,033,Degollado,0133,Marijo,5.45
14,Jalisco,033,Degollado,0139,La Sierrita,5.76
14,Jalisco,033,Degollado,0141,La Camecha,3.67
14,Jalisco,033,Degollado,0142,Las Jaras,2.17
14,Jalisco,033,Degollado,0144,San Ignacio del Roble,7.09
14,Jalisco,033,Degollado,0151,Los Cuervos,8.22
14,Jalisco,033,Degollado,0153,La Escrepa,5.72
14,Jalisco,033,Degollado,0159,La Loma,5.9
14,Jalisco,033,Degollado,0160,Loma de Marijo,4.11
14,Jalisco,033,Degollado,0163,La Ordeña,5.64
14,Jalisco,033,Degollado,0168,Pozo Blanco,6.06
14,Jalisco,033,Degollado,0169,Los Pozos Hondos,5.16
14,Jalisco,033,Degollado,0172,Respingo (Potrero de Respingo),7.68
14,Jalisco,033,Degollado,9998,Localidades de una vivienda,6.07
14,Jalisco,033,Degollado,9999,Localidades de dos viviendas,6.53
14,Jalisco,034,Ejutla,0001,Ejutla,8.59
14,Jalisco,034,Ejutla,0003,Amacuautitlanejo (Macuaitla),5.84
14,Jalisco,034,Ejutla,0008,Cuyotomate,4.92
14,Jalisco,034,Ejutla,0013,El Estanco,3.5
14,Jalisco,034,Ejutla,0015,La Labor,6.5
14,Jalisco,034,Ejutla,0017,Mesa de San Nicolás,6.12
14,Jalisco,034,Ejutla,0020,Los Naranjos de Abajo,5.32
14,Jalisco,034,Ejutla,0023,Los Parajitos,1.4
14,Jalisco,034,Ejutla,0034,San Lorenzo,6.23
14,Jalisco,034,Ejutla,0069,San Roque,8
14,Jalisco,034,Ejutla,0074,El Cuastecumate,7.14
14,Jalisco,034,Ejutla,9998,Localidades de una vivienda,7
14,Jalisco,035,Encarnación de Díaz,0001,Encarnación de Díaz,8.52
14,Jalisco,035,Encarnación de Díaz,0017,Bajío de San José,6.92
14,Jalisco,035,Encarnación de Díaz,0025,La Cabrita,8.78
14,Jalisco,035,Encarnación de Díaz,0032,Caquixtle de Abajo,7.73
14,Jalisco,035,Encarnación de Díaz,0033,Caquixtle de Arriba,6.86
14,Jalisco,035,Encarnación de Díaz,0039,Cerro de los Gallos,6.89
14,Jalisco,035,Encarnación de Díaz,0040,Ciénega de Mora,6.43
14,Jalisco,035,Encarnación de Díaz,0050,Corral de Piedra,6.48
14,Jalisco,035,Encarnación de Díaz,0051,El Coyote,7.13
14,Jalisco,035,Encarnación de Díaz,0062,La Curva,8.89
14,Jalisco,035,Encarnación de Díaz,0069,Chupadero y Anexos,6.36
14,Jalisco,035,Encarnación de Díaz,0073,La Ermita,6.65
14,Jalisco,035,Encarnación de Díaz,0075,La Escondida,7.97
14,Jalisco,035,Encarnación de Díaz,0081,El Tigre [Estación],6.38
14,Jalisco,035,Encarnación de Díaz,0082,San Juan de los Lagos [Estación],6.93
14,Jalisco,035,Encarnación de Díaz,0085,La Estanzuela,2.67
14,Jalisco,035,Encarnación de Díaz,0086,La Florida [Granja],4
14,Jalisco,035,Encarnación de Díaz,0090,Los Gallos de Arriba,8.29
14,Jalisco,035,Encarnación de Díaz,0100,Huaracha,7.45
14,Jalisco,035,Encarnación de Díaz,0104,Las Güeras,5.63
14,Jalisco,035,Encarnación de Díaz,0110,Las Jaulas,6.71
14,Jalisco,035,Encarnación de Díaz,0117,La Libertad,5
14,Jalisco,035,Encarnación de Díaz,0123,La Lomita (El Ranchito),6.04
14,Jalisco,035,Encarnación de Díaz,0125,La Magdalena,7.27
14,Jalisco,035,Encarnación de Díaz,0128,La Majada,6.43
14,Jalisco,035,Encarnación de Díaz,0132,Mariquita,7.03
14,Jalisco,035,Encarnación de Díaz,0134,Media Luna,5.15
14,Jalisco,035,Encarnación de Díaz,0136,Merlín,7.61
14,Jalisco,035,Encarnación de Díaz,0138,Mesón de los Sauces,6.94
14,Jalisco,035,Encarnación de Díaz,0140,El Mezquite,5.74
14,Jalisco,035,Encarnación de Díaz,0148,El Nopalillo,6.13
14,Jalisco,035,Encarnación de Díaz,0150,El Obraje,5.93
14,Jalisco,035,Encarnación de Díaz,0161,La Palma,6.99
14,Jalisco,035,Encarnación de Díaz,0162,Palomas de Hernández,7.09
14,Jalisco,035,Encarnación de Díaz,0169,Paso Blanco,5.5
14,Jalisco,035,Encarnación de Díaz,0172,El Pelón,5.77
14,Jalisco,035,Encarnación de Díaz,0184,El Pirulito,7.28
14,Jalisco,035,Encarnación de Díaz,0202,Purísima,3.64
14,Jalisco,035,Encarnación de Díaz,0203,San Vicente del Tecuán,5.11
14,Jalisco,035,Encarnación de Díaz,0207,Rancho de Abajo,6.72
14,Jalisco,035,Encarnación de Díaz,0210,El Refugio,6.5
14,Jalisco,035,Encarnación de Díaz,0216,Rincón Grande,5.48
14,Jalisco,035,Encarnación de Díaz,0217,Rincón Verde,7.04
14,Jalisco,035,Encarnación de Díaz,0218,Río de los Lomelines (La Haciendita),8.26
14,Jalisco,035,Encarnación de Díaz,0225,El Salvador,7.09
14,Jalisco,035,Encarnación de Díaz,0228,San Antonio del Alto,6.49
14,Jalisco,035,Encarnación de Díaz,0235,San Hipólito,6.31
14,Jalisco,035,Encarnación de Díaz,0236,San Ignacio,3.95
14,Jalisco,035,Encarnación de Díaz,0238,El Ranchito de San José de Estañero,4.56
14,Jalisco,035,Encarnación de Díaz,0241,San José,8.26
14,Jalisco,035,Encarnación de Díaz,0243,San Marcos de Abajo (De los Dolores),6.19
14,Jalisco,035,Encarnación de Díaz,0244,San Marcos de Arriba (San Marcos del Refugio),6.26
14,Jalisco,035,Encarnación de Díaz,0245,San Marcos de Enmedio,4.8
14,Jalisco,035,Encarnación de Díaz,0246,San Matías,6.57
14,Jalisco,035,Encarnación de Díaz,0251,San Sebastián del Álamo,6.46
14,Jalisco,035,Encarnación de Díaz,0252,Santa Bárbara (Estación Castro),7.02
14,Jalisco,035,Encarnación de Díaz,0259,Santa María Transpontina,6.91
14,Jalisco,035,Encarnación de Díaz,0261,Santa María de Enmedio,6.18
14,Jalisco,035,Encarnación de Díaz,0264,San Vicente,5.86
14,Jalisco,035,Encarnación de Díaz,0269,Los Saucitos,7.17
14,Jalisco,035,Encarnación de Díaz,0270,El Sitio,6.64
14,Jalisco,035,Encarnación de Díaz,0273,La Soledad,6.9
14,Jalisco,035,Encarnación de Díaz,0277,El Tecuán,6.9
14,Jalisco,035,Encarnación de Díaz,0283,Tepozán de Moreno,9
14,Jalisco,035,Encarnación de Díaz,0284,Tepozán de Miranda,7.36
14,Jalisco,035,Encarnación de Díaz,0292,Tierra Ajena,6.44
14,Jalisco,035,Encarnación de Díaz,0293,El Tigre,7.52
14,Jalisco,035,Encarnación de Díaz,0295,El Toro,7.52
14,Jalisco,035,Encarnación de Díaz,0300,La Trinidad,6.32
14,Jalisco,035,Encarnación de Díaz,0301,La Trinidad de Díaz,6.14
14,Jalisco,035,Encarnación de Díaz,0302,Las Trojes,5.36
14,Jalisco,035,Encarnación de Díaz,0303,El Tropezón,6.07
14,Jalisco,035,Encarnación de Díaz,0305,El Varal Uno,5.73
14,Jalisco,035,Encarnación de Díaz,0313,La Verdolaga,6.41
14,Jalisco,035,Encarnación de Díaz,0314,Viborillas,7
14,Jalisco,035,Encarnación de Díaz,0320,Santa Rosa,5.86
14,Jalisco,035,Encarnación de Díaz,0329,San Antonio,5.24
14,Jalisco,035,Encarnación de Díaz,0331,El Derramadero,5.17
14,Jalisco,035,Encarnación de Díaz,0332,El Mezquite de Arriba,6.31
14,Jalisco,035,Encarnación de Díaz,0350,Las Chivas,4.13
14,Jalisco,035,Encarnación de Díaz,0351,Santa Lucía,9.67
14,Jalisco,035,Encarnación de Díaz,0355,Santo Domingo,8.25
14,Jalisco,035,Encarnación de Díaz,0357,El Vergel,6.46
14,Jalisco,035,Encarnación de Díaz,0363,El Mogote,4.92
14,Jalisco,035,Encarnación de Díaz,0379,El Ramalazo (Tierra Negra),5.13
14,Jalisco,035,Encarnación de Díaz,0381,Las Villas,6
14,Jalisco,035,Encarnación de Díaz,0383,Cieneguita,6
14,Jalisco,035,Encarnación de Díaz,0385,Medio Kilo,8.92
14,Jalisco,035,Encarnación de Díaz,0386,Los Arcos,6.91
14,Jalisco,035,Encarnación de Díaz,0398,San Pedro,6.95
14,Jalisco,035,Encarnación de Díaz,0406,Betania,4.86
14,Jalisco,035,Encarnación de Díaz,0407,El Carmen,5.14
14,Jalisco,035,Encarnación de Díaz,0409,El Girasol,6
14,Jalisco,035,Encarnación de Díaz,0413,La Navidad,8.4
14,Jalisco,035,Encarnación de Díaz,0415,San Francisco Viborillas,6.34
14,Jalisco,035,Encarnación de Díaz,0416,San José (La Calera),5.22
14,Jalisco,035,Encarnación de Díaz,0417,San José,5.94
14,Jalisco,035,Encarnación de Díaz,0421,Atepoca,5.88
14,Jalisco,035,Encarnación de Díaz,0422,El Carrizo,4.9
14,Jalisco,035,Encarnación de Díaz,0423,Los Fresnos (La Grupera),10.25
14,Jalisco,035,Encarnación de Díaz,0425,La Rabia,5.69
14,Jalisco,035,Encarnación de Díaz,0427,El Refugio,4.2
14,Jalisco,035,Encarnación de Díaz,0428,San Joaquín,8.08
14,Jalisco,035,Encarnación de Díaz,0431,Los Tajos,7.07
14,Jalisco,035,Encarnación de Díaz,0432,El Tepozán,5.28
14,Jalisco,035,Encarnación de Díaz,0438,Estanzuela,7.25
14,Jalisco,035,Encarnación de Díaz,0440,El Jaralillo,8.15
14,Jalisco,035,Encarnación de Díaz,0443,El Panal,6.12
14,Jalisco,035,Encarnación de Díaz,0449,Las Pilas de Arriba,7
14,Jalisco,035,Encarnación de Díaz,0452,La Golondrina,6.24
14,Jalisco,035,Encarnación de Díaz,0453,El Porvenir,9.56
14,Jalisco,035,Encarnación de Díaz,0472,Ejido Ciénega de Mora (El Ranchito),6.26
14,Jalisco,035,Encarnación de Díaz,0473,Los Tres Mezquites,5.67
14,Jalisco,035,Encarnación de Díaz,0474,Arroyo Grande,4.53
14,Jalisco,035,Encarnación de Díaz,0483,La Resurrección,6.43
14,Jalisco,035,Encarnación de Díaz,0491,El Laurel,7.1
14,Jalisco,035,Encarnación de Díaz,0500,Las Piedras,6.88
14,Jalisco,035,Encarnación de Díaz,0502,El Tejón,8.09
14,Jalisco,035,Encarnación de Díaz,0507,Las Joyas,7.62
14,Jalisco,035,Encarnación de Díaz,0509,San Vicente,7.07
14,Jalisco,035,Encarnación de Díaz,0510,Los Bajíos,4.35
14,Jalisco,035,Encarnación de Díaz,0516,La Palmita,9.2
14,Jalisco,035,Encarnación de Díaz,0523,Estancita [Granja],7.08
14,Jalisco,035,Encarnación de Díaz,0526,Providencia,8
14,Jalisco,035,Encarnación de Díaz,0527,El Montoso,6.22
14,Jalisco,035,Encarnación de Díaz,0552,La Curva de la Cal,6.64
14,Jalisco,035,Encarnación de Díaz,0564,Las Juntas,7.67
14,Jalisco,035,Encarnación de Díaz,0568,La Manga,5.45
14,Jalisco,035,Encarnación de Díaz,0571,La Paz,7.73
14,Jalisco,035,Encarnación de Díaz,0577,Río Chico,7.09
14,Jalisco,035,Encarnación de Díaz,0594,La Loma,5.05
14,Jalisco,035,Encarnación de Díaz,0598,El Trigo,8
14,Jalisco,035,Encarnación de Díaz,0603,Las Amarillas,7.29
14,Jalisco,035,Encarnación de Díaz,0605,Arandas,7.38
14,Jalisco,035,Encarnación de Díaz,0606,Arroyo del Frasco,3.91
14,Jalisco,035,Encarnación de Díaz,0617,Los Chalchihuites,7.36
14,Jalisco,035,Encarnación de Díaz,0622,La Chiripa,7.07
14,Jalisco,035,Encarnación de Díaz,0624,El Codo,5.22
14,Jalisco,035,Encarnación de Díaz,0625,Condominio Arroyo del Frasco,4.97
14,Jalisco,035,Encarnación de Díaz,0633,La Cuchilla,6.83
14,Jalisco,035,Encarnación de Díaz,0634,La Cuchilla,6
14,Jalisco,035,Encarnación de Díaz,0635,Cuatro Vientos,8.29
14,Jalisco,035,Encarnación de Díaz,0646,Los Gavilanes,6.82
14,Jalisco,035,Encarnación de Díaz,0655,La Hoyuela,8.43
14,Jalisco,035,Encarnación de Díaz,0659,La Loma,6.89
14,Jalisco,035,Encarnación de Díaz,0661,La Loma de González,5.41
14,Jalisco,035,Encarnación de Díaz,0671,La Mojonera,9.73
14,Jalisco,035,Encarnación de Díaz,0673,El Montecillo (Los Aguirre),5.3
14,Jalisco,035,Encarnación de Díaz,0679,Los Ojos de Agua,4.86
14,Jalisco,035,Encarnación de Díaz,0682,El Paraíso,8.45
14,Jalisco,035,Encarnación de Díaz,0683,El Pariancito,2.71
14,Jalisco,035,Encarnación de Díaz,0694,Providencia,8.33
14,Jalisco,035,Encarnación de Díaz,0699,El Ranchito (La Lobera),7.67
14,Jalisco,035,Encarnación de Díaz,0714,San Antonio Maravillas,6.75
14,Jalisco,035,Encarnación de Díaz,0723,San Rafael Chico,8.67
14,Jalisco,035,Encarnación de Díaz,0724,Santa Rita,8.7
14,Jalisco,035,Encarnación de Díaz,0734,El Terrero,6
14,Jalisco,035,Encarnación de Díaz,0739,Los Tuzeros,6.78
14,Jalisco,035,Encarnación de Díaz,0755,Coyotillos,5.68
14,Jalisco,035,Encarnación de Díaz,0769,El Cerrillo,8.26
14,Jalisco,035,Encarnación de Díaz,0776,San Martín,6
14,Jalisco,035,Encarnación de Díaz,0777,Villa de Lourdes [Fraccionamiento],6.1
14,Jalisco,035,Encarnación de Díaz,0782,San José de las Azucenas,5.77
14,Jalisco,035,Encarnación de Díaz,0786,San Elías,7.21
14,Jalisco,035,Encarnación de Díaz,0789,Rancho San Andrés,2.25
14,Jalisco,035,Encarnación de Díaz,9998,Localidades de una vivienda,6.64
14,Jalisco,035,Encarnación de Díaz,9999,Localidades de dos viviendas,6.81
14,Jalisco,036,Etzatlán,0001,Etzatlán,9.75
14,Jalisco,036,Etzatlán,0003,El Amparo (La Embocada),6.75
14,Jalisco,036,Etzatlán,0019,Las Jiménez,3.25
14,Jalisco,036,Etzatlán,0025,La Mazata,9.08
14,Jalisco,036,Etzatlán,0027,Oconahua,8.66
14,Jalisco,036,Etzatlán,0030,Puerta de Pericos (Tlachichilco),6.14
14,Jalisco,036,Etzatlán,0031,La Quebrada,7.06
14,Jalisco,036,Etzatlán,0032,El Rincón,7.6
14,Jalisco,036,Etzatlán,0036,San Rafael (Hacienda de San Rafael),8.44
14,Jalisco,036,Etzatlán,0037,San Sebastián (Ex-Hacienda de San Sebastián),7.95
14,Jalisco,036,Etzatlán,0039,Santa Rosalía,7.98
14,Jalisco,036,Etzatlán,0057,La Esperanza (El Guaje),14.14
14,Jalisco,036,Etzatlán,0059,Palo Verde,9.24
14,Jalisco,036,Etzatlán,0060,El Guamúchil [Balneario],9.13
14,Jalisco,036,Etzatlán,9998,Localidades de una vivienda,10.22
14,Jalisco,036,Etzatlán,9999,Localidades de dos viviendas,11.13
14,Jalisco,037,El Grullo,0001,El Grullo,9.4
14,Jalisco,037,El Grullo,0002,El Aguacate,6.9
14,Jalisco,037,El Grullo,0007,Ayuquila,8.31
14,Jalisco,037,El Grullo,0009,El Cacalote,7.8
14,Jalisco,037,El Grullo,0011,El Colomo,10.67
14,Jalisco,037,El Grullo,0012,Cucuciapa,5.89
14,Jalisco,037,El Grullo,0020,La Laja,7.81
14,Jalisco,037,El Grullo,0024,Palo Blanco,7.32
14,Jalisco,037,El Grullo,0025,Las Pilas,7.11
14,Jalisco,037,El Grullo,0026,La Puerta del Barro,8.37
14,Jalisco,037,El Grullo,0031,Tempisque,7.88
14,Jalisco,037,El Grullo,0118,San Juanito,12
14,Jalisco,037,El Grullo,0135,Establo de los Durán,13
14,Jalisco,037,El Grullo,0164,Ninguno,7.67
14,Jalisco,037,El Grullo,0167,Los Tulipanes,13.24
14,Jalisco,037,El Grullo,9998,Localidades de una vivienda,6.31
14,Jalisco,037,El Grullo,9999,Localidades de dos viviendas,7.5
14,Jalisco,038,Guachinango,0001,Guachinango,8.89
14,Jalisco,038,Guachinango,0016,La Ciénega de los Ahumada,6.54
14,Jalisco,038,Guachinango,0022,La Cuadrilla,3.5
14,Jalisco,038,Guachinango,0027,La Esquina,5.67
14,Jalisco,038,Guachinango,0028,Estanzuela,6.88
14,Jalisco,038,Guachinango,0029,Las Flores,4.77
14,Jalisco,038,Guachinango,0032,La Fundición del Rebaje (La Fundición),6.78
14,Jalisco,038,Guachinango,0033,Las Garzas,7.23
14,Jalisco,038,Guachinango,0042,Loma de la Cruz,5.75
14,Jalisco,038,Guachinango,0045,Llano Grande,7.12
14,Jalisco,038,Guachinango,0049,El Órgano,5.82
14,Jalisco,038,Guachinango,0053,Pánico,6.1
14,Jalisco,038,Guachinango,0061,El Ranchito,7.12
14,Jalisco,038,Guachinango,0070,San Miguel,6.67
14,Jalisco,038,Guachinango,0072,Santa Isabel de Quililla,6.7
14,Jalisco,038,Guachinango,0076,El Tablillo,6.69
14,Jalisco,038,Guachinango,0078,La Tarasca,6.3
14,Jalisco,038,Guachinango,0084,Los Toriles,7.38
14,Jalisco,038,Guachinango,0090,El Limoncito,7.11
14,Jalisco,038,Guachinango,0100,La Ciénega Larga,5.65
14,Jalisco,038,Guachinango,0113,La Vuelta,4
14,Jalisco,038,Guachinango,0115,El Tempisque,6.83
14,Jalisco,038,Guachinango,0121,Amajaquillo,7.01
14,Jalisco,038,Guachinango,0130,Rancho los Velázquez (San Isidro),9.25
14,Jalisco,038,Guachinango,0131,Rueda Verde,6.07
14,Jalisco,038,Guachinango,0264,San Diego,5.55
14,Jalisco,038,Guachinango,9998,Localidades de una vivienda,5.63
14,Jalisco,038,Guachinango,9999,Localidades de dos viviendas,9.21
14,Jalisco,039,Guadalajara,0001,Guadalajara,10.96
14,Jalisco,040,Hostotipaquillo,0001,Hostotipaquillo,7.99
14,Jalisco,040,Hostotipaquillo,0008,Barrancas [Estación],4.94
14,Jalisco,040,Hostotipaquillo,0010,Puente Barranquitas,6.92
14,Jalisco,040,Hostotipaquillo,0013,El Carrizo,7.79
14,Jalisco,040,Hostotipaquillo,0015,Las Ciénegas,6.36
14,Jalisco,040,Hostotipaquillo,0016,Cinco Minas,7.58
14,Jalisco,040,Hostotipaquillo,0018,Las Conocas,6.14
14,Jalisco,040,Hostotipaquillo,0019,Cópala,5.18
14,Jalisco,040,Hostotipaquillo,0021,Los Corrales,2
14,Jalisco,040,Hostotipaquillo,0025,La Estanzuela,6.6
14,Jalisco,040,Hostotipaquillo,0030,Huajacatlán,6.76
14,Jalisco,040,Hostotipaquillo,0031,Jocotlán y Trinillo,6
14,Jalisco,040,Hostotipaquillo,0035,Labor de Guadalupe,7.58
14,Jalisco,040,Hostotipaquillo,0038,El Llano de los Vela,7.03
14,Jalisco,040,Hostotipaquillo,0039,El Llano de Michel,7.21
14,Jalisco,040,Hostotipaquillo,0043,Mesa de Flores,5.21
14,Jalisco,040,Hostotipaquillo,0044,La Mesa de Tecomatán,6.75
14,Jalisco,040,Hostotipaquillo,0046,Michel,7
14,Jalisco,040,Hostotipaquillo,0047,Moselo,6.19
14,Jalisco,040,Hostotipaquillo,0048,La Montaña,6.66
14,Jalisco,040,Hostotipaquillo,0049,El Monte del Favor,6.65
14,Jalisco,040,Hostotipaquillo,0057,Plan de Barrancas,7.43
14,Jalisco,040,Hostotipaquillo,0064,San Blasito,6.19
14,Jalisco,040,Hostotipaquillo,0067,San Antonio,7
14,Jalisco,040,Hostotipaquillo,0070,Santo Domingo de Guzmán (Santo Domingo),7.07
14,Jalisco,040,Hostotipaquillo,0071,Santo Tomás,7.78
14,Jalisco,040,Hostotipaquillo,0072,El Saucillo,6.69
14,Jalisco,040,Hostotipaquillo,0074,Sayulimita,6.67
14,Jalisco,040,Hostotipaquillo,0077,Talixtaca,6.61
14,Jalisco,040,Hostotipaquillo,0078,El Tempisque,0
14,Jalisco,040,Hostotipaquillo,0082,El Tequesquite,8.25
14,Jalisco,040,Hostotipaquillo,0085,La Venta de Mochitiltic,7.18
14,Jalisco,040,Hostotipaquillo,0086,La Victoria,4.57
14,Jalisco,040,Hostotipaquillo,0095,El Guayabo,5.73
14,Jalisco,040,Hostotipaquillo,0121,La Atarjea,5.64
14,Jalisco,040,Hostotipaquillo,9998,Localidades de una vivienda,8.04
14,Jalisco,041,Huejúcar,0001,Huejúcar,8.6
14,Jalisco,041,Huejúcar,0002,Achimec,6.85
14,Jalisco,041,Huejúcar,0003,El Álamo,6.32
14,Jalisco,041,Huejúcar,0004,Atotonilco,5.57
14,Jalisco,041,Huejúcar,0005,Las Bocas,5.54
14,Jalisco,041,Huejúcar,0006,Las Cañas,6.51
14,Jalisco,041,Huejúcar,0007,Ciénega Grande,5.36
14,Jalisco,041,Huejúcar,0009,Guanajuatillo,7.1
14,Jalisco,041,Huejúcar,0010,Las Huertas,5.57
14,Jalisco,041,Huejúcar,0012,La Mesa de María de León,6.84
14,Jalisco,041,Huejúcar,0013,Nestores,7.17
14,Jalisco,041,Huejúcar,0015,Las Peñas,5.63
14,Jalisco,041,Huejúcar,0017,El Rincón del Salto,3.55
14,Jalisco,041,Huejúcar,0019,San José de los Márquez,5.16
14,Jalisco,041,Huejúcar,0020,San Rafael de Díaz,6.98
14,Jalisco,041,Huejúcar,0021,Santa Inés,6
14,Jalisco,041,Huejúcar,0022,Tlalcosahua,7.23
14,Jalisco,041,Huejúcar,0023,Barrio del Toril,5.49
14,Jalisco,041,Huejúcar,0026,Rincón de las Huertas,2.64
14,Jalisco,041,Huejúcar,0044,Colonia San Antonio de Huacasco,5
14,Jalisco,041,Huejúcar,0045,Tacuitapa,6.8
14,Jalisco,041,Huejúcar,0046,Bellas Artes,7.6
14,Jalisco,041,Huejúcar,0062,Colonia Emiliano Zapata,7
14,Jalisco,041,Huejúcar,0063,Las Coloradas,7
14,Jalisco,041,Huejúcar,0077,La Loma,5.86
14,Jalisco,041,Huejúcar,0078,El Llano de las Flores,5
14,Jalisco,041,Huejúcar,0095,Laguna de Caballos,5
14,Jalisco,041,Huejúcar,9998,Localidades de una vivienda,8.53
14,Jalisco,041,Huejúcar,9999,Localidades de dos viviendas,7
14,Jalisco,042,Huejuquilla el Alto,0001,Huejuquilla el Alto,8.54
14,Jalisco,042,Huejuquilla el Alto,0003,Arroyos del Agua,5.87
14,Jalisco,042,Huejuquilla el Alto,0006,Bajío de Maderas,4.7
14,Jalisco,042,Huejuquilla el Alto,0008,La Boquilla,5.18
14,Jalisco,042,Huejuquilla el Alto,0009,El Carrizal,4.63
14,Jalisco,042,Huejuquilla el Alto,0010,El Cedro,4.86
14,Jalisco,042,Huejuquilla el Alto,0012,Ciénega de Pacheco,5.24
14,Jalisco,042,Huejuquilla el Alto,0013,La Cofradía,5.88
14,Jalisco,042,Huejuquilla el Alto,0014,Rancho Colorado,7.29
14,Jalisco,042,Huejuquilla el Alto,0015,La Estancia de Arriba,7.28
14,Jalisco,042,Huejuquilla el Alto,0016,Los García,6.33
14,Jalisco,042,Huejuquilla el Alto,0019,Jimulco,5.92
14,Jalisco,042,Huejuquilla el Alto,0020,La Joya,2.8
14,Jalisco,042,Huejuquilla el Alto,0021,Los Llanos,5.63
14,Jalisco,042,Huejuquilla el Alto,0022,Margaritas,5.87
14,Jalisco,042,Huejuquilla el Alto,0024,Mesa de Cristo,6.45
14,Jalisco,042,Huejuquilla el Alto,0026,Los Mezquites,6.18
14,Jalisco,042,Huejuquilla el Alto,0027,La Muralla,5.11
14,Jalisco,042,Huejuquilla el Alto,0029,Ortega,4.89
14,Jalisco,042,Huejuquilla el Alto,0031,Panales,1.8
14,Jalisco,042,Huejuquilla el Alto,0033,Las Pilas,3.83
14,Jalisco,042,Huejuquilla el Alto,0034,Las Pilas,7.93
14,Jalisco,042,Huejuquilla el Alto,0036,El Sabino,6.71
14,Jalisco,042,Huejuquilla el Alto,0037,Salitre de Abajo,4.34
14,Jalisco,042,Huejuquilla el Alto,0039,San Cayetano de los Landa,5.25
14,Jalisco,042,Huejuquilla el Alto,0041,San José de Maderas,6.8
14,Jalisco,042,Huejuquilla el Alto,0042,San José de Orozco,8.67
14,Jalisco,042,Huejuquilla el Alto,0043,San Nicolás de Acuña,5.64
14,Jalisco,042,Huejuquilla el Alto,0046,La Soledad,6.46
14,Jalisco,042,Huejuquilla el Alto,0047,Tenzompa,7.44
14,Jalisco,042,Huejuquilla el Alto,0048,El Terrero,4.13
14,Jalisco,042,Huejuquilla el Alto,0049,Vallecito,5.07
14,Jalisco,042,Huejuquilla el Alto,0061,Cerro de Temachaco,5.67
14,Jalisco,042,Huejuquilla el Alto,0067,Cerro Blanco,5.08
14,Jalisco,042,Huejuquilla el Alto,0110,El Pino,4.2
14,Jalisco,042,Huejuquilla el Alto,0132,Los Zapotes,7.48
14,Jalisco,042,Huejuquilla el Alto,0134,La Estancia de Abajo,6.74
14,Jalisco,042,Huejuquilla el Alto,0163,Ninguno [Granja],7.12
14,Jalisco,042,Huejuquilla el Alto,0173,Colonia las Granjas,8.4
14,Jalisco,042,Huejuquilla el Alto,0183,Colonia Hatmasie,4.93
14,Jalisco,042,Huejuquilla el Alto,9998,Localidades de una vivienda,3.2
14,Jalisco,042,Huejuquilla el Alto,9999,Localidades de dos viviendas,5.3
14,Jalisco,043,La Huerta,0001,La Huerta,8.76
14,Jalisco,043,La Huerta,0004,Agua Caliente Vieja de Apazulco,7.64
14,Jalisco,043,La Huerta,0007,Agua Zarquita,5.32
14,Jalisco,043,La Huerta,0010,Los Árboles,6.1
14,Jalisco,043,La Huerta,0012,Arroyo Seco,6.97
14,Jalisco,043,La Huerta,0015,Boca de Iguanas,8.33
14,Jalisco,043,La Huerta,0022,Cofradía,6.36
14,Jalisco,043,La Huerta,0024,Comitancito,5.97
14,Jalisco,043,La Huerta,0026,La Concepción (La Concha),7.9
14,Jalisco,043,La Huerta,0030,La Conchita,7.34
14,Jalisco,043,La Huerta,0033,Chamela,7.33
14,Jalisco,043,La Huerta,0036,Emiliano Zapata,7.49
14,Jalisco,043,La Huerta,0039,Ejido la Fortuna,8.02
14,Jalisco,043,La Huerta,0041,Francisco Villa,7.67
14,Jalisco,043,La Huerta,0052,El Huehuense,6
14,Jalisco,043,La Huerta,0057,Lagunillas (Crucero de las Juntas),8.83
14,Jalisco,043,La Huerta,0060,Loma Alta,5.84
14,Jalisco,043,La Huerta,0062,La Manzanilla,8.63
14,Jalisco,043,La Huerta,0063,Mazatán,6.11
14,Jalisco,043,La Huerta,0068,Apazulco (Miguel Hidalgo Viejo),7.01
14,Jalisco,043,La Huerta,0074,Nacastillo,5.47
14,Jalisco,043,La Huerta,0081,Las Pilas,7.14
14,Jalisco,043,La Huerta,0085,El Playón,7.24
14,Jalisco,043,La Huerta,0086,Plazola,7.28
14,Jalisco,043,La Huerta,0091,Quémaro,6.54
14,Jalisco,043,La Huerta,0092,El Rebalsito de Apazulco,7.35
14,Jalisco,043,La Huerta,0094,Ejido el Rincón,6.53
14,Jalisco,043,La Huerta,0095,La Rosa,7.35
14,Jalisco,043,La Huerta,0099,San Mateo,8.08
14,Jalisco,043,La Huerta,0105,Sila,0.5
14,Jalisco,043,La Huerta,0110,Tecuastitán,5.53
14,Jalisco,043,La Huerta,0114,El Totole,6.43
14,Jalisco,043,La Huerta,0123,Juan Gil Preciado,6.57
14,Jalisco,043,La Huerta,0125,Los Ranchitos,6.06
14,Jalisco,043,La Huerta,0126,El Palmar (Adolfo López Mateos),5.75
14,Jalisco,043,La Huerta,0132,El Cedro,5.73
14,Jalisco,043,La Huerta,0137,Pueblo Careyes,13.58
14,Jalisco,043,La Huerta,0139,Nuevo Miguel Hidalgo,7.56
14,Jalisco,043,La Huerta,0140,Agua Caliente Nueva,7.93
14,Jalisco,043,La Huerta,0146,Pérula,7.88
14,Jalisco,043,La Huerta,0147,Melchor Ocampo (El Tunal),6.33
14,Jalisco,043,La Huerta,0148,Norberto Aguirre Palancares,3.81
14,Jalisco,043,La Huerta,0150,Santa Cruz de Otates,3.35
14,Jalisco,043,La Huerta,0152,Las Juntas,4.29
14,Jalisco,043,La Huerta,0154,El Higueral,5.14
14,Jalisco,043,La Huerta,0159,El Mojote,3.77
14,Jalisco,043,La Huerta,0165,La Mesa,6.47
14,Jalisco,043,La Huerta,0166,Morelos (El Limoncito),3.06
14,Jalisco,043,La Huerta,0176,El Programa,7.84
14,Jalisco,043,La Huerta,0202,Los Baños,6
14,Jalisco,043,La Huerta,0220,El Campamento,10.69
14,Jalisco,043,La Huerta,0236,Cuatro Vientos,7.56
14,Jalisco,043,La Huerta,0249,Kilómetro Setenta y Cinco,7.89
14,Jalisco,043,La Huerta,0290,Chancoa,5.35
14,Jalisco,043,La Huerta,0291,Manuel Ávila Camacho,6.33
14,Jalisco,043,La Huerta,0363,Colonia Cardenista,6.91
14,Jalisco,043,La Huerta,9998,Localidades de una vivienda,6.25
14,Jalisco,043,La Huerta,9999,Localidades de dos viviendas,5.74
14,Jalisco,044,Ixtlahuacán de los Membrillos,0001,Ixtlahuacán de los Membrillos,9.72
14,Jalisco,044,Ixtlahuacán de los Membrillos,0002,Atequiza,10.57
14,Jalisco,044,Ixtlahuacán de los Membrillos,0003,Buenavista,8.99
14,Jalisco,044,Ixtlahuacán de los Membrillos,0004,La Cañada,7.11
14,Jalisco,044,Ixtlahuacán de los Membrillos,0005,La Capilla del Refugio,8.69
14,Jalisco,044,Ixtlahuacán de los Membrillos,0006,Los Cedros,8.62
14,Jalisco,044,Ixtlahuacán de los Membrillos,0007,Huerta Vieja,6.33
14,Jalisco,044,Ixtlahuacán de los Membrillos,0010,Los Olivos,8.45
14,Jalisco,044,Ixtlahuacán de los Membrillos,0011,El Rodeo,9.3
14,Jalisco,044,Ixtlahuacán de los Membrillos,0012,Santa Rosa (La Hacienda de Santa Rosa),8.85
14,Jalisco,044,Ixtlahuacán de los Membrillos,0014,La Membrillera,8.33
14,Jalisco,044,Ixtlahuacán de los Membrillos,0018,San Isidro (El Aguacate),4.64
14,Jalisco,044,Ixtlahuacán de los Membrillos,0019,San José,8.9
14,Jalisco,044,Ixtlahuacán de los Membrillos,0020,La Campanilla,10.3
14,Jalisco,044,Ixtlahuacán de los Membrillos,0033,Haciendas del Lago,11
14,Jalisco,044,Ixtlahuacán de los Membrillos,0035,El Sacrificio,8.73
14,Jalisco,044,Ixtlahuacán de los Membrillos,0041,Los Troncones,6.83
14,Jalisco,044,Ixtlahuacán de los Membrillos,0042,El Varal,6
14,Jalisco,044,Ixtlahuacán de los Membrillos,0043,Las Pilas,6.23
14,Jalisco,044,Ixtlahuacán de los Membrillos,0049,La Arena,8
14,Jalisco,044,Ixtlahuacán de los Membrillos,0054,Los Freseros (Los Sabinos),8.37
14,Jalisco,044,Ixtlahuacán de los Membrillos,0057,La Calerita (El Reniego),8.41
14,Jalisco,044,Ixtlahuacán de los Membrillos,0060,El Tepehuaje,8.6
14,Jalisco,044,Ixtlahuacán de los Membrillos,0062,Los Arcos,8.25
14,Jalisco,044,Ixtlahuacán de los Membrillos,0069,Carboneras,6.36
14,Jalisco,044,Ixtlahuacán de los Membrillos,0070,Los Tubos [Fraccionamiento],9.32
14,Jalisco,044,Ixtlahuacán de los Membrillos,0073,Chapala Haciendas,12.81
14,Jalisco,044,Ixtlahuacán de los Membrillos,0074,La Curva,7.91
14,Jalisco,044,Ixtlahuacán de los Membrillos,0080,La Cuatro,10.69
14,Jalisco,044,Ixtlahuacán de los Membrillos,0082,Los Caporales (El Refugio),12.8
14,Jalisco,044,Ixtlahuacán de los Membrillos,0096,La Loma,8.33
14,Jalisco,044,Ixtlahuacán de los Membrillos,0099,Las Maravillas,11.78
14,Jalisco,044,Ixtlahuacán de los Membrillos,0106,Ojo de Agua,7
14,Jalisco,044,Ixtlahuacán de los Membrillos,0110,Paraíso Escondido,9.42
14,Jalisco,044,Ixtlahuacán de los Membrillos,0114,Rancho Santa María,9.17
14,Jalisco,044,Ixtlahuacán de los Membrillos,0120,La Presita,9.57
14,Jalisco,044,Ixtlahuacán de los Membrillos,0130,Santa Ana de Cedros,8.24
14,Jalisco,044,Ixtlahuacán de los Membrillos,0135,El Tepache,10.56
14,Jalisco,044,Ixtlahuacán de los Membrillos,0137,La Tinaja,8.6
14,Jalisco,044,Ixtlahuacán de los Membrillos,0141,El Verde (Rincón de Mariana),8
14,Jalisco,044,Ixtlahuacán de los Membrillos,0147,Las Carretas,10.29
14,Jalisco,044,Ixtlahuacán de los Membrillos,0154,El Porvenir [Granja],9.4
14,Jalisco,044,Ixtlahuacán de los Membrillos,0155,San Francisco [Granja],6
14,Jalisco,044,Ixtlahuacán de los Membrillos,0157,La Querencia,8
14,Jalisco,044,Ixtlahuacán de los Membrillos,0163,Rancho los Garañones,10
14,Jalisco,044,Ixtlahuacán de los Membrillos,0169,Rinconada la Loma [Fraccionamiento],8.6
14,Jalisco,044,Ixtlahuacán de los Membrillos,0170,Huerta Vieja [Fraccionamiento],9.15
14,Jalisco,044,Ixtlahuacán de los Membrillos,0171,Puerta del Sol [Fraccionamiento],10.02
14,Jalisco,044,Ixtlahuacán de los Membrillos,0172,Valle de los Girasoles [Fraccionamiento],8.4
14,Jalisco,044,Ixtlahuacán de los Membrillos,0173,Lomas de la Capilla,8.51
14,Jalisco,044,Ixtlahuacán de los Membrillos,0175,La Florida,12.3
14,Jalisco,044,Ixtlahuacán de los Membrillos,0179,Presa Novillero,6.17
14,Jalisco,044,Ixtlahuacán de los Membrillos,0180,La Capilla [Residencial],8.35
14,Jalisco,044,Ixtlahuacán de los Membrillos,0181,Luis García,8.74
14,Jalisco,044,Ixtlahuacán de los Membrillos,9998,Localidades de una vivienda,7.84
14,Jalisco,044,Ixtlahuacán de los Membrillos,9999,Localidades de dos viviendas,7.12
14,Jalisco,045,Ixtlahuacán del Río,0001,Ixtlahuacán del Río,8.51
14,Jalisco,045,Ixtlahuacán del Río,0005,Agua Colorada,6.85
14,Jalisco,045,Ixtlahuacán del Río,0007,Agua Prieta,7.97
14,Jalisco,045,Ixtlahuacán del Río,0008,Agua Rica,7.22
14,Jalisco,045,Ixtlahuacán del Río,0010,El Ancón,6.84
14,Jalisco,045,Ixtlahuacán del Río,0011,Ánimas de Romero,6.14
14,Jalisco,045,Ixtlahuacán del Río,0013,La Arena,6.23
14,Jalisco,045,Ixtlahuacán del Río,0021,Buenavista,4.8
14,Jalisco,045,Ixtlahuacán del Río,0022,La Cantera,7
14,Jalisco,045,Ixtlahuacán del Río,0024,Cerro Alto,6.4
14,Jalisco,045,Ixtlahuacán del Río,0027,Los Colomos,6.4
14,Jalisco,045,Ixtlahuacán del Río,0028,El Consuelo,6.37
14,Jalisco,045,Ixtlahuacán del Río,0033,El Chilar,6.14
14,Jalisco,045,Ixtlahuacán del Río,0034,Los Chilares,5.93
14,Jalisco,045,Ixtlahuacán del Río,0035,El Chivero,6.29
14,Jalisco,045,Ixtlahuacán del Río,0043,La Garruña,6.05
14,Jalisco,045,Ixtlahuacán del Río,0045,Hacienda de Guadalupe,7.42
14,Jalisco,045,Ixtlahuacán del Río,0047,La Higuera,7.58
14,Jalisco,045,Ixtlahuacán del Río,0050,El Jagüey,6.05
14,Jalisco,045,Ixtlahuacán del Río,0051,El Jagüeycito,6.05
14,Jalisco,045,Ixtlahuacán del Río,0057,Lagunillas,6.26
14,Jalisco,045,Ixtlahuacán del Río,0065,Mascuala,7.57
14,Jalisco,045,Ixtlahuacán del Río,0071,Mesa de Torres,3.84
14,Jalisco,045,Ixtlahuacán del Río,0072,El Mexicano,5.17
14,Jalisco,045,Ixtlahuacán del Río,0076,Ocotengo,5.11
14,Jalisco,045,Ixtlahuacán del Río,0078,Palos Altos,7.83
14,Jalisco,045,Ixtlahuacán del Río,0079,El Paso de Guadalupe,6.49
14,Jalisco,045,Ixtlahuacán del Río,0080,El Pato,5
14,Jalisco,045,Ixtlahuacán del Río,0081,La Peña (La Peña de San Rafael),7.25
14,Jalisco,045,Ixtlahuacán del Río,0083,La Pitayera,6.05
14,Jalisco,045,Ixtlahuacán del Río,0084,El Pitayito,6.58
14,Jalisco,045,Ixtlahuacán del Río,0088,Potrero de San Sebastián (Potrero de las Yeguas),6.56
14,Jalisco,045,Ixtlahuacán del Río,0089,El Pozo (El Rancho del Pozo),4.33
14,Jalisco,045,Ixtlahuacán del Río,0093,Los Puentes,6.09
14,Jalisco,045,Ixtlahuacán del Río,0095,Quelitán,5.5
14,Jalisco,045,Ixtlahuacán del Río,0098,El Refugio,7.13
14,Jalisco,045,Ixtlahuacán del Río,0104,El Salvial,6.57
14,Jalisco,045,Ixtlahuacán del Río,0106,San Antonio de los Vázquez,7.59
14,Jalisco,045,Ixtlahuacán del Río,0107,San Cayetano,6.26
14,Jalisco,045,Ixtlahuacán del Río,0108,San Ignacio (La Haciendita),3.78
14,Jalisco,045,Ixtlahuacán del Río,0109,San Isidro,6.44
14,Jalisco,045,Ixtlahuacán del Río,0110,San José de Buenavista,6.3
14,Jalisco,045,Ixtlahuacán del Río,0114,San Miguel de Abajo,7.5
14,Jalisco,045,Ixtlahuacán del Río,0115,San Miguel de Arriba,8.13
14,Jalisco,045,Ixtlahuacán del Río,0116,San Nicolás de los Abundis,7.24
14,Jalisco,045,Ixtlahuacán del Río,0117,San Pablo,7.64
14,Jalisco,045,Ixtlahuacán del Río,0119,San Ramón,6.73
14,Jalisco,045,Ixtlahuacán del Río,0120,Santa María,7.7
14,Jalisco,045,Ixtlahuacán del Río,0121,Santo Domingo,6.13
14,Jalisco,045,Ixtlahuacán del Río,0124,Los Soyates,5.45
14,Jalisco,045,Ixtlahuacán del Río,0127,Tacotlán,7.57
14,Jalisco,045,Ixtlahuacán del Río,0130,Tecolotes,9.33
14,Jalisco,045,Ixtlahuacán del Río,0131,Tepaca,4.57
14,Jalisco,045,Ixtlahuacán del Río,0135,El Terrero,5.48
14,Jalisco,045,Ixtlahuacán del Río,0137,Tescatitán,7.21
14,Jalisco,045,Ixtlahuacán del Río,0140,La Tortuga,6.96
14,Jalisco,045,Ixtlahuacán del Río,0141,Las Trancas,6.49
14,Jalisco,045,Ixtlahuacán del Río,0142,Trejos,7.94
14,Jalisco,045,Ixtlahuacán del Río,0144,Los Veneros (El Aguacate),7.8
14,Jalisco,045,Ixtlahuacán del Río,0147,Los Zapotes,5.88
14,Jalisco,045,Ixtlahuacán del Río,0151,El Rodeo,5.56
14,Jalisco,045,Ixtlahuacán del Río,0157,La Presa,4.36
14,Jalisco,045,Ixtlahuacán del Río,0158,La Higuera Chica,9
14,Jalisco,045,Ixtlahuacán del Río,0159,La Loma,8.64
14,Jalisco,045,Ixtlahuacán del Río,0165,Arroyo Seco,5.75
14,Jalisco,045,Ixtlahuacán del Río,0174,La Atarjea,4.12
14,Jalisco,045,Ixtlahuacán del Río,0203,Cuyután de Arriba,2.78
14,Jalisco,045,Ixtlahuacán del Río,0206,El Palomar,6.75
14,Jalisco,045,Ixtlahuacán del Río,0207,El Terrero,6.58
14,Jalisco,045,Ixtlahuacán del Río,0208,El Terrero,7.15
14,Jalisco,045,Ixtlahuacán del Río,0211,El Rodeo (El Salto del Cuervo),4.88
14,Jalisco,045,Ixtlahuacán del Río,0212,Las Lagunitas,6.86
14,Jalisco,045,Ixtlahuacán del Río,0214,La Loma,7.94
14,Jalisco,045,Ixtlahuacán del Río,0218,Arroyo Azul,6
14,Jalisco,045,Ixtlahuacán del Río,0233,La Ponderosa (La Casa del Ladrillo),9
14,Jalisco,045,Ixtlahuacán del Río,0234,El Salto de los Sigala,8.18
14,Jalisco,045,Ixtlahuacán del Río,0242,El Agüilote,6.63
14,Jalisco,045,Ixtlahuacán del Río,0258,La Colpeña,8.59
14,Jalisco,045,Ixtlahuacán del Río,0264,La Garita,9.42
14,Jalisco,045,Ixtlahuacán del Río,0273,Los Jacalitos,4.67
14,Jalisco,045,Ixtlahuacán del Río,0278,Los Llanos,6.11
14,Jalisco,045,Ixtlahuacán del Río,0306,Quelitán el Viejo,6.11
14,Jalisco,045,Ixtlahuacán del Río,0320,Santa Teresa Bellavista (La Casa Colorada),6.3
14,Jalisco,045,Ixtlahuacán del Río,0327,El Tildío (El Baño),6.13
14,Jalisco,045,Ixtlahuacán del Río,0333,Rancho San Blas,7.71
14,Jalisco,045,Ixtlahuacán del Río,0341,Laguna del Monte,5.83
14,Jalisco,045,Ixtlahuacán del Río,0345,El Roble,7.75
14,Jalisco,045,Ixtlahuacán del Río,0352,La Majada,4.14
14,Jalisco,045,Ixtlahuacán del Río,9998,Localidades de una vivienda,6.72
14,Jalisco,045,Ixtlahuacán del Río,9999,Localidades de dos viviendas,6.89
14,Jalisco,046,Jalostotitlán,0001,Jalostotitlán,8.18
14,Jalisco,046,Jalostotitlán,0002,Los Acahuales,7.31
14,Jalisco,046,Jalostotitlán,0003,El Águila,4.91
14,Jalisco,046,Jalostotitlán,0006,Apozolco,5.68
14,Jalisco,046,Jalostotitlán,0008,El Bueyero,9.25
14,Jalisco,046,Jalostotitlán,0013,Capellanía,5.86
14,Jalisco,046,Jalostotitlán,0017,Cerca Blanca (Los Camachos),7
14,Jalisco,046,Jalostotitlán,0018,Cerro Blanco de las Casillas,7.04
14,Jalisco,046,Jalostotitlán,0020,Coca (La Asunción),5.24
14,Jalisco,046,Jalostotitlán,0021,Contreras,6.36
14,Jalisco,046,Jalostotitlán,0025,El Durazno,7.44
14,Jalisco,046,Jalostotitlán,0027,Las Golondrinas,7.65
14,Jalisco,046,Jalostotitlán,0028,La Huerta de Arriba,7.88
14,Jalisco,046,Jalostotitlán,0031,La Labor de San Antonio,6.43
14,Jalisco,046,Jalostotitlán,0034,Laguna del Oriente,6
14,Jalisco,046,Jalostotitlán,0035,Laja de Arriba,7.62
14,Jalisco,046,Jalostotitlán,0037,Loma de Alba,8.33
14,Jalisco,046,Jalostotitlán,0038,Las Lomas de San Martín,5.93
14,Jalisco,046,Jalostotitlán,0042,Mesa de Teocaltitán,5.8
14,Jalisco,046,Jalostotitlán,0045,Mitic (Miti),5.64
14,Jalisco,046,Jalostotitlán,0046,La Mora,6.22
14,Jalisco,046,Jalostotitlán,0047,La Noria,5.83
14,Jalisco,046,Jalostotitlán,0055,El Potrero,8.68
14,Jalisco,046,Jalostotitlán,0056,La Presa,9.33
14,Jalisco,046,Jalostotitlán,0061,Los Ranchos,6.42
14,Jalisco,046,Jalostotitlán,0062,Rancho Viejo,6.18
14,Jalisco,046,Jalostotitlán,0064,El Sabino,6.33
14,Jalisco,046,Jalostotitlán,0065,El Salto,6.41
14,Jalisco,046,Jalostotitlán,0066,San Gaspar de los Reyes (San Gaspar),7.22
14,Jalisco,046,Jalostotitlán,0068,San Nicolás de las Flores,6.24
14,Jalisco,046,Jalostotitlán,0069,Santa Isabel,6.48
14,Jalisco,046,Jalostotitlán,0070,Santa María de la O,5.47
14,Jalisco,046,Jalostotitlán,0071,Santa Ana de Guadalupe,7.16
14,Jalisco,046,Jalostotitlán,0072,Los Sauces,7.78
14,Jalisco,046,Jalostotitlán,0076,Teocaltitán de Guadalupe,7.26
14,Jalisco,046,Jalostotitlán,0080,La Troje,8.06
14,Jalisco,046,Jalostotitlán,0081,Vallarta (El Halcón),6.67
14,Jalisco,046,Jalostotitlán,0087,El Huizachal (El Crucero),3.33
14,Jalisco,046,Jalostotitlán,0088,El Amargoso (Mayoral de Abajo),5.87
14,Jalisco,046,Jalostotitlán,0093,El Peñón,6.93
14,Jalisco,046,Jalostotitlán,0095,Santa Rita de los Pozos (Santa Rita),5.5
14,Jalisco,046,Jalostotitlán,0101,Agua Escondida [La Granja],6.17
14,Jalisco,046,Jalostotitlán,0112,Tierras Blancas,7.2
14,Jalisco,046,Jalostotitlán,0114,Juntas de los Ríos,6.67
14,Jalisco,046,Jalostotitlán,0115,Barrio de Reyes,6.7
14,Jalisco,046,Jalostotitlán,0120,Las Tortugas,6.5
14,Jalisco,046,Jalostotitlán,0122,Las Cañadas (Cañadas de Delgadillo),8.44
14,Jalisco,046,Jalostotitlán,0123,El Rincón de la Laja,3.77
14,Jalisco,046,Jalostotitlán,0130,La Ciénega,7.11
14,Jalisco,046,Jalostotitlán,0133,El Salto Verde,6.14
14,Jalisco,046,Jalostotitlán,0136,Santa Martha (Los Caños),6.65
14,Jalisco,046,Jalostotitlán,0144,Los Coyotes,9.69
14,Jalisco,046,Jalostotitlán,0147,Guzmán,6
14,Jalisco,046,Jalostotitlán,0149,El Mayoral de Arriba,7.34
14,Jalisco,046,Jalostotitlán,0151,Paso de la Laja,6.39
14,Jalisco,046,Jalostotitlán,0152,Los Portales de Arriba,7.65
14,Jalisco,046,Jalostotitlán,0153,Las Trojitas,6.38
14,Jalisco,046,Jalostotitlán,0163,El Ruanate,4.55
14,Jalisco,046,Jalostotitlán,0177,La Soledad,5.31
14,Jalisco,046,Jalostotitlán,0182,Los Tepetates,7.74
14,Jalisco,046,Jalostotitlán,0189,Las Palomas,2.57
14,Jalisco,046,Jalostotitlán,0194,Los Planes,6.58
14,Jalisco,046,Jalostotitlán,0195,Barrio Bajo,6.48
14,Jalisco,046,Jalostotitlán,0199,El Collame,4.67
14,Jalisco,046,Jalostotitlán,0206,El Capulín,8.42
14,Jalisco,046,Jalostotitlán,0207,Casas Pintas,7.58
14,Jalisco,046,Jalostotitlán,0210,Labor de Jiménez,6.78
14,Jalisco,046,Jalostotitlán,0224,La Bailadora,8.44
14,Jalisco,046,Jalostotitlán,0232,Los Caños,7.15
14,Jalisco,046,Jalostotitlán,0235,Cerro Blanco de Fátima,5.29
14,Jalisco,046,Jalostotitlán,0242,El Epazote de Abajo,4.3
14,Jalisco,046,Jalostotitlán,0249,Tierras Blancas [Granja],8.45
14,Jalisco,046,Jalostotitlán,0252,Loma del Caporal,8.57
14,Jalisco,046,Jalostotitlán,0253,La Loma de los Gabrieles,6.59
14,Jalisco,046,Jalostotitlán,0254,Loma de San Antonio,6.25
14,Jalisco,046,Jalostotitlán,0255,La Maleta (Loma del Caporal),5.88
14,Jalisco,046,Jalostotitlán,0256,El Mayoral de Abajo,6.8
14,Jalisco,046,Jalostotitlán,0257,Monte Largo (La Laguna),8
14,Jalisco,046,Jalostotitlán,0260,El Óvalo,5.91
14,Jalisco,046,Jalostotitlán,0261,La Palma (Los Mapaches),6.57
14,Jalisco,046,Jalostotitlán,0262,Las Palmas,7.5
14,Jalisco,046,Jalostotitlán,0266,El Pedregal,5.89
14,Jalisco,046,Jalostotitlán,0268,El Pesebre,1.8
14,Jalisco,046,Jalostotitlán,0273,La Presa,8
14,Jalisco,046,Jalostotitlán,0274,Las Presitas,9.13
14,Jalisco,046,Jalostotitlán,0277,La Providencia,6.38
14,Jalisco,046,Jalostotitlán,0284,San Pablo,7.55
14,Jalisco,046,Jalostotitlán,0285,San Pedro,6.94
14,Jalisco,046,Jalostotitlán,0291,Las Tinajas,5.9
14,Jalisco,046,Jalostotitlán,0292,El Toreo,7.75
14,Jalisco,046,Jalostotitlán,0293,La Trilla,5.09
14,Jalisco,046,Jalostotitlán,0295,Zacatecas,4.33
14,Jalisco,046,Jalostotitlán,0296,El Alto de San Joaquín,6.65
14,Jalisco,046,Jalostotitlán,0298,Noragua,7.4
14,Jalisco,046,Jalostotitlán,0300,Kilómetro Dos,9
14,Jalisco,046,Jalostotitlán,0301,Solidaridad [Fraccionamiento],8.81
14,Jalisco,046,Jalostotitlán,0302,Lomas Altas,6.43
14,Jalisco,046,Jalostotitlán,0303,La Maroma,3.57
14,Jalisco,046,Jalostotitlán,0304,La Mesita,8.1
14,Jalisco,046,Jalostotitlán,0307,Santa Elena,5.22
14,Jalisco,046,Jalostotitlán,0309,Jardines del Sol [Fraccionamiento IPROVIPE],8.69
14,Jalisco,046,Jalostotitlán,9998,Localidades de una vivienda,5.95
14,Jalisco,046,Jalostotitlán,9999,Localidades de dos viviendas,6.14
14,Jalisco,047,Jamay,0001,Jamay,8.41
14,Jalisco,047,Jamay,0002,UHTR,11.09
14,Jalisco,047,Jamay,0003,La Maltaraña (La Palmita),7.33
14,Jalisco,047,Jamay,0004,San Agustín,7.49
14,Jalisco,047,Jamay,0005,San Miguel de la Paz,7.73
14,Jalisco,047,Jamay,0028,La Charaliza,9.33
14,Jalisco,047,Jamay,0057,El Trompo,7.07
14,Jalisco,047,Jamay,9998,Localidades de una vivienda,6.07
14,Jalisco,047,Jamay,9999,Localidades de dos viviendas,6.5
14,Jalisco,048,Jesús María,0001,Jesús María,7.25
14,Jalisco,048,Jesús María,0003,Allende (Josefino de Allende),6.48
14,Jalisco,048,Jesús María,0004,El Amarradero,6.11
14,Jalisco,048,Jesús María,0006,La Atarjea,6.14
14,Jalisco,048,Jesús María,0007,Ayo el Grande,5.58
14,Jalisco,048,Jesús María,0009,Barranquilla del Agua,5.96
14,Jalisco,048,Jesús María,0011,La Betulia,5.2
14,Jalisco,048,Jesús María,0015,Las Canoas,4.56
14,Jalisco,048,Jesús María,0017,La Canoita (Canoitas),4.13
14,Jalisco,048,Jesús María,0018,La Cantera de los Moya,5.45
14,Jalisco,048,Jesús María,0019,La Cantera de los Ángeles,7
14,Jalisco,048,Jesús María,0021,Capilla de la Luz,4.8
14,Jalisco,048,Jesús María,0023,El Capulín de Chávez,6.58
14,Jalisco,048,Jesús María,0024,El Capulín de Galvanes,4.08
14,Jalisco,048,Jesús María,0025,El Carrizo de Fuentes,4.77
14,Jalisco,048,Jesús María,0026,El Carrizo Viejo,6.38
14,Jalisco,048,Jesús María,0027,El Centro,7.79
14,Jalisco,048,Jesús María,0030,Ciénega de Galvanes (Ciénega de Reyes),6.09
14,Jalisco,048,Jesús María,0033,Los Corrales,4.9
14,Jalisco,048,Jesús María,0034,Las Cruces,5.42
14,Jalisco,048,Jesús María,0040,Guadalupe,4.94
14,Jalisco,048,Jesús María,0048,Las Lagunas,5.16
14,Jalisco,048,Jesús María,0049,El Lagunazo,2
14,Jalisco,048,Jesús María,0050,La Lagunita de Pérez,7.9
14,Jalisco,048,Jesús María,0052,La Leona,3.27
14,Jalisco,048,Jesús María,0053,La Leonera,6.82
14,Jalisco,048,Jesús María,0055,Loma Alta,5.02
14,Jalisco,048,Jesús María,0056,Loma de Flores,2.87
14,Jalisco,048,Jesús María,0058,Loma de San Miguel,3.3
14,Jalisco,048,Jesús María,0063,Nazareth,5.41
14,Jalisco,048,Jesús María,0065,Mesa de Hernández,3.75
14,Jalisco,048,Jesús María,0067,Mesita de Ornelas,6.13
14,Jalisco,048,Jesús María,0069,El Mirador,6.46
14,Jalisco,048,Jesús María,0070,Moctezuma,4.68
14,Jalisco,048,Jesús María,0071,La Montaña,3.68
14,Jalisco,048,Jesús María,0074,Los Nogales,6.24
14,Jalisco,048,Jesús María,0076,El Ocote,5.17
14,Jalisco,048,Jesús María,0079,Ojo Zarco de Fuentes,5.76
14,Jalisco,048,Jesús María,0082,Palo Caído,4.86
14,Jalisco,048,Jesús María,0083,Palo Colorado de Allende,5.42
14,Jalisco,048,Jesús María,0084,Palo Colorado de Carricillo,4.73
14,Jalisco,048,Jesús María,0086,El Pandillo,6
14,Jalisco,048,Jesús María,0087,El Pantano,7.07
14,Jalisco,048,Jesús María,0089,Paso de Guadalupe,5.35
14,Jalisco,048,Jesús María,0090,Paso de San Agustín,5.18
14,Jalisco,048,Jesús María,0096,Los Pocitos de Cerrillo,4.73
14,Jalisco,048,Jesús María,0099,Las Pomas (Las Pómez),5.54
14,Jalisco,048,Jesús María,0101,Potrerillos de Ayo,1.47
14,Jalisco,048,Jesús María,0102,Potrero Nuevo,5.04
14,Jalisco,048,Jesús María,0103,Presa de Otomites,6.35
14,Jalisco,048,Jesús María,0105,Puerta de Barrera,6.23
14,Jalisco,048,Jesús María,0106,Puerta de la Carreta,6.14
14,Jalisco,048,Jesús María,0111,La Purísima,5.66
14,Jalisco,048,Jesús María,0114,El Rincón (Rincón de la Hierba),4.8
14,Jalisco,048,Jesús María,0118,Los Robles,5.41
14,Jalisco,048,Jesús María,0120,Rosa de Castilla,5.67
14,Jalisco,048,Jesús María,0121,Rosales,6
14,Jalisco,048,Jesús María,0122,El Sabinito,5
14,Jalisco,048,Jesús María,0124,El Salto de la Hiedra,4.06
14,Jalisco,048,Jesús María,0126,San Agustín,4.7
14,Jalisco,048,Jesús María,0128,San José de la Paz,6.35
14,Jalisco,048,Jesús María,0129,San José de las Pilas,4.4
14,Jalisco,048,Jesús María,0132,San Miguel de la Unión,5.55
14,Jalisco,048,Jesús María,0134,San Rafael de Bermúdez,5.7
14,Jalisco,048,Jesús María,0136,San Rafael de Laguna,5.17
14,Jalisco,048,Jesús María,0137,San Vicente,7.56
14,Jalisco,048,Jesús María,0138,El Saucillo,3.87
14,Jalisco,048,Jesús María,0139,El Tecolote,4.62
14,Jalisco,048,Jesús María,0142,Tierras Coloradas de García,6.75
14,Jalisco,048,Jesús María,0143,La Tijera,4.89
14,Jalisco,048,Jesús María,0145,Uña de Gato,6.74
14,Jalisco,048,Jesús María,0146,El Valle,6.77
14,Jalisco,048,Jesús María,0150,El Zapote,5.33
14,Jalisco,048,Jesús María,0151,Los Zárate,4.86
14,Jalisco,048,Jesús María,0152,La Aguililla,6.69
14,Jalisco,048,Jesús María,0159,La Escondida (El Venero),4.5
14,Jalisco,048,Jesús María,0164,Los Guaches,4.5
14,Jalisco,048,Jesús María,0169,Mesa de Panales,6.67
14,Jalisco,048,Jesús María,0175,El Ranero,6.15
14,Jalisco,048,Jesús María,0176,El Regladero,6.27
14,Jalisco,048,Jesús María,0180,San Rafael,5.23
14,Jalisco,048,Jesús María,0181,Santa Rita,5.27
14,Jalisco,048,Jesús María,0183,La Sierrita,6.7
14,Jalisco,048,Jesús María,0187,El Ojo de Agua,4.29
14,Jalisco,048,Jesús María,0192,Los Arrastres,7.29
14,Jalisco,048,Jesús María,0202,Tabares,3.63
14,Jalisco,048,Jesús María,0203,La Troje,4.09
14,Jalisco,048,Jesús María,0206,El Tesorito,6.25
14,Jalisco,048,Jesús María,0207,Buenavista de Romo,5
14,Jalisco,048,Jesús María,0215,Rancho Viejo,3
14,Jalisco,048,Jesús María,0217,San Miguel de Quiroz,5.06
14,Jalisco,048,Jesús María,0218,San Rafael de Lozano,5
14,Jalisco,048,Jesús María,0220,Loma de Ojo Zarco,8.14
14,Jalisco,048,Jesús María,0222,San Antonio,0.55
14,Jalisco,048,Jesús María,0224,Cerrito de los Caballos,0.38
14,Jalisco,048,Jesús María,0225,San Isidro de Fuentes,5.26
14,Jalisco,048,Jesús María,0226,El Ranchito,6
14,Jalisco,048,Jesús María,0227,Las Moradas,6.13
14,Jalisco,048,Jesús María,0228,Palo Redondo,3.43
14,Jalisco,048,Jesús María,0237,El Carrizal,7
14,Jalisco,048,Jesús María,0239,El Diezmo,4.3
14,Jalisco,048,Jesús María,0243,Los Moscos,4
14,Jalisco,048,Jesús María,0245,La Palma,6.42
14,Jalisco,048,Jesús María,0249,San Miguel de la Trinidad,5.13
14,Jalisco,048,Jesús María,0250,Las Jaras,4.92
14,Jalisco,048,Jesús María,0254,Los Llanitos,5.64
14,Jalisco,048,Jesús María,0259,Los Chiqueros,3.67
14,Jalisco,048,Jesús María,0265,Crucero de Jesús María,5.6
14,Jalisco,048,Jesús María,0266,Los Laureles,9.39
14,Jalisco,048,Jesús María,0267,La Loma,5.75
14,Jalisco,048,Jesús María,0272,El Pozo de Jorge,4
14,Jalisco,048,Jesús María,0275,Rancho Guadalupe,5.63
14,Jalisco,048,Jesús María,0288,El Chaparral,6.54
14,Jalisco,048,Jesús María,0293,La Yerbabuena,5.63
14,Jalisco,048,Jesús María,0294,La Escondida Chica,3.38
14,Jalisco,048,Jesús María,0296,Los Sauces,5.85
14,Jalisco,048,Jesús María,0297,Las Raíces,5.61
14,Jalisco,048,Jesús María,9998,Localidades de una vivienda,5.45
14,Jalisco,048,Jesús María,9999,Localidades de dos viviendas,4.81
14,Jalisco,049,Jilotlán de los Dolores,0001,Jilotlán de los Dolores,7.69
14,Jalisco,049,Jilotlán de los Dolores,0005,El Aguacate del Potrerillo,7.53
14,Jalisco,049,Jilotlán de los Dolores,0006,La Aguacatera,2
14,Jalisco,049,Jilotlán de los Dolores,0008,Los Almácigos,4.58
14,Jalisco,049,Jilotlán de los Dolores,0015,El Limón y Anexos (Las Parotas),4.13
14,Jalisco,049,Jilotlán de los Dolores,0019,Barranca del Toro (El Toro),4.5
14,Jalisco,049,Jilotlán de los Dolores,0028,Cahuilote,7.45
14,Jalisco,049,Jilotlán de los Dolores,0030,Calderas de Vargas,7.5
14,Jalisco,049,Jilotlán de los Dolores,0031,La Camichina,4.17
14,Jalisco,049,Jilotlán de los Dolores,0033,Canchol,6.71
14,Jalisco,049,Jilotlán de los Dolores,0038,El Capulín,4.67
14,Jalisco,049,Jilotlán de los Dolores,0053,Ciriancito,1.7
14,Jalisco,049,Jilotlán de los Dolores,0062,Corongoros,7.2
14,Jalisco,049,Jilotlán de los Dolores,0078,Galeras Blancas,5.59
14,Jalisco,049,Jilotlán de los Dolores,0079,Gallardo,6.35
14,Jalisco,049,Jilotlán de los Dolores,0086,Las Higueras,6.57
14,Jalisco,049,Jilotlán de los Dolores,0087,Las Higuerillas,6.8
14,Jalisco,049,Jilotlán de los Dolores,0090,Huapala,7.42
14,Jalisco,049,Jilotlán de los Dolores,0091,Huichitila,6.93
14,Jalisco,049,Jilotlán de los Dolores,0097,La Joya,6.63
14,Jalisco,049,Jilotlán de los Dolores,0098,Juan y Diego,6.81
14,Jalisco,049,Jilotlán de los Dolores,0109,El Limón (La Limonera),5.75
14,Jalisco,049,Jilotlán de los Dolores,0112,Villa Doctor Gómez (Las Lomas),5.37
14,Jalisco,049,Jilotlán de los Dolores,0116,El Maríz,7.58
14,Jalisco,049,Jilotlán de los Dolores,0126,Los Nogales,7.89
14,Jalisco,049,Jilotlán de los Dolores,0128,Las Nueces,6.41
14,Jalisco,049,Jilotlán de los Dolores,0130,Los Olivos,6.2
14,Jalisco,049,Jilotlán de los Dolores,0131,Ordeñitas,6.44
14,Jalisco,049,Jilotlán de los Dolores,0134,Los Otates,5.6
14,Jalisco,049,Jilotlán de los Dolores,0136,El Pajal,7.18
14,Jalisco,049,Jilotlán de los Dolores,0157,Platanarillo,6.4
14,Jalisco,049,Jilotlán de los Dolores,0159,Playa Colorada,3.79
14,Jalisco,049,Jilotlán de los Dolores,0165,Pueblo Viejo,5.04
14,Jalisco,049,Jilotlán de los Dolores,0170,El Ranchito,5.94
14,Jalisco,049,Jilotlán de los Dolores,0173,Rancho Viejo,6.67
14,Jalisco,049,Jilotlán de los Dolores,0177,El Rincón,6.04
14,Jalisco,049,Jilotlán de los Dolores,0178,El Rodeo,6.81
14,Jalisco,049,Jilotlán de los Dolores,0179,Salatito Uno (Santa Inés),4.67
14,Jalisco,049,Jilotlán de los Dolores,0185,San Francisco,6.85
14,Jalisco,049,Jilotlán de los Dolores,0187,Los Sauces,6.33
14,Jalisco,049,Jilotlán de los Dolores,0188,El Saucito,8.42
14,Jalisco,049,Jilotlán de los Dolores,0191,El Soyatal,6.32
14,Jalisco,049,Jilotlán de los Dolores,0195,Tazumbos,6.36
14,Jalisco,049,Jilotlán de los Dolores,0197,La Tepeguajera,5.33
14,Jalisco,049,Jilotlán de los Dolores,0199,El Terrero,6.01
14,Jalisco,049,Jilotlán de los Dolores,0210,El Arenal,5.79
14,Jalisco,049,Jilotlán de los Dolores,0219,La Huinarera,6
14,Jalisco,049,Jilotlán de los Dolores,0220,La Higuera Bonita,7.6
14,Jalisco,049,Jilotlán de los Dolores,0226,La Pareja,4
14,Jalisco,049,Jilotlán de los Dolores,0227,Rancho Nuevo (El Murciélago),5.88
14,Jalisco,049,Jilotlán de los Dolores,0235,Tandiguán,5.88
14,Jalisco,049,Jilotlán de los Dolores,0245,El Ortigo,4.88
14,Jalisco,049,Jilotlán de los Dolores,0248,El Empedrado,7.68
14,Jalisco,049,Jilotlán de los Dolores,0250,La Guadalupe,7.24
14,Jalisco,049,Jilotlán de los Dolores,0256,La Ocotera,6.33
14,Jalisco,049,Jilotlán de los Dolores,0258,Playa del Arroz,7.13
14,Jalisco,049,Jilotlán de los Dolores,0261,Las Parotas,7.2
14,Jalisco,049,Jilotlán de los Dolores,0266,La Agujita,3.5
14,Jalisco,049,Jilotlán de los Dolores,0270,El Atravesaño,4.6
14,Jalisco,049,Jilotlán de los Dolores,0291,El Limoncito,5.86
14,Jalisco,049,Jilotlán de los Dolores,0306,Piedras Blancas,5.93
14,Jalisco,049,Jilotlán de los Dolores,0307,Platanar,3
14,Jalisco,049,Jilotlán de los Dolores,0308,El Platanillo,5.33
14,Jalisco,049,Jilotlán de los Dolores,0310,Los Pochotes (Cholula),6.26
14,Jalisco,049,Jilotlán de los Dolores,0312,Puerto Blanco,6.17
14,Jalisco,049,Jilotlán de los Dolores,0355,Ojo de Agua,7.13
14,Jalisco,049,Jilotlán de los Dolores,0435,Barranca de San Juan de Dios,4.38
14,Jalisco,049,Jilotlán de los Dolores,0437,Benito Juárez (El Crucero),6.04
14,Jalisco,049,Jilotlán de los Dolores,0458,La Huizachera,5.8
14,Jalisco,049,Jilotlán de los Dolores,0461,Limoncito de Castrejón (El Limoncito),6.13
14,Jalisco,049,Jilotlán de los Dolores,0466,La Minita,6.86
14,Jalisco,049,Jilotlán de los Dolores,0479,Presa Constitución de Apatzingán,6.04
14,Jalisco,049,Jilotlán de los Dolores,0481,El Puerto de Luces (El Riyito),7.62
14,Jalisco,049,Jilotlán de los Dolores,0497,La Parota,4.43
14,Jalisco,049,Jilotlán de los Dolores,0512,Las Ortices,8.36
14,Jalisco,049,Jilotlán de los Dolores,0513,La Mora,5
14,Jalisco,049,Jilotlán de los Dolores,9998,Localidades de una vivienda,5.8
14,Jalisco,049,Jilotlán de los Dolores,9999,Localidades de dos viviendas,5.75
14,Jalisco,050,Jocotepec,0001,Jocotepec,8.79
14,Jalisco,050,Jocotepec,0002,Chantepec (El Chante),8.37
14,Jalisco,050,Jocotepec,0003,Huejotitán,7.55
14,Jalisco,050,Jocotepec,0004,El Molino,7.47
14,Jalisco,050,Jocotepec,0007,Potrerillos,6.48
14,Jalisco,050,Jocotepec,0008,San Cristóbal Zapotitlán,7.5
14,Jalisco,050,Jocotepec,0011,San Juan Cosalá,8.25
14,Jalisco,050,Jocotepec,0012,San Luciano,7.23
14,Jalisco,050,Jocotepec,0013,San Martín,8.9
14,Jalisco,050,Jocotepec,0014,San Pedro Tesistán,6.58
14,Jalisco,050,Jocotepec,0015,El Sauz,6.15
14,Jalisco,050,Jocotepec,0016,Las Trojes,6.6
14,Jalisco,050,Jocotepec,0017,Zapotitán de Hidalgo,7.85
14,Jalisco,050,Jocotepec,0019,Jaltepec,9.12
14,Jalisco,050,Jocotepec,0021,San Pablo,12.8
14,Jalisco,050,Jocotepec,0025,Roca Azul,12.59
14,Jalisco,050,Jocotepec,0029,El Salitre,7.52
14,Jalisco,050,Jocotepec,0039,Puerta Chica (Crucero Potrerillos),8.12
14,Jalisco,050,Jocotepec,0048,Los Faisanes,5
14,Jalisco,050,Jocotepec,0051,El Salitre (Villa Leal),7.77
14,Jalisco,050,Jocotepec,0071,La Cristina,11.82
14,Jalisco,050,Jocotepec,0080,La Mojonera,14
14,Jalisco,050,Jocotepec,0089,San Juan Evangelista (San Juan),6.73
14,Jalisco,050,Jocotepec,0103,El Tempisque,10.23
14,Jalisco,050,Jocotepec,0105,Los Ranchitos,5.89
14,Jalisco,050,Jocotepec,0108,La Mandarina,10.17
14,Jalisco,050,Jocotepec,9998,Localidades de una vivienda,6.74
14,Jalisco,050,Jocotepec,9999,Localidades de dos viviendas,8.8
14,Jalisco,051,Juanacatlán,0001,Juanacatlán,9.46
14,Jalisco,051,Juanacatlán,0002,La Aurora,8.99
14,Jalisco,051,Juanacatlán,0004,Casa de Teja,8.51
14,Jalisco,051,Juanacatlán,0007,Rancho Nuevo (Estancia de Guadalupe),8.23
14,Jalisco,051,Juanacatlán,0008,San Antonio Juanacaxtle,8.77
14,Jalisco,051,Juanacatlán,0009,Miraflores,7.76
14,Jalisco,051,Juanacatlán,0010,San Isidro (El Jabalí),7.72
14,Jalisco,051,Juanacatlán,0011,El Saucillo,6.43
14,Jalisco,051,Juanacatlán,0013,Ex-Hacienda de Zapotlanejo,9.11
14,Jalisco,051,Juanacatlán,0014,Puente Viejo [Club Náutico],9.34
14,Jalisco,051,Juanacatlán,0015,La Mesa Blanca,7.27
14,Jalisco,051,Juanacatlán,0016,Los Arcos,7.68
14,Jalisco,051,Juanacatlán,0017,La Atarjea,9.78
14,Jalisco,051,Juanacatlán,0019,La Colonia,10
14,Jalisco,051,Juanacatlán,0021,La Estancia,8.8
14,Jalisco,051,Juanacatlán,0024,La Haciendita,8
14,Jalisco,051,Juanacatlán,0027,La Mezcalilla,9.61
14,Jalisco,051,Juanacatlán,0039,El Varal,6.38
14,Jalisco,051,Juanacatlán,0043,La Miseria,9.65
14,Jalisco,051,Juanacatlán,9998,Localidades de una vivienda,11.19
14,Jalisco,051,Juanacatlán,9999,Localidades de dos viviendas,6.55
14,Jalisco,052,Juchitlán,0001,Juchitlán,8.3
14,Jalisco,052,Juchitlán,0002,Aguacaliente,4.67
14,Jalisco,052,Juchitlán,0005,Agua Escondida,7.5
14,Jalisco,052,Juchitlán,0007,Camichines,7.58
14,Jalisco,052,Juchitlán,0008,La Candelaria,5.57
14,Jalisco,052,Juchitlán,0009,Cofradía de Abajo,5.5
14,Jalisco,052,Juchitlán,0012,Los Corrales (Villa de Guadalupe),6.51
14,Jalisco,052,Juchitlán,0014,Los Guajes,8.1
14,Jalisco,052,Juchitlán,0018,Las Juntas,7.02
14,Jalisco,052,Juchitlán,0025,Los Ojos de Agua,7.6
14,Jalisco,052,Juchitlán,0032,Rancho Viejo,8.02
14,Jalisco,052,Juchitlán,0033,Santa María,7.2
14,Jalisco,052,Juchitlán,0035,La Tinaja,6.52
14,Jalisco,052,Juchitlán,0043,Tamazula,6.79
14,Jalisco,052,Juchitlán,0051,El Bosque,9.58
14,Jalisco,052,Juchitlán,0066,La Cruz,7.9
14,Jalisco,052,Juchitlán,9998,Localidades de una vivienda,7.8
14,Jalisco,052,Juchitlán,9999,Localidades de dos viviendas,7.38
14,Jalisco,053,Lagos de Moreno,0001,Lagos de Moreno,9.76
14,Jalisco,053,Lagos de Moreno,0006,Las Alfalfas,7.59
14,Jalisco,053,Lagos de Moreno,0010,El Alto de Encinillas,3.82
14,Jalisco,053,Lagos de Moreno,0019,Atrixco,5.09
14,Jalisco,053,Lagos de Moreno,0021,Los Azulitos,7.21
14,Jalisco,053,Lagos de Moreno,0024,La Barranca del Refugio,6
14,Jalisco,053,Lagos de Moreno,0025,Bernalejo,5.4
14,Jalisco,053,Lagos de Moreno,0026,Bernalejo (Comanja),4.93
14,Jalisco,053,Lagos de Moreno,0027,Betulia,7.54
14,Jalisco,053,Lagos de Moreno,0028,Buenavista (San Miguel),7.3
14,Jalisco,053,Lagos de Moreno,0031,El Cajón de Abajo,7.75
14,Jalisco,053,Lagos de Moreno,0032,El Callejón,6
14,Jalisco,053,Lagos de Moreno,0034,Canoas,6.43
14,Jalisco,053,Lagos de Moreno,0035,La Cantera (La Cantera de los Moreno),6.71
14,Jalisco,053,Lagos de Moreno,0036,Cantera de Torres,4.54
14,Jalisco,053,Lagos de Moreno,0038,Cañada de Ricos (Tepetates),7.39
14,Jalisco,053,Lagos de Moreno,0044,El Castillo,5.29
14,Jalisco,053,Lagos de Moreno,0046,Ceja de Bolitas (La Ceja),6.71
14,Jalisco,053,Lagos de Moreno,0048,El Cerrito (Cerritos),6.75
14,Jalisco,053,Lagos de Moreno,0053,El Circo,6.15
14,Jalisco,053,Lagos de Moreno,0055,Las Cofradías,6.37
14,Jalisco,053,Lagos de Moreno,0057,Comanja de Corona,6.79
14,Jalisco,053,Lagos de Moreno,0059,El Soyate,7.21
14,Jalisco,053,Lagos de Moreno,0063,Las Cruces,6.49
14,Jalisco,053,Lagos de Moreno,0064,Las Crucitas,6.23
14,Jalisco,053,Lagos de Moreno,0065,La Cruz,6.35
14,Jalisco,053,Lagos de Moreno,0066,Paso de Cuarenta (San Miguel de Cuarenta),7.55
14,Jalisco,053,Lagos de Moreno,0067,Cuautitlán,6.63
14,Jalisco,053,Lagos de Moreno,0069,Chayotillo,6.62
14,Jalisco,053,Lagos de Moreno,0070,Chero,3
14,Jalisco,053,Lagos de Moreno,0071,Chipinque de Abajo,7.79
14,Jalisco,053,Lagos de Moreno,0072,Chipinque de Arriba,6.11
14,Jalisco,053,Lagos de Moreno,0075,Dieciocho de Marzo,6.35
14,Jalisco,053,Lagos de Moreno,0076,Dolores,6
14,Jalisco,053,Lagos de Moreno,0079,La Escondida,6.41
14,Jalisco,053,Lagos de Moreno,0082,La Estancia,6.57
14,Jalisco,053,Lagos de Moreno,0084,La Florida,5.17
14,Jalisco,053,Lagos de Moreno,0085,Francisco Primo de Verdad (Ciénega de Mata),6.38
14,Jalisco,053,Lagos de Moreno,0086,La Galera,5.31
14,Jalisco,053,Lagos de Moreno,0091,El Hallazgo,7.8
14,Jalisco,053,Lagos de Moreno,0093,La Hoyuela de Torres,6.51
14,Jalisco,053,Lagos de Moreno,0094,Las Huertas,6.8
14,Jalisco,053,Lagos de Moreno,0095,La Isla,7.39
14,Jalisco,053,Lagos de Moreno,0096,El Ixtle,6.04
14,Jalisco,053,Lagos de Moreno,0098,El Jagüey,6.23
14,Jalisco,053,Lagos de Moreno,0099,El Jaral,7.17
14,Jalisco,053,Lagos de Moreno,0101,Jaramillo de Abajo,5.57
14,Jalisco,053,Lagos de Moreno,0102,Jaramillo de Arriba,5.83
14,Jalisco,053,Lagos de Moreno,0103,Jaritas,6.22
14,Jalisco,053,Lagos de Moreno,0107,Labor de Padilla,5.9
14,Jalisco,053,Lagos de Moreno,0110,La Ladera,5.68
14,Jalisco,053,Lagos de Moreno,0113,Lagunillas,6
14,Jalisco,053,Lagos de Moreno,0115,Ledesma,6.71
14,Jalisco,053,Lagos de Moreno,0117,Lo de Ávalos,5.93
14,Jalisco,053,Lagos de Moreno,0118,Loma de Amapola,5.93
14,Jalisco,053,Lagos de Moreno,0119,Loma de Espinosa,4.67
14,Jalisco,053,Lagos de Moreno,0120,Loma de Mena,5.71
14,Jalisco,053,Lagos de Moreno,0121,Loma de Prados,6.33
14,Jalisco,053,Lagos de Moreno,0122,Loma de Veloces,6.63
14,Jalisco,053,Lagos de Moreno,0124,Los Llanitos,4.6
14,Jalisco,053,Lagos de Moreno,0127,El Refugio (El Maguey),6.83
14,Jalisco,053,Lagos de Moreno,0129,Las Mangas,6.22
14,Jalisco,053,Lagos de Moreno,0132,Matamoros los Hoyos,6.74
14,Jalisco,053,Lagos de Moreno,0133,Melo,5.67
14,Jalisco,053,Lagos de Moreno,0135,La Merced (La Chona),6.84
14,Jalisco,053,Lagos de Moreno,0138,El Mesoncito,7.18
14,Jalisco,053,Lagos de Moreno,0142,El Molino de Nazas (El Molino),6.3
14,Jalisco,053,Lagos de Moreno,0144,El Mosco,5.23
14,Jalisco,053,Lagos de Moreno,0145,Alto de Moya,5.4
14,Jalisco,053,Lagos de Moreno,0153,El Ojuelo,7.54
14,Jalisco,053,Lagos de Moreno,0154,Los Olivos,6.71
14,Jalisco,053,Lagos de Moreno,0156,El Olotón (El Vergel),4.21
14,Jalisco,053,Lagos de Moreno,0159,La Palmita,7.15
14,Jalisco,053,Lagos de Moreno,0161,Las Palomas,7.06
14,Jalisco,053,Lagos de Moreno,0166,Paso de la Mesa,5.82
14,Jalisco,053,Lagos de Moreno,0167,Las Peñitas,6.98
14,Jalisco,053,Lagos de Moreno,0171,La Perlita,5
14,Jalisco,053,Lagos de Moreno,0177,Portezuelos de González (El Zapote),7.93
14,Jalisco,053,Lagos de Moreno,0178,El Posirón,5.59
14,Jalisco,053,Lagos de Moreno,0179,Potrerillos,5.25
14,Jalisco,053,Lagos de Moreno,0183,La Presa de Cuarenta,5.57
14,Jalisco,053,Lagos de Moreno,0185,Primero de Mayo (Chupaderos),7.25
14,Jalisco,053,Lagos de Moreno,0188,La Providencia [Granja],6
14,Jalisco,053,Lagos de Moreno,0190,Puerta la Chiripa (La Pascuala),7.22
14,Jalisco,053,Lagos de Moreno,0193,Puerta del Llano,5.33
14,Jalisco,053,Lagos de Moreno,0194,Puerto del Cuarenta,6.44
14,Jalisco,053,Lagos de Moreno,0195,El Puesto,7.08
14,Jalisco,053,Lagos de Moreno,0196,La Punta,6.21
14,Jalisco,053,Lagos de Moreno,0198,La Purísima,7.81
14,Jalisco,053,Lagos de Moreno,0199,El Ranchito,7.73
14,Jalisco,053,Lagos de Moreno,0201,Rancho Nuevo Dos,5.76
14,Jalisco,053,Lagos de Moreno,0211,El Reparo,6.48
14,Jalisco,053,Lagos de Moreno,0213,Rancho Seco (Rincón de Mesa),5.84
14,Jalisco,053,Lagos de Moreno,0215,Plan de los Rodríguez,7.56
14,Jalisco,053,Lagos de Moreno,0216,Sabino,6.72
14,Jalisco,053,Lagos de Moreno,0224,San Antonio de Buenavista,6.77
14,Jalisco,053,Lagos de Moreno,0225,San Antonio de las Cruces,6
14,Jalisco,053,Lagos de Moreno,0228,San Bernardo,7.29
14,Jalisco,053,Lagos de Moreno,0230,San Cristóbal,6.73
14,Jalisco,053,Lagos de Moreno,0234,San Francisco de los Romanes,6.45
14,Jalisco,053,Lagos de Moreno,0237,San Francisco de Olivo,3.76
14,Jalisco,053,Lagos de Moreno,0240,San Isidro de Abajo,7.15
14,Jalisco,053,Lagos de Moreno,0241,San Isidro de en Medio,7.97
14,Jalisco,053,Lagos de Moreno,0242,San Isidro de Arriba,7.22
14,Jalisco,053,Lagos de Moreno,0245,San Joaquín,7.22
14,Jalisco,053,Lagos de Moreno,0248,San Juanico,5.82
14,Jalisco,053,Lagos de Moreno,0250,San José de los Díaz,6.38
14,Jalisco,053,Lagos de Moreno,0255,San Luis Gonzaga,8.08
14,Jalisco,053,Lagos de Moreno,0261,San Pedro,6.15
14,Jalisco,053,Lagos de Moreno,0265,San Rafael,8.3
14,Jalisco,053,Lagos de Moreno,0268,Santa Anita,5.52
14,Jalisco,053,Lagos de Moreno,0270,Santa Cruz,6.69
14,Jalisco,053,Lagos de Moreno,0273,Santa Emilia,5.4
14,Jalisco,053,Lagos de Moreno,0275,Santa Inés,6.7
14,Jalisco,053,Lagos de Moreno,0277,Santa María de Gallardo,9
14,Jalisco,053,Lagos de Moreno,0278,Santa Rita,4.72
14,Jalisco,053,Lagos de Moreno,0279,Santa Teresa,6.05
14,Jalisco,053,Lagos de Moreno,0281,Santo Domingo,6.89
14,Jalisco,053,Lagos de Moreno,0284,La Sauceda (Pedro Moreno),6.74
14,Jalisco,053,Lagos de Moreno,0287,Los Sauces,6.63
14,Jalisco,053,Lagos de Moreno,0292,La Silleta,4.29
14,Jalisco,053,Lagos de Moreno,0293,El Sitio,7.57
14,Jalisco,053,Lagos de Moreno,0299,Tacubaya,6.52
14,Jalisco,053,Lagos de Moreno,0309,Torrecillas (El Lindero),7.68
14,Jalisco,053,Lagos de Moreno,0310,La Troje (Los Nogales),6.43
14,Jalisco,053,Lagos de Moreno,0311,La Troje (Las Trojes),4.75
14,Jalisco,053,Lagos de Moreno,0313,La Unión,7.2
14,Jalisco,053,Lagos de Moreno,0317,La Venta,14.68
14,Jalisco,053,Lagos de Moreno,0323,Villegas,7.45
14,Jalisco,053,Lagos de Moreno,0324,La Virgen,6.73
14,Jalisco,053,Lagos de Moreno,0326,El Zapote,4.81
14,Jalisco,053,Lagos de Moreno,0328,Los Alambres (Ejido Santa Elena),6.43
14,Jalisco,053,Lagos de Moreno,0332,Los Arquitos,11
14,Jalisco,053,Lagos de Moreno,0333,La Arronera,8.63
14,Jalisco,053,Lagos de Moreno,0334,La Atarjea,6.5
14,Jalisco,053,Lagos de Moreno,0337,El Basilisco,4.83
14,Jalisco,053,Lagos de Moreno,0344,Granadillas (La Colonia),8.28
14,Jalisco,053,Lagos de Moreno,0345,La Congoja (Rincón de Bernalejo),8.8
14,Jalisco,053,Lagos de Moreno,0351,La Daga,5.26
14,Jalisco,053,Lagos de Moreno,0360,Juan Álvarez,6.5
14,Jalisco,053,Lagos de Moreno,0361,La Loma (La Lomita),4.33
14,Jalisco,053,Lagos de Moreno,0365,Miranda del Refugio,5.39
14,Jalisco,053,Lagos de Moreno,0367,Rancho Nuevo,6.7
14,Jalisco,053,Lagos de Moreno,0369,El Parián,8.27
14,Jalisco,053,Lagos de Moreno,0386,Salsipuedes (El Puerto),7.39
14,Jalisco,053,Lagos de Moreno,0391,San Jorge (Macedonio Ayala),7.11
14,Jalisco,053,Lagos de Moreno,0392,Santana,0.75
14,Jalisco,053,Lagos de Moreno,0404,Las Tortugas,7.6
14,Jalisco,053,Lagos de Moreno,0408,Zitácuaro,4.94
14,Jalisco,053,Lagos de Moreno,0415,Ojo de Agua,7.09
14,Jalisco,053,Lagos de Moreno,0431,Cieneguilla,5.22
14,Jalisco,053,Lagos de Moreno,0433,Providencia,7.36
14,Jalisco,053,Lagos de Moreno,0446,Las Huertas,6.14
14,Jalisco,053,Lagos de Moreno,0461,Ejido de Moya,8.5
14,Jalisco,053,Lagos de Moreno,0467,La Escuadra,6.7
14,Jalisco,053,Lagos de Moreno,0473,Portugalejo,8.45
14,Jalisco,053,Lagos de Moreno,0474,Los Potreritos de Ojo de Agua,4.13
14,Jalisco,053,Lagos de Moreno,0476,El Argel,7.86
14,Jalisco,053,Lagos de Moreno,0478,Las Cardonas,3.67
14,Jalisco,053,Lagos de Moreno,0479,Los Fresnos,7.5
14,Jalisco,053,Lagos de Moreno,0488,Puerta del Llano,8.54
14,Jalisco,053,Lagos de Moreno,0494,San Pablo de Nazas,6.29
14,Jalisco,053,Lagos de Moreno,0496,El Tutano,5.85
14,Jalisco,053,Lagos de Moreno,0502,San Antonio de Padua,6.59
14,Jalisco,053,Lagos de Moreno,0503,San Juanito (San Juan sin Agua),7.06
14,Jalisco,053,Lagos de Moreno,0517,El Molino,6.47
14,Jalisco,053,Lagos de Moreno,0525,El Purgatorio,6.4
14,Jalisco,053,Lagos de Moreno,0530,El Bajío (La Laguna),7.79
14,Jalisco,053,Lagos de Moreno,0531,El Mesoncito,7.03
14,Jalisco,053,Lagos de Moreno,0532,La Orilla del Agua,7.46
14,Jalisco,053,Lagos de Moreno,0537,La Asunción,4.43
14,Jalisco,053,Lagos de Moreno,0540,Las Barrancas,6.58
14,Jalisco,053,Lagos de Moreno,0545,Los Terreritos,4.83
14,Jalisco,053,Lagos de Moreno,0551,Jesús María,6.9
14,Jalisco,053,Lagos de Moreno,0557,La Tinaja,3.1
14,Jalisco,053,Lagos de Moreno,0559,El Arenal,8.31
14,Jalisco,053,Lagos de Moreno,0580,San Antonio de los Reyes,6.42
14,Jalisco,053,Lagos de Moreno,0582,El Torreón,6.65
14,Jalisco,053,Lagos de Moreno,0583,El Huiroche,6.49
14,Jalisco,053,Lagos de Moreno,0587,La Media Luna,8.13
14,Jalisco,053,Lagos de Moreno,0589,La Esperanza,8.29
14,Jalisco,053,Lagos de Moreno,0590,Granja Mary,11.25
14,Jalisco,053,Lagos de Moreno,0591,San Rafael,7.16
14,Jalisco,053,Lagos de Moreno,0600,Los Salas,2.2
14,Jalisco,053,Lagos de Moreno,0604,Los Manzanos,14.88
14,Jalisco,053,Lagos de Moreno,0606,Rancho Colorado,9.77
14,Jalisco,053,Lagos de Moreno,0619,Agua Azul,6.44
14,Jalisco,053,Lagos de Moreno,0622,La Ciénega,4.88
14,Jalisco,053,Lagos de Moreno,0624,Fracción Santiago,6.82
14,Jalisco,053,Lagos de Moreno,0625,La Gloria,4.47
14,Jalisco,053,Lagos de Moreno,0626,El Jaralito,6.59
14,Jalisco,053,Lagos de Moreno,0628,Montelera,7.92
14,Jalisco,053,Lagos de Moreno,0637,La Mejorana,6.5
14,Jalisco,053,Lagos de Moreno,0649,Los Macías (Los Zapotes),7.71
14,Jalisco,053,Lagos de Moreno,0650,Rancho el Pirul,6.75
14,Jalisco,053,Lagos de Moreno,0658,El Pradito,8.42
14,Jalisco,053,Lagos de Moreno,0671,El Cerrito,8.57
14,Jalisco,053,Lagos de Moreno,0672,Los Chícharos,8.36
14,Jalisco,053,Lagos de Moreno,0677,Huertas Familiares San Pedro,8.56
14,Jalisco,053,Lagos de Moreno,0680,Los Pinos,7.87
14,Jalisco,053,Lagos de Moreno,0683,Rancho los Hernández,7
14,Jalisco,053,Lagos de Moreno,0684,Avilag [La Granja],7.15
14,Jalisco,053,Lagos de Moreno,0686,Las Presas,6.69
14,Jalisco,053,Lagos de Moreno,0689,Rancho los Gallardo,9.03
14,Jalisco,053,Lagos de Moreno,0690,Labor de San Agustín (Los Zermeño),10.92
14,Jalisco,053,Lagos de Moreno,0692,Los Alamitos,9.74
14,Jalisco,053,Lagos de Moreno,0694,Altamira,6.05
14,Jalisco,053,Lagos de Moreno,0695,El Alto del Refugio,10
14,Jalisco,053,Lagos de Moreno,0696,Las Amapolas,5.4
14,Jalisco,053,Lagos de Moreno,0697,Los Arbolitos,5.86
14,Jalisco,053,Lagos de Moreno,0699,La Barranca,7.43
14,Jalisco,053,Lagos de Moreno,0701,El Cajón de Arriba,9.33
14,Jalisco,053,Lagos de Moreno,0706,Casas Blancas,6.9
14,Jalisco,053,Lagos de Moreno,0707,Casas Blancas,7.77
14,Jalisco,053,Lagos de Moreno,0711,Cuatro Milpas,8.43
14,Jalisco,053,Lagos de Moreno,0715,El Conejo,6.4
14,Jalisco,053,Lagos de Moreno,0721,Dieciocho de Marzo,7.38
14,Jalisco,053,Lagos de Moreno,0722,Ejido Cañada de Ricos (La Alfalfa),6.66
14,Jalisco,053,Lagos de Moreno,0726,La Esperanza II,7.86
14,Jalisco,053,Lagos de Moreno,0730,El Frijolito,8.75
14,Jalisco,053,Lagos de Moreno,0734,El Girasol,4.71
14,Jalisco,053,Lagos de Moreno,0735,Los Gorriones,9.83
14,Jalisco,053,Lagos de Moreno,0738,El Rincón [Granja],5
14,Jalisco,053,Lagos de Moreno,0750,Lindavista,6.41
14,Jalisco,053,Lagos de Moreno,0751,Los Lirios,7.06
14,Jalisco,053,Lagos de Moreno,0752,Llano de Miranda,6.36
14,Jalisco,053,Lagos de Moreno,0754,Lomas de Jaramillo de Abajo,6.45
14,Jalisco,053,Lagos de Moreno,0757,La Luz,8
14,Jalisco,053,Lagos de Moreno,0766,Villas Ecológicas los Nardos (Los Nardos),9.43
14,Jalisco,053,Lagos de Moreno,0768,Ojo de Agua,6.15
14,Jalisco,053,Lagos de Moreno,0772,La Palma,8.62
14,Jalisco,053,Lagos de Moreno,0776,Los Pérez,7.42
14,Jalisco,053,Lagos de Moreno,0795,Rancho los Hernández,8.14
14,Jalisco,053,Lagos de Moreno,0801,El Rincón,7.38
14,Jalisco,053,Lagos de Moreno,0808,San Antonio de las Flores,6.04
14,Jalisco,053,Lagos de Moreno,0814,San José de la Luz,7.17
14,Jalisco,053,Lagos de Moreno,0815,San José de los Granados,9
14,Jalisco,053,Lagos de Moreno,0816,San José del Potrero,7.49
14,Jalisco,053,Lagos de Moreno,0817,San Matías,6.69
14,Jalisco,053,Lagos de Moreno,0818,San Nicolás,7.51
14,Jalisco,053,Lagos de Moreno,0819,San Rafael,8.05
14,Jalisco,053,Lagos de Moreno,0820,Santa Cruz,9.09
14,Jalisco,053,Lagos de Moreno,0821,Santa Elena,5.5
14,Jalisco,053,Lagos de Moreno,0823,Santa Lucía,5.92
14,Jalisco,053,Lagos de Moreno,0824,Santo Domingo (Arroyo del Palo),7
14,Jalisco,053,Lagos de Moreno,0830,La Tabla del Fuerte,9.33
14,Jalisco,053,Lagos de Moreno,0831,El Tanque de Don Juan,4.86
14,Jalisco,053,Lagos de Moreno,0837,La Trinidad,8.86
14,Jalisco,053,Lagos de Moreno,0842,Cañada de Ricos,7.9
14,Jalisco,053,Lagos de Moreno,0845,Colonia Agua Caliente,8.29
14,Jalisco,053,Lagos de Moreno,0846,Camino Real,4.61
14,Jalisco,053,Lagos de Moreno,0847,La Cascarona,5.9
14,Jalisco,053,Lagos de Moreno,0852,Potrero de Guadalupe,7.59
14,Jalisco,053,Lagos de Moreno,0857,La Ermita,4.36
14,Jalisco,053,Lagos de Moreno,0861,El Puente,7.39
14,Jalisco,053,Lagos de Moreno,0863,Rentería,4.33
14,Jalisco,053,Lagos de Moreno,0865,Casas Nuevas,4.6
14,Jalisco,053,Lagos de Moreno,0869,La Leona,5.86
14,Jalisco,053,Lagos de Moreno,0870,Providencia,9.5
14,Jalisco,053,Lagos de Moreno,0874,San José del Cigarral,5.67
14,Jalisco,053,Lagos de Moreno,0883,Camino a la Higuera,6.64
14,Jalisco,053,Lagos de Moreno,0884,Camino al Puesto,12.83
14,Jalisco,053,Lagos de Moreno,0885,El Mole,6.44
14,Jalisco,053,Lagos de Moreno,0893,El Rancho de la Viuda,7.64
14,Jalisco,053,Lagos de Moreno,0900,El Lobo Dos,5.88
14,Jalisco,053,Lagos de Moreno,0901,San Andrés,5.55
14,Jalisco,053,Lagos de Moreno,0904,Noche Buena,5.67
14,Jalisco,053,Lagos de Moreno,0908,Ejido Santa Elena,7.48
14,Jalisco,053,Lagos de Moreno,0917,El Arbolito,4.76
14,Jalisco,053,Lagos de Moreno,0919,Geovillas Laureles del Campanario,10.37
14,Jalisco,053,Lagos de Moreno,0920,Los Cerritos,5.09
14,Jalisco,053,Lagos de Moreno,0923,Rancho Jl [Fraccionamiento Valle de los Reyes],14.36
14,Jalisco,053,Lagos de Moreno,0926,Jacales,6.09
14,Jalisco,053,Lagos de Moreno,0927,Cristeros [Fraccionamiento],8.22
14,Jalisco,053,Lagos de Moreno,0928,La Galera [Granja],4.87
14,Jalisco,053,Lagos de Moreno,9998,Localidades de una vivienda,5.8
14,Jalisco,053,Lagos de Moreno,9999,Localidades de dos viviendas,6.66
14,Jalisco,054,El Limón,0001,El Limón,9.1
14,Jalisco,054,El Limón,0002,La Ciénega,7.39
14,Jalisco,054,El Limón,0003,El Palmar de San Antonio,6.6
14,Jalisco,054,El Limón,0004,El Rodeo,9.11
14,Jalisco,054,El Limón,0005,San Buenaventura,7.17
14,Jalisco,054,El Limón,0006,San Juan de Amula,7.49
14,Jalisco,054,El Limón,0007,San Miguel Hidalgo,8.69
14,Jalisco,054,El Limón,0008,San Roque,6.95
14,Jalisco,054,El Limón,0010,El Recodo,9.33
14,Jalisco,055,Magdalena,0001,Magdalena,8.96
14,Jalisco,055,Magdalena,0003,La Joya,8.34
14,Jalisco,055,Magdalena,0004,Lo de Guevara (La Loma),8.51
14,Jalisco,055,Magdalena,0006,Ojo Zarco,7.89
14,Jalisco,055,Magdalena,0007,La Quemada,8.86
14,Jalisco,055,Magdalena,0008,San Andrés,8.09
14,Jalisco,055,Magdalena,0009,San Simón,6.96
14,Jalisco,055,Magdalena,0010,Santa María,7.32
14,Jalisco,055,Magdalena,0015,Las Matas,7.51
14,Jalisco,055,Magdalena,0037,Colonia Xochiltepec Segunda Sección,8.03
14,Jalisco,055,Magdalena,0039,Los Zapotes,7.27
14,Jalisco,055,Magdalena,0048,La Cofradía,8.64
14,Jalisco,055,Magdalena,0049,El Mezcalito,5.93
14,Jalisco,055,Magdalena,0062,La Mata,7.99
14,Jalisco,055,Magdalena,0063,Huizizilapan,6.33
14,Jalisco,055,Magdalena,9998,Localidades de una vivienda,11.73
14,Jalisco,056,Santa María del Oro,0001,Santa María del Oro,7.4
14,Jalisco,056,Santa María del Oro,0002,Los Arreguines (Tío Arreguín),6.09
14,Jalisco,056,Santa María del Oro,0005,Villa Morelos (El Carrizo),5.29
14,Jalisco,056,Santa María del Oro,0039,Petacala,5.28
14,Jalisco,056,Santa María del Oro,0041,La Plaza,5.33
14,Jalisco,056,Santa María del Oro,0043,Pueblo Viejo,6.84
14,Jalisco,056,Santa María del Oro,0049,La Soledad,5.31
14,Jalisco,056,Santa María del Oro,0052,El Tepeguaje,5.94
14,Jalisco,056,Santa María del Oro,0054,Las Trojitas,5
14,Jalisco,056,Santa María del Oro,0066,Las Pilas,6.8
14,Jalisco,056,Santa María del Oro,0069,Playa Bonita,7.57
14,Jalisco,056,Santa María del Oro,0070,Zipoco,5
14,Jalisco,056,Santa María del Oro,0078,Cataquío,2.86
14,Jalisco,056,Santa María del Oro,0082,Los Plátanos,6.13
14,Jalisco,056,Santa María del Oro,0092,La Lagunita (Valle Alto),0.33
14,Jalisco,056,Santa María del Oro,0095,Las Juntas,3.89
14,Jalisco,056,Santa María del Oro,0106,El Ciruelo,3.22
14,Jalisco,056,Santa María del Oro,0108,La Güera,1.8
14,Jalisco,056,Santa María del Oro,0109,Los Panales,3.38
14,Jalisco,056,Santa María del Oro,0110,La Aurora (El Reparo),6.51
14,Jalisco,056,Santa María del Oro,0112,Paso del Ganado,4.5
14,Jalisco,056,Santa María del Oro,0125,El Calóndrigo,4.64
14,Jalisco,056,Santa María del Oro,0136,El Huaco,2
14,Jalisco,056,Santa María del Oro,0137,El Hueso,4.5
14,Jalisco,056,Santa María del Oro,0139,La Jarana,6.74
14,Jalisco,056,Santa María del Oro,0147,Valle Alto,4.14
14,Jalisco,056,Santa María del Oro,0192,Los Planes,5.11
14,Jalisco,056,Santa María del Oro,0199,Los Aguacates,6.27
14,Jalisco,056,Santa María del Oro,0204,La Casa de Teja,10.07
14,Jalisco,056,Santa María del Oro,0255,La Troja,5.35
14,Jalisco,056,Santa María del Oro,0257,La Troja (Dislabón),4.89
14,Jalisco,056,Santa María del Oro,9998,Localidades de una vivienda,5.57
14,Jalisco,056,Santa María del Oro,9999,Localidades de dos viviendas,5.06
14,Jalisco,057,La Manzanilla de la Paz,0001,La Manzanilla de la Paz,8.36
14,Jalisco,057,La Manzanilla de la Paz,0002,El Aguacate (La Sabanilla),5.42
14,Jalisco,057,La Manzanilla de la Paz,0003,Las Cuevas,6.56
14,Jalisco,057,La Manzanilla de la Paz,0012,Sabinilla,5.41
14,Jalisco,057,La Manzanilla de la Paz,0013,La Soledad,6.57
14,Jalisco,057,La Manzanilla de la Paz,0014,La Tuna,6.12
14,Jalisco,057,La Manzanilla de la Paz,0016,Villa Morelos,7.68
14,Jalisco,057,La Manzanilla de la Paz,0024,Prolongación Lázaro Cárdenas (El Regadillo),8.2
14,Jalisco,057,La Manzanilla de la Paz,0040,Colonia San Rafael,9.31
14,Jalisco,058,Mascota,0001,Mascota,9.79
14,Jalisco,058,Mascota,0002,El Agostadero,6.41
14,Jalisco,058,Mascota,0006,El Aguacate,4.95
14,Jalisco,058,Mascota,0014,Las Ánimas,3
14,Jalisco,058,Mascota,0017,El Atajo,7.4
14,Jalisco,058,Mascota,0021,Bellavista,5.75
14,Jalisco,058,Mascota,0023,El Cabrito,6.89
14,Jalisco,058,Mascota,0035,El Cimarrón Chico,6.09
14,Jalisco,058,Mascota,0044,El Colorado,5.25
14,Jalisco,058,Mascota,0047,El Copal,7.06
14,Jalisco,058,Mascota,0049,Los Corrales (San José de los Corrales),5.3
14,Jalisco,058,Mascota,0052,La Cruz de Ignacio,3.92
14,Jalisco,058,Mascota,0055,Chanrey,8.22
14,Jalisco,058,Mascota,0059,Embocadero,7.21
14,Jalisco,058,Mascota,0060,El Empedrado,7
14,Jalisco,058,Mascota,0064,Escuadra,8.1
14,Jalisco,058,Mascota,0067,El Pantano (Galope),7
14,Jalisco,058,Mascota,0068,Gallineros,7.17
14,Jalisco,058,Mascota,0069,Guayabitos,7.77
14,Jalisco,058,Mascota,0075,La Huerta de Mirandilla (La Huerta),7.6
14,Jalisco,058,Mascota,0079,El Jacal,7.5
14,Jalisco,058,Mascota,0083,La Joya,9.22
14,Jalisco,058,Mascota,0085,Juanacatlán Chico,5.69
14,Jalisco,058,Mascota,0086,Juanacatlán Grande (Juanacatlán),6.43
14,Jalisco,058,Mascota,0089,Laguna de Zacatongo (La Laguna),5.46
14,Jalisco,058,Mascota,0094,Loma Larga (La Loma),6.29
14,Jalisco,058,Mascota,0097,Malpaso,7.61
14,Jalisco,058,Mascota,0100,Los Mazos,6.15
14,Jalisco,058,Mascota,0113,Mirandilla,7.54
14,Jalisco,058,Mascota,0116,San José del Mosco (El Mosco),6.89
14,Jalisco,058,Mascota,0117,Navidad,7.24
14,Jalisco,058,Mascota,0122,La Palapa,6.28
14,Jalisco,058,Mascota,0125,El Salitre,9.14
14,Jalisco,058,Mascota,0126,La Pareja,8.22
14,Jalisco,058,Mascota,0127,El Parejo,7.38
14,Jalisco,058,Mascota,0131,La Plata,7.67
14,Jalisco,058,Mascota,0133,Santa Rosa,6.52
14,Jalisco,058,Mascota,0134,Ninguno [Aserradero Potrerillos],10.67
14,Jalisco,058,Mascota,0136,La Presa,7.43
14,Jalisco,058,Mascota,0137,La Providencia,9.32
14,Jalisco,058,Mascota,0138,Puerta de Enmedio,9.09
14,Jalisco,058,Mascota,0140,El Ranchito,6.74
14,Jalisco,058,Mascota,0142,El Refugio,6.5
14,Jalisco,058,Mascota,0146,Rincón de Mirandilla,7.26
14,Jalisco,058,Mascota,0152,El Galope,4.86
14,Jalisco,058,Mascota,0156,San Ignacio,8.66
14,Jalisco,058,Mascota,0160,San Luis,9.69
14,Jalisco,058,Mascota,0161,San Miguel de Tovar,8.12
14,Jalisco,058,Mascota,0163,San Pedro,7.23
14,Jalisco,058,Mascota,0164,San Rafael,8.29
14,Jalisco,058,Mascota,0165,Santa Bárbara,8
14,Jalisco,058,Mascota,0168,Los Sauces de Yerbabuena,6.63
14,Jalisco,058,Mascota,0174,Sol de Oro,8.2
14,Jalisco,058,Mascota,0178,Tecoany,8.59
14,Jalisco,058,Mascota,0182,Tierras Coloradas,6.65
14,Jalisco,058,Mascota,0193,La Vieja,7.93
14,Jalisco,058,Mascota,0195,Yerbabuena,8.85
14,Jalisco,058,Mascota,0196,Zacamecate,5.38
14,Jalisco,058,Mascota,0197,Zacatongo,6.67
14,Jalisco,058,Mascota,0198,Zapotán,4.64
14,Jalisco,058,Mascota,0205,La Majada,6.07
14,Jalisco,058,Mascota,0208,La Puerta del Colomo,7.33
14,Jalisco,058,Mascota,0215,Las Higueras,8.4
14,Jalisco,058,Mascota,0216,Santa Mónica,9.82
14,Jalisco,058,Mascota,0221,El Carrizo,7.52
14,Jalisco,058,Mascota,0252,Las Mesas,5.87
14,Jalisco,058,Mascota,0257,Sauces de Ixcatán,9.11
14,Jalisco,058,Mascota,0258,La Villa,6.4
14,Jalisco,058,Mascota,0264,El Crucero de San Pedro (Los Lobos),7.7
14,Jalisco,058,Mascota,0303,Cruz Verde,8.26
14,Jalisco,058,Mascota,0340,El Pedazo del Limón,7.14
14,Jalisco,058,Mascota,0341,El Potrero de Enmedio (El Chupadero),7.33
14,Jalisco,058,Mascota,0342,El Tizate,8
14,Jalisco,058,Mascota,0363,Las Vegas,10.6
14,Jalisco,058,Mascota,9998,Localidades de una vivienda,6.34
14,Jalisco,058,Mascota,9999,Localidades de dos viviendas,7.68
14,Jalisco,059,Mazamitla,0001,Mazamitla,9.01
14,Jalisco,059,Mazamitla,0006,La Cañada,8.29
14,Jalisco,059,Mazamitla,0007,La Central,6.83
14,Jalisco,059,Mazamitla,0008,El Humo (El Marillo),4.13
14,Jalisco,059,Mazamitla,0009,El Cerro Pelón,5.35
14,Jalisco,059,Mazamitla,0012,La Cofradía,8.57
14,Jalisco,059,Mazamitla,0013,El Colorado,7
14,Jalisco,059,Mazamitla,0015,Corral de la Mula,5.67
14,Jalisco,059,Mazamitla,0016,El Corral de Mejía,5.42
14,Jalisco,059,Mazamitla,0017,Corral Falso,5.77
14,Jalisco,059,Mazamitla,0022,El Derramadero,6.2
14,Jalisco,059,Mazamitla,0023,Dos Aguas,6.6
14,Jalisco,059,Mazamitla,0025,Epenche Chico (Penche Chico),9.23
14,Jalisco,059,Mazamitla,0026,Epenche Grande (Penche Grande),6.94
14,Jalisco,059,Mazamitla,0028,La Estacada,8.39
14,Jalisco,059,Mazamitla,0029,Flor del Campo,5.82
14,Jalisco,059,Mazamitla,0030,El Fresnal,6.13
14,Jalisco,059,Mazamitla,0032,Los Guayabos,7.82
14,Jalisco,059,Mazamitla,0035,La Huevera,5.65
14,Jalisco,059,Mazamitla,0038,La Lagunita,5.78
14,Jalisco,059,Mazamitla,0039,El Llano de los Toros,8.3
14,Jalisco,059,Mazamitla,0041,La Media Luna,5.34
14,Jalisco,059,Mazamitla,0042,El Mezcal,6.94
14,Jalisco,059,Mazamitla,0043,Ojo de Agua,8.29
14,Jalisco,059,Mazamitla,0044,El Paiztle,5.25
14,Jalisco,059,Mazamitla,0045,Palos Gordos,4.63
14,Jalisco,059,Mazamitla,0047,Puerta del Zapatero,7.75
14,Jalisco,059,Mazamitla,0048,Puerto de las Cuevas,7.84
14,Jalisco,059,Mazamitla,0053,San Martín,3
14,Jalisco,059,Mazamitla,0055,El Terrero,7.86
14,Jalisco,059,Mazamitla,0058,El Zapatero,8.28
14,Jalisco,059,Mazamitla,0069,Los Cazos,13.2
14,Jalisco,059,Mazamitla,0071,El Llano,6.59
14,Jalisco,059,Mazamitla,0072,La Bragadita,6.27
14,Jalisco,059,Mazamitla,0074,La Puente,6.5
14,Jalisco,059,Mazamitla,0077,Las Juntas del Pedregal,7.67
14,Jalisco,059,Mazamitla,0084,Río de Gómez,6.43
14,Jalisco,059,Mazamitla,0089,La Herradura,8.14
14,Jalisco,059,Mazamitla,0099,La Llorona [Country Club],9.32
14,Jalisco,059,Mazamitla,0113,Loma Encantada,11.87
14,Jalisco,059,Mazamitla,0114,El Chorro (Bosque la Luna),9.17
14,Jalisco,059,Mazamitla,0115,El Pandito,7
14,Jalisco,059,Mazamitla,0116,Paso de los Arrieros,7.06
14,Jalisco,059,Mazamitla,0118,La Toscana,11.43
14,Jalisco,059,Mazamitla,9998,Localidades de una vivienda,7.66
14,Jalisco,059,Mazamitla,9999,Localidades de dos viviendas,6.43
14,Jalisco,060,Mexticacán,0001,Mexticacán,7.66
14,Jalisco,060,Mexticacán,0002,Acasico,5.67
14,Jalisco,060,Mexticacán,0011,Cañada de Islas,8.15
14,Jalisco,060,Mexticacán,0017,Los Charcos,6.55
14,Jalisco,060,Mexticacán,0019,Chimalaquín de Abajo,5.89
14,Jalisco,060,Mexticacán,0020,Chimaliquín de Arriba,7.13
14,Jalisco,060,Mexticacán,0026,Ipalco de Arriba,7.56
14,Jalisco,060,Mexticacán,0027,Ipalco de Enmedio,3.9
14,Jalisco,060,Mexticacán,0029,La Labor de la Concepción (La Labor),6.49
14,Jalisco,060,Mexticacán,0033,Loreto de Abajo,5.8
14,Jalisco,060,Mexticacán,0034,Loreto de Arriba,4.43
14,Jalisco,060,Mexticacán,0039,Nangue de Viñas,7.8
14,Jalisco,060,Mexticacán,0041,Ojuelos (San José de Ojuelos),3.97
14,Jalisco,060,Mexticacán,0050,Los Ranchos,7.5
14,Jalisco,060,Mexticacán,0053,Los Rincones,3.73
14,Jalisco,060,Mexticacán,0054,San Antonio (Llano Grande),5.33
14,Jalisco,060,Mexticacán,0056,San Felipe,6.32
14,Jalisco,060,Mexticacán,0058,San Nicolás,5.4
14,Jalisco,060,Mexticacán,0060,El Santuario (Santuario del Sagrado Corazón),6.56
14,Jalisco,060,Mexticacán,0063,Tapias de Arriba,9.62
14,Jalisco,060,Mexticacán,0065,Tepeltiltic,6.29
14,Jalisco,060,Mexticacán,0071,El Porvenir (Los Tepetates),7.2
14,Jalisco,060,Mexticacán,0095,El Zapote,3.5
14,Jalisco,060,Mexticacán,0135,Las Mesitas,7.82
14,Jalisco,060,Mexticacán,0167,Llano Grande,7.24
14,Jalisco,060,Mexticacán,0169,Las Huertas,6.5
14,Jalisco,060,Mexticacán,0170,Ciudad de los Mártires,7.56
14,Jalisco,060,Mexticacán,9998,Localidades de una vivienda,6.78
14,Jalisco,060,Mexticacán,9999,Localidades de dos viviendas,5.43
14,Jalisco,061,Mezquitic,0001,Mezquitic,8.69
14,Jalisco,061,Mezquitic,0003,El Aguacate,4.43
14,Jalisco,061,Mezquitic,0005,Agua Puerca,5.69
14,Jalisco,061,Mezquitic,0006,Agua Puerca,1.47
14,Jalisco,061,Mezquitic,0008,Agua Tapada,5.73
14,Jalisco,061,Mezquitic,0011,Los Amoles (Bajío de los Amoles),6.17
14,Jalisco,061,Mezquitic,0013,Los Arrieros,4.12
14,Jalisco,061,Mezquitic,0015,Las Bocas,6.87
14,Jalisco,061,Mezquitic,0025,Carricitos,6.44
14,Jalisco,061,Mezquitic,0033,Cerro Colorado,6.29
14,Jalisco,061,Mezquitic,0036,La Ciénega de Huaistita (Los Quesos),8.01
14,Jalisco,061,Mezquitic,0037,Ciénega Grande,4.82
14,Jalisco,061,Mezquitic,0042,Cohamiata,3.51
14,Jalisco,061,Mezquitic,0045,Los Conejos,2.9
14,Jalisco,061,Mezquitic,0056,Chonacata,5.22
14,Jalisco,061,Mezquitic,0058,El Encino (Los Encinos),1.79
14,Jalisco,061,Mezquitic,0077,Las Guásimas,3.25
14,Jalisco,061,Mezquitic,0080,Las Guayabas,5.94
14,Jalisco,061,Mezquitic,0082,Las Guayabas,2
14,Jalisco,061,Mezquitic,0088,Jalisquillo,5.04
14,Jalisco,061,Mezquitic,0091,Jimulco,5.59
14,Jalisco,061,Mezquitic,0095,La Junta de Ríos,3.67
14,Jalisco,061,Mezquitic,0098,Alaconsa (Cerro Alto),4
14,Jalisco,061,Mezquitic,0100,Las Latas,3.44
14,Jalisco,061,Mezquitic,0104,Kueeta (El Limón),1.27
14,Jalisco,061,Mezquitic,0105,El Limón,6.27
14,Jalisco,061,Mezquitic,0109,El Maguey,5.52
14,Jalisco,061,Mezquitic,0117,Mesa del Fraile (Mesa de Guadalupe),5.31
14,Jalisco,061,Mezquitic,0129,Milpillas,6.69
14,Jalisco,061,Mezquitic,0130,Minillas,4.88
14,Jalisco,061,Mezquitic,0132,El Mortero,6.19
14,Jalisco,061,Mezquitic,0139,Nostic,6.07
14,Jalisco,061,Mezquitic,0140,Nueva Colonia,6.43
14,Jalisco,061,Mezquitic,0142,Ocota (La Taberna),4.67
14,Jalisco,061,Mezquitic,0143,Ocota de los Llanos,5.44
14,Jalisco,061,Mezquitic,0146,Los Otates,0.71
14,Jalisco,061,Mezquitic,0149,Pedernales,2.2
14,Jalisco,061,Mezquitic,0150,El Naranjo,6.13
14,Jalisco,061,Mezquitic,0152,Piedra China,5
14,Jalisco,061,Mezquitic,0163,Pochotita,2.73
14,Jalisco,061,Mezquitic,0164,Popotita,7.48
14,Jalisco,061,Mezquitic,0165,Potrero de Navarrete,7.03
14,Jalisco,061,Mezquitic,0168,Pueblo Nuevo,6.76
14,Jalisco,061,Mezquitic,0177,Ratontita,3.38
14,Jalisco,061,Mezquitic,0186,Los Robles,4.87
14,Jalisco,061,Mezquitic,0190,San Andrés Cohamiata,7.2
14,Jalisco,061,Mezquitic,0191,San Antonio,6.8
14,Jalisco,061,Mezquitic,0195,San José,3.77
14,Jalisco,061,Mezquitic,0197,San Juan de los Lirios,6.5
14,Jalisco,061,Mezquitic,0198,San Juan de Navarrete,5.64
14,Jalisco,061,Mezquitic,0201,San Sebastián Teponahuaxtlán,7.68
14,Jalisco,061,Mezquitic,0202,Santa Catarina Cuexcomatitlán,4.22
14,Jalisco,061,Mezquitic,0204,Santa Cruz,5.19
14,Jalisco,061,Mezquitic,0205,Santa Cruz,0.88
14,Jalisco,061,Mezquitic,0207,Santa Lucía,4.92
14,Jalisco,061,Mezquitic,0208,Santa Rosa,5.75
14,Jalisco,061,Mezquitic,0221,El Tempisque,3.27
14,Jalisco,061,Mezquitic,0227,Tesorero,5.19
14,Jalisco,061,Mezquitic,0228,Tierra Azul,3.37
14,Jalisco,061,Mezquitic,0230,Tierras Blancas Huaistita,6.89
14,Jalisco,061,Mezquitic,0235,Mukuxeta (Tierras Coloradas),6.8
14,Jalisco,061,Mezquitic,0236,Tonalisco,7.73
14,Jalisco,061,Mezquitic,0241,Totuate,6.35
14,Jalisco,061,Mezquitic,0245,Agua Blanca (El Zalate),4.1
14,Jalisco,061,Mezquitic,0251,San Isidro,8.14
14,Jalisco,061,Mezquitic,0325,San Miguel (San Miguel Huaixtita),9.33
14,Jalisco,061,Mezquitic,0328,La Cueva,4.09
14,Jalisco,061,Mezquitic,0330,Acatita,3.52
14,Jalisco,061,Mezquitic,0331,El Chalate (Los Chalates),5.82
14,Jalisco,061,Mezquitic,0336,Tlaltenango,4.25
14,Jalisco,061,Mezquitic,0337,El Maguey,2.89
14,Jalisco,061,Mezquitic,0363,Rancho del Aire,4.16
14,Jalisco,061,Mezquitic,0365,Rancho de la Relación,5.18
14,Jalisco,061,Mezquitic,0367,San José,4.79
14,Jalisco,061,Mezquitic,0376,Tek+kie (Techalote),1.4
14,Jalisco,061,Mezquitic,0377,Los Jarados (Los Arados),1.57
14,Jalisco,061,Mezquitic,0388,Mesa del Venado,1.25
14,Jalisco,061,Mezquitic,0393,Guichapan,4.38
14,Jalisco,061,Mezquitic,0394,Piedra del Sombrero,2.58
14,Jalisco,061,Mezquitic,0402,El Roble (Roblitos),5.43
14,Jalisco,061,Mezquitic,0404,Rancho Alegre,10.57
14,Jalisco,061,Mezquitic,0413,Huanco de Cohamiata,3.79
14,Jalisco,061,Mezquitic,0420,El Rincón,4.09
14,Jalisco,061,Mezquitic,0423,Amoltita,4.94
14,Jalisco,061,Mezquitic,0425,Atonalisco,4.33
14,Jalisco,061,Mezquitic,0427,Las Azucenas,6
14,Jalisco,061,Mezquitic,0428,Bajío de las Gallinas,6.22
14,Jalisco,061,Mezquitic,0430,El Bajío,3.14
14,Jalisco,061,Mezquitic,0434,El Cajón,6.7
14,Jalisco,061,Mezquitic,0435,Campamento,5.72
14,Jalisco,061,Mezquitic,0444,Los Espejos,2.5
14,Jalisco,061,Mezquitic,0448,La Guacamaya,6.73
14,Jalisco,061,Mezquitic,0454,La Laguna,2.41
14,Jalisco,061,Mezquitic,0455,La Laguna,4.12
14,Jalisco,061,Mezquitic,0462,La Mesa (Mesa Alta),1.38
14,Jalisco,061,Mezquitic,0470,El Pinabete,6.09
14,Jalisco,061,Mezquitic,0474,Rincón de San Vicente,6.17
14,Jalisco,061,Mezquitic,0475,Los Robles,3
14,Jalisco,061,Mezquitic,0477,Soconita,3.84
14,Jalisco,061,Mezquitic,0478,Salatita,3.62
14,Jalisco,061,Mezquitic,0480,Los Amoles,3.46
14,Jalisco,061,Mezquitic,0482,San José el Tesorero,4.85
14,Jalisco,061,Mezquitic,0484,San Lucas,9.19
14,Jalisco,061,Mezquitic,0486,San Luisito,6.58
14,Jalisco,061,Mezquitic,0488,Santa Gertrudis (Santa Cruz),3.37
14,Jalisco,061,Mezquitic,0489,Santa Gertrudis,2.83
14,Jalisco,061,Mezquitic,0490,El Saucillo,2.37
14,Jalisco,061,Mezquitic,0493,Tempisque,3.67
14,Jalisco,061,Mezquitic,0494,El Tesorero,2.83
14,Jalisco,061,Mezquitic,0500,El Zapote,6.22
14,Jalisco,061,Mezquitic,0508,El Llanito,4
14,Jalisco,061,Mezquitic,0514,Agua Puerca,6.13
14,Jalisco,061,Mezquitic,0515,San Francisco,5.85
14,Jalisco,061,Mezquitic,0517,Lázaro,0.95
14,Jalisco,061,Mezquitic,0521,Hakaretsie (El Carrizal),4.76
14,Jalisco,061,Mezquitic,0522,El Zapote,4.45
14,Jalisco,061,Mezquitic,0532,Huku Mayewe (El Pino),4.53
14,Jalisco,061,Mezquitic,0538,Picacho,2.43
14,Jalisco,061,Mezquitic,0542,Codorniz,5.4
14,Jalisco,061,Mezquitic,0548,Los Venados,5.9
14,Jalisco,061,Mezquitic,0552,Águila Blanca,3.95
14,Jalisco,061,Mezquitic,0556,La Nariz,6.29
14,Jalisco,061,Mezquitic,0557,Tierra Blanca,3.71
14,Jalisco,061,Mezquitic,0560,Los Lobos,7.2
14,Jalisco,061,Mezquitic,0563,Tecolote,6.52
14,Jalisco,061,Mezquitic,0564,Bellavista,8.52
14,Jalisco,061,Mezquitic,0571,Carrizal,3.55
14,Jalisco,061,Mezquitic,0573,Tempisque,6.13
14,Jalisco,061,Mezquitic,0575,Aristempa,6.58
14,Jalisco,061,Mezquitic,0589,La Pitahaya,3.25
14,Jalisco,061,Mezquitic,0590,El Cuerno (Los Cuernos),3.36
14,Jalisco,061,Mezquitic,0592,Las Víboras,2.68
14,Jalisco,061,Mezquitic,0593,Tescalame,2.92
14,Jalisco,061,Mezquitic,0596,Zapopan,3
14,Jalisco,061,Mezquitic,0600,Santa María,3
14,Jalisco,061,Mezquitic,0605,El Ciruelo,3.9
14,Jalisco,061,Mezquitic,0606,Tierra Blanca,3.65
14,Jalisco,061,Mezquitic,0610,La Hedionda,4.98
14,Jalisco,061,Mezquitic,0618,El Popote (Tierra Amarilla),6.38
14,Jalisco,061,Mezquitic,0619,Santa Cruz,6.7
14,Jalisco,061,Mezquitic,0622,Los Lirios,4.79
14,Jalisco,061,Mezquitic,0632,Ninguno [Estación],4.1
14,Jalisco,061,Mezquitic,0634,Las Flores,4.29
14,Jalisco,061,Mezquitic,0637,Las Nubes,4.8
14,Jalisco,061,Mezquitic,0649,Los Arcos,3.43
14,Jalisco,061,Mezquitic,0661,El Saucillo,3.57
14,Jalisco,061,Mezquitic,0666,El Roble,6.1
14,Jalisco,061,Mezquitic,0668,Las Tripas,6.08
14,Jalisco,061,Mezquitic,0679,Los Nopales,2.94
14,Jalisco,061,Mezquitic,0705,El Jagüey,1.13
14,Jalisco,061,Mezquitic,0768,Taimarita,1.98
14,Jalisco,061,Mezquitic,0775,El Bosque (Rapamambe),3.83
14,Jalisco,061,Mezquitic,0778,Rancho Nuevo,6.71
14,Jalisco,061,Mezquitic,0780,Tuameta,3.79
14,Jalisco,061,Mezquitic,0793,El Candil (La Cantera),7.38
14,Jalisco,061,Mezquitic,0799,La Laguna,0
14,Jalisco,061,Mezquitic,0807,Los Toros,1.5
14,Jalisco,061,Mezquitic,0810,Casa Nueva,4.64
14,Jalisco,061,Mezquitic,0815,Los Osos (El Caracol),3.33
14,Jalisco,061,Mezquitic,0818,El Aire,3.32
14,Jalisco,061,Mezquitic,0831,Kwiekwaipa (La Peña),3.85
14,Jalisco,061,Mezquitic,0835,Las Pilas,3.17
14,Jalisco,061,Mezquitic,0848,Los Olotes,4.82
14,Jalisco,061,Mezquitic,0850,Las Juntas,3.31
14,Jalisco,061,Mezquitic,0855,Tierra Morada (Caligüey),3.41
14,Jalisco,061,Mezquitic,0874,Colonia Carlos Rivera Aceves [Aserradero],7.03
14,Jalisco,061,Mezquitic,0877,Crucero de Nostic,8
14,Jalisco,061,Mezquitic,0883,Ninguno [Estación],0
14,Jalisco,061,Mezquitic,0885,El Guache,5.75
14,Jalisco,061,Mezquitic,0902,Mezquite,6.29
14,Jalisco,061,Mezquitic,0906,El Molcajete,8.15
14,Jalisco,061,Mezquitic,0917,Pedernal,6.09
14,Jalisco,061,Mezquitic,0926,Pinos Altos,6.4
14,Jalisco,061,Mezquitic,0927,Platanar,2.2
14,Jalisco,061,Mezquitic,0929,Puertecito del Zapote,6
14,Jalisco,061,Mezquitic,0937,Rancho el Aguacate,5.95
14,Jalisco,061,Mezquitic,0940,Rancho Loco,7.11
14,Jalisco,061,Mezquitic,0945,La Guásima,4.26
14,Jalisco,061,Mezquitic,0948,Los Guayabos,3.4
14,Jalisco,061,Mezquitic,0952,Los Encinos,4.9
14,Jalisco,061,Mezquitic,0959,El Resbalón,5.68
14,Jalisco,061,Mezquitic,0961,San Luis,8.34
14,Jalisco,061,Mezquitic,0966,Santa María,2.36
14,Jalisco,061,Mezquitic,0968,Telar,1.8
14,Jalisco,061,Mezquitic,0974,El Zalate,6.35
14,Jalisco,061,Mezquitic,0981,Calabacillas,4.54
14,Jalisco,061,Mezquitic,0985,El Indio (Rancho el Indio),3.3
14,Jalisco,061,Mezquitic,0992,El Terrero,5.24
14,Jalisco,061,Mezquitic,0999,Rancho los Escalante,7.67
14,Jalisco,061,Mezquitic,1019,Piedras Altas,3
14,Jalisco,061,Mezquitic,1024,El Terrero,2.73
14,Jalisco,061,Mezquitic,1029,Agua Azul,4.78
14,Jalisco,061,Mezquitic,1041,La Ciénega,1.5
14,Jalisco,061,Mezquitic,1042,La Ciénega,1.53
14,Jalisco,061,Mezquitic,1046,La Escoba,4.28
14,Jalisco,061,Mezquitic,1053,Ixtalpa,5.28
14,Jalisco,061,Mezquitic,1062,Ninguno,0
14,Jalisco,061,Mezquitic,1064,La Mesa,5.45
14,Jalisco,061,Mezquitic,1070,San Antonio,4.71
14,Jalisco,061,Mezquitic,1073,Yuata,2.8
14,Jalisco,061,Mezquitic,1078,Amoltita Dos,4.59
14,Jalisco,061,Mezquitic,1084,Los Cuervos,3
14,Jalisco,061,Mezquitic,1101,Los Pinos,1.56
14,Jalisco,061,Mezquitic,1103,Mayehekwa Pueblo Nuevo 2,6.97
14,Jalisco,061,Mezquitic,1106,Rancho el Bajío (Colonia el Cerrito),9.57
14,Jalisco,061,Mezquitic,1107,Rancho Guásimas,4.27
14,Jalisco,061,Mezquitic,1112,Teiwarixipa,0.29
14,Jalisco,061,Mezquitic,1130,Tempeste,3.46
14,Jalisco,061,Mezquitic,1145,Tsimatewa (Bajío del Carrizal),4.85
14,Jalisco,061,Mezquitic,1147,La Cebolleta,4.69
14,Jalisco,061,Mezquitic,1148,Jamaica,4
14,Jalisco,061,Mezquitic,1157,Arroyo del Guayabo,2.36
14,Jalisco,061,Mezquitic,1161,El Bajillo,4.25
14,Jalisco,061,Mezquitic,1164,Bella Vista,6.01
14,Jalisco,061,Mezquitic,1166,La Capilla,4.03
14,Jalisco,061,Mezquitic,1172,Ciénega,2.94
14,Jalisco,061,Mezquitic,1176,La Colmena,4.89
14,Jalisco,061,Mezquitic,1178,La Curva del Borracho,4.27
14,Jalisco,061,Mezquitic,1185,La Esquina,3.43
14,Jalisco,061,Mezquitic,1186,Flor de Mayo,1.14
14,Jalisco,061,Mezquitic,1189,Huamuchilillo,0
14,Jalisco,061,Mezquitic,1193,Las Latas,3.13
14,Jalisco,061,Mezquitic,1199,Loma del Venado,4.57
14,Jalisco,061,Mezquitic,1203,Manzanilla,0
14,Jalisco,061,Mezquitic,1216,El Pedregal,2.67
14,Jalisco,061,Mezquitic,1224,El Popote,5.62
14,Jalisco,061,Mezquitic,1235,Rancho Nuevo,2.67
14,Jalisco,061,Mezquitic,1242,Los Sauces,0
14,Jalisco,061,Mezquitic,1244,Solitario,4.14
14,Jalisco,061,Mezquitic,1248,Tepeiste,3.17
14,Jalisco,061,Mezquitic,1249,Tepetate,2.67
14,Jalisco,061,Mezquitic,1252,Tierra Colorada,6.47
14,Jalisco,061,Mezquitic,1254,Tzinata,4
14,Jalisco,061,Mezquitic,1256,Zapo,3.96
14,Jalisco,061,Mezquitic,1260,Cerro del Niño (Crucero del Niño),5
14,Jalisco,061,Mezquitic,1264,Palmillas,0.67
14,Jalisco,061,Mezquitic,1265,El Platanar,5.75
14,Jalisco,061,Mezquitic,1268,Mesa Robleda,2.41
14,Jalisco,061,Mezquitic,1271,La Mesa Dos,3.23
14,Jalisco,061,Mezquitic,1273,Las Latas (Kwatemukame),5.18
14,Jalisco,061,Mezquitic,1274,Los Órganos,2.5
14,Jalisco,061,Mezquitic,9998,Localidades de una vivienda,3.85
14,Jalisco,061,Mezquitic,9999,Localidades de dos viviendas,4.54
14,Jalisco,062,Mixtlán,0001,Mixtlán,8.07
14,Jalisco,062,Mixtlán,0003,Agua Zarca,8.96
14,Jalisco,062,Mixtlán,0010,Cuyutlán,6.58
14,Jalisco,062,Mixtlán,0012,La Laja,7.8
14,Jalisco,062,Mixtlán,0015,El Llano,8.56
14,Jalisco,062,Mixtlán,0016,Llano Grande,3.72
14,Jalisco,062,Mixtlán,0019,El Hollejo (Tío Cleto),6.85
14,Jalisco,062,Mixtlán,0021,Los Pericos,7.11
14,Jalisco,062,Mixtlán,0022,La Plateada,3.42
14,Jalisco,062,Mixtlán,0023,San Gregorio,5.8
14,Jalisco,062,Mixtlán,0024,San Jerónimo,6.7
14,Jalisco,062,Mixtlán,0025,San Juan de Dios,4
14,Jalisco,062,Mixtlán,0033,El Vigía,4.79
14,Jalisco,062,Mixtlán,0054,Emiliano Zapata,7.23
14,Jalisco,062,Mixtlán,0066,Los Guajes,6
14,Jalisco,062,Mixtlán,0073,Los Llanos,9.18
14,Jalisco,062,Mixtlán,0084,Rancho Nuevo,8.19
14,Jalisco,062,Mixtlán,9998,Localidades de una vivienda,6.22
14,Jalisco,062,Mixtlán,9999,Localidades de dos viviendas,9
14,Jalisco,063,Ocotlán,0001,Ocotlán,9.65
14,Jalisco,063,Ocotlán,0009,General Joaquín Amaro (Los Sauces),7.87
14,Jalisco,063,Ocotlán,0010,Joconoxtle (La Tuna),7.48
14,Jalisco,063,Ocotlán,0011,San Vicente (Labor Vieja),7.3
14,Jalisco,063,Ocotlán,0012,Loma Larga,9.06
14,Jalisco,063,Ocotlán,0014,La Muralla (La Manga),7.8
14,Jalisco,063,Ocotlán,0016,La Orilla de la Cerca,7.49
14,Jalisco,063,Ocotlán,0017,La Palma,5.18
14,Jalisco,063,Ocotlán,0018,Paso de la Comunidad,7.61
14,Jalisco,063,Ocotlán,0019,El Pedregal (Santa Clara del Pedregal),6.69
14,Jalisco,063,Ocotlán,0021,El Ramireño,7.53
14,Jalisco,063,Ocotlán,0022,La Puerta de los Ranchos (Los Ranchos),5.98
14,Jalisco,063,Ocotlán,0023,Rancho Viejo del Refugio (Rancho Viejo),7.06
14,Jalisco,063,Ocotlán,0024,El Sabino,7.8
14,Jalisco,063,Ocotlán,0026,San Andrés,8.13
14,Jalisco,063,Ocotlán,0028,San Martín de Zula,7.44
14,Jalisco,063,Ocotlán,0029,Santa Clara de Zula,7.15
14,Jalisco,063,Ocotlán,0032,Tizatirla,7.63
14,Jalisco,063,Ocotlán,0040,San Juan Chico,6.19
14,Jalisco,063,Ocotlán,0041,Suchistlán,5.92
14,Jalisco,063,Ocotlán,0043,La Mora (La Huerta),6.45
14,Jalisco,063,Ocotlán,0045,La Joya,8.32
14,Jalisco,063,Ocotlán,0047,Loma Bonita,8.97
14,Jalisco,063,Ocotlán,0062,Agua Caliente,8.27
14,Jalisco,063,Ocotlán,0066,La Vastaguera,8.05
14,Jalisco,063,Ocotlán,0072,La Casa del General,6.64
14,Jalisco,063,Ocotlán,0080,La Curva,4.82
14,Jalisco,063,Ocotlán,0082,La Pradera (Entronque Ocotlán),9.46
14,Jalisco,063,Ocotlán,0090,La Juana,7.38
14,Jalisco,063,Ocotlán,0098,La Piedrera,8.67
14,Jalisco,063,Ocotlán,0100,La Presa,4.93
14,Jalisco,063,Ocotlán,0102,La Puerta de la Mora,5.77
14,Jalisco,063,Ocotlán,0117,El Velazqueño,7.67
14,Jalisco,063,Ocotlán,0121,Nuevo Fuerte (Las Ladrilleras),5.63
14,Jalisco,063,Ocotlán,0122,Linda Vista (Paso Blanco),8.73
14,Jalisco,063,Ocotlán,0123,Paso Blanco,6.6
14,Jalisco,063,Ocotlán,0125,Vista Hermosa,8.9
14,Jalisco,063,Ocotlán,9998,Localidades de una vivienda,9.64
14,Jalisco,063,Ocotlán,9999,Localidades de dos viviendas,6.79
14,Jalisco,064,Ojuelos de Jalisco,0001,Ojuelos de Jalisco,8.98
14,Jalisco,064,Ojuelos de Jalisco,0003,Las Amarillas,5.89
14,Jalisco,064,Ojuelos de Jalisco,0007,La Blanquita,7.68
14,Jalisco,064,Ojuelos de Jalisco,0009,Los Campos,7.97
14,Jalisco,064,Ojuelos de Jalisco,0015,José María Morelos (El Novillo),6.15
14,Jalisco,064,Ojuelos de Jalisco,0019,Chinampas,6.98
14,Jalisco,064,Ojuelos de Jalisco,0020,Emiliano Zapata,5.57
14,Jalisco,064,Ojuelos de Jalisco,0021,Encinillas,6.94
14,Jalisco,064,Ojuelos de Jalisco,0025,Ninguno [Granja],6.42
14,Jalisco,064,Ojuelos de Jalisco,0026,Guadalupe Victoria,6.68
14,Jalisco,064,Ojuelos de Jalisco,0028,Juache,6.6
14,Jalisco,064,Ojuelos de Jalisco,0029,San José de Letras (Letras),6.23
14,Jalisco,064,Ojuelos de Jalisco,0032,Matancillas (San Isidro Matancillas),6.76
14,Jalisco,064,Ojuelos de Jalisco,0033,Matanzas,7.11
14,Jalisco,064,Ojuelos de Jalisco,0038,El Molino,5.32
14,Jalisco,064,Ojuelos de Jalisco,0039,Morenitos,5.54
14,Jalisco,064,Ojuelos de Jalisco,0048,La Paz,7.24
14,Jalisco,064,Ojuelos de Jalisco,0049,Pedregal de San Ángel,6.64
14,Jalisco,064,Ojuelos de Jalisco,0053,La Presa,7.05
14,Jalisco,064,Ojuelos de Jalisco,0057,Salitrillo de Chinampas,4.96
14,Jalisco,064,Ojuelos de Jalisco,0058,El Salitrillo (Salitrillo de González),4.08
14,Jalisco,064,Ojuelos de Jalisco,0067,Vaquerías (Languillo),7.4
14,Jalisco,064,Ojuelos de Jalisco,0071,Hierba de Matancillas,6.82
14,Jalisco,064,Ojuelos de Jalisco,0096,El Ombligo,3.16
14,Jalisco,064,Ojuelos de Jalisco,0105,Coyonoxtle,4.66
14,Jalisco,064,Ojuelos de Jalisco,0108,Los Rincones,5.26
14,Jalisco,064,Ojuelos de Jalisco,0114,Las Cardoncitas,7.28
14,Jalisco,064,Ojuelos de Jalisco,0127,Papas de Enmedio,7.23
14,Jalisco,064,Ojuelos de Jalisco,0130,Ojo de Agua,5.07
14,Jalisco,064,Ojuelos de Jalisco,0142,Las Mimbres,7.07
14,Jalisco,064,Ojuelos de Jalisco,0144,El Salado,4.39
14,Jalisco,064,Ojuelos de Jalisco,0164,Tanque la Merced,8.22
14,Jalisco,064,Ojuelos de Jalisco,0168,La Palma,7.12
14,Jalisco,064,Ojuelos de Jalisco,0171,La Loma,4.73
14,Jalisco,064,Ojuelos de Jalisco,0183,Sajomi,6.33
14,Jalisco,064,Ojuelos de Jalisco,0184,El Zapote,4.56
14,Jalisco,064,Ojuelos de Jalisco,9998,Localidades de una vivienda,5.41
14,Jalisco,064,Ojuelos de Jalisco,9999,Localidades de dos viviendas,7.2
14,Jalisco,065,Pihuamo,0001,Pihuamo,7.4
14,Jalisco,065,Pihuamo,0003,El Agostadero,6.04
14,Jalisco,065,Pihuamo,0011,Barreras,5.42
14,Jalisco,065,Pihuamo,0018,La Cañada,1.2
14,Jalisco,065,Pihuamo,0020,Colomos,5.76
14,Jalisco,065,Pihuamo,0021,Crucero del Naranjo,6.67
14,Jalisco,065,Pihuamo,0025,El Chilar,6.88
14,Jalisco,065,Pihuamo,0031,La Guayabilla,4.63
14,Jalisco,065,Pihuamo,0032,El Guayabo,5.97
14,Jalisco,065,Pihuamo,0035,Huizaches,6.63
14,Jalisco,065,Pihuamo,0037,La Estrella,6.78
14,Jalisco,065,Pihuamo,0038,Puente de Fátima,5.65
14,Jalisco,065,Pihuamo,0040,El Fortín,7
14,Jalisco,065,Pihuamo,0042,El Fresnal,5.33
14,Jalisco,065,Pihuamo,0045,El Galán,5.68
14,Jalisco,065,Pihuamo,0051,Las Naranjas,5.96
14,Jalisco,065,Pihuamo,0052,El Naranjo,5.98
14,Jalisco,065,Pihuamo,0063,El Platanar,5.35
14,Jalisco,065,Pihuamo,0066,El Pozo Santo (Crucero del Tule),6.53
14,Jalisco,065,Pihuamo,0069,El Quemado,4.88
14,Jalisco,065,Pihuamo,0070,El Rasguño,5.44
14,Jalisco,065,Pihuamo,0073,San José del Tule,7.78
14,Jalisco,065,Pihuamo,0074,Santa Cruz,6.24
14,Jalisco,065,Pihuamo,0075,Santa Rosa de Lima,5.1
14,Jalisco,065,Pihuamo,0084,La Travesía,4
14,Jalisco,065,Pihuamo,0086,Las Uvas,4.45
14,Jalisco,065,Pihuamo,0087,El Vallecito,4.63
14,Jalisco,065,Pihuamo,0100,Los Mojos de Abajo,3.38
14,Jalisco,065,Pihuamo,0108,El Salitre,5.56
14,Jalisco,065,Pihuamo,0134,Lázaro Cárdenas (Agua Escondida),5.68
14,Jalisco,065,Pihuamo,0141,El Espino,5.52
14,Jalisco,065,Pihuamo,0144,El Balastre (Crucero de Balastre),6.62
14,Jalisco,065,Pihuamo,0148,La Hacienda Vieja,5.77
14,Jalisco,065,Pihuamo,0149,Piedra Blanca,3.7
14,Jalisco,065,Pihuamo,0151,Las Iguanas,5.88
14,Jalisco,065,Pihuamo,0153,Sidra de los Colomos (La Sidra),6.66
14,Jalisco,065,Pihuamo,0175,La Estancia,6.18
14,Jalisco,065,Pihuamo,0187,Los Mojos de Arriba,5.67
14,Jalisco,065,Pihuamo,0198,El Naranjito,8
14,Jalisco,065,Pihuamo,0254,Puerto de Mendoza,2
14,Jalisco,065,Pihuamo,0416,El Zapote,4.2
14,Jalisco,065,Pihuamo,0451,El Ranchito (El Vallecito),6.5
14,Jalisco,065,Pihuamo,9998,Localidades de una vivienda,4.87
14,Jalisco,065,Pihuamo,9999,Localidades de dos viviendas,6.12
14,Jalisco,066,Poncitlán,0001,Poncitlán,8.7
14,Jalisco,066,Poncitlán,0002,Agua Caliente,5.86
14,Jalisco,066,Poncitlán,0004,Tlachichilco del Carmen,8.82
14,Jalisco,066,Poncitlán,0006,Casa Blanca,8.53
14,Jalisco,066,Poncitlán,0007,Celanese Mexicana,17.38
14,Jalisco,066,Poncitlán,0010,Cuesta de Mezcala,7.06
14,Jalisco,066,Poncitlán,0011,Cuitzeo (La Estancia),9.08
14,Jalisco,066,Poncitlán,0013,Estancia de San Nicolás,7
14,Jalisco,066,Poncitlán,0016,El Gusano (El Mezquite),8.65
14,Jalisco,066,Poncitlán,0017,Santa María de la Joya,4.87
14,Jalisco,066,Poncitlán,0019,Mezcala,7.9
14,Jalisco,066,Poncitlán,0021,Ojo de Agua,7.84
14,Jalisco,066,Poncitlán,0022,San José de las Pilas,5.48
14,Jalisco,066,Poncitlán,0025,San Jacinto,9.04
14,Jalisco,066,Poncitlán,0026,San José de Ornelas,8.48
14,Jalisco,066,Poncitlán,0027,San Juan Tecomatlán,8.35
14,Jalisco,066,Poncitlán,0028,San Luis del Agua Caliente,6.97
14,Jalisco,066,Poncitlán,0030,San Miguel Zapotitlán,8.38
14,Jalisco,066,Poncitlán,0031,San Pedro Itzicán,6.02
14,Jalisco,066,Poncitlán,0032,San Sebastián,6.83
14,Jalisco,066,Poncitlán,0033,Santa Cruz el Grande,8.16
14,Jalisco,066,Poncitlán,0036,El Zapote,6.65
14,Jalisco,066,Poncitlán,0037,La Zapotera,6.05
14,Jalisco,066,Poncitlán,0040,Los Galápagos (Rancho del Ingeniero Matute Remus),8.56
14,Jalisco,066,Poncitlán,0041,El Campo,9.32
14,Jalisco,066,Poncitlán,0042,Colonia la Granjena,11.69
14,Jalisco,066,Poncitlán,0043,Chalpicote,5.89
14,Jalisco,066,Poncitlán,0044,San Miguel [Granjas],9.06
14,Jalisco,066,Poncitlán,0048,La Ladrillera,6.77
14,Jalisco,066,Poncitlán,0051,El Romereño (INFONAVIT),9.94
14,Jalisco,066,Poncitlán,0054,Las Tortugas,6.75
14,Jalisco,066,Poncitlán,0057,La Arena,8.36
14,Jalisco,066,Poncitlán,0080,Kilómetro Cuarenta y Tres,7.78
14,Jalisco,066,Poncitlán,0092,La Ocoterita (La Ocotera Chica),5.78
14,Jalisco,066,Poncitlán,0102,Potrero Mirto,6.39
14,Jalisco,066,Poncitlán,0123,La Toma de San Mateo (Rancho Mendoza),13
14,Jalisco,066,Poncitlán,0124,Potrero Torrecillas,7.36
14,Jalisco,066,Poncitlán,0133,Las Lajas,15.86
14,Jalisco,066,Poncitlán,0142,San Miguel [Granja],9.33
14,Jalisco,066,Poncitlán,0152,La Peña,5.76
14,Jalisco,066,Poncitlán,9998,Localidades de una vivienda,6.69
14,Jalisco,066,Poncitlán,9999,Localidades de dos viviendas,8.73
14,Jalisco,067,Puerto Vallarta,0001,Puerto Vallarta,10.46
14,Jalisco,067,Puerto Vallarta,0004,El Agua Zarca,5.71
14,Jalisco,067,Puerto Vallarta,0007,Boca de Tomates,4.8
14,Jalisco,067,Puerto Vallarta,0008,Mismaloya,9.14
14,Jalisco,067,Puerto Vallarta,0009,Boca de Tomatlán,9.01
14,Jalisco,067,Puerto Vallarta,0011,El Cantón,8.08
14,Jalisco,067,Puerto Vallarta,0014,El Colorado,8.13
14,Jalisco,067,Puerto Vallarta,0023,Guásimas,8.8
14,Jalisco,067,Puerto Vallarta,0024,El Guayabo,6.15
14,Jalisco,067,Puerto Vallarta,0027,El Hundido,6.06
14,Jalisco,067,Puerto Vallarta,0028,Ixtapa,10.34
14,Jalisco,067,Puerto Vallarta,0030,El Jorullo,6.35
14,Jalisco,067,Puerto Vallarta,0031,Las Juntas,10.04
14,Jalisco,067,Puerto Vallarta,0038,Las Palmas de Arriba,8.32
14,Jalisco,067,Puerto Vallarta,0043,Playa Grande (San Pedro),8.56
14,Jalisco,067,Puerto Vallarta,0044,El Ranchito (El Colesio),8.08
14,Jalisco,067,Puerto Vallarta,0049,San Nicolás,7.89
14,Jalisco,067,Puerto Vallarta,0050,Tebelchia (El Roble),6.93
14,Jalisco,067,Puerto Vallarta,0057,El Zancudo,7.81
14,Jalisco,067,Puerto Vallarta,0059,Palmas de Abajo,5.25
14,Jalisco,067,Puerto Vallarta,0061,Santa Cruz de Quelitán (Palmillas),7.13
14,Jalisco,067,Puerto Vallarta,0066,La Desembocada,8.33
14,Jalisco,067,Puerto Vallarta,0068,Crucero del Cantón,9.14
14,Jalisco,067,Puerto Vallarta,0073,El Almacén (Los Almacenes),8.83
14,Jalisco,067,Puerto Vallarta,0078,Los Llanitos,6.84
14,Jalisco,067,Puerto Vallarta,0085,La Punta Negra,11.88
14,Jalisco,067,Puerto Vallarta,0086,El Nogalito,9.75
14,Jalisco,067,Puerto Vallarta,0103,Vallejo,8.33
14,Jalisco,067,Puerto Vallarta,0109,Colonia Paso del Guayabo,8.32
14,Jalisco,067,Puerto Vallarta,0117,El Mirador,7.23
14,Jalisco,067,Puerto Vallarta,0127,La Arboleda (Lomas del Valle),6.95
14,Jalisco,067,Puerto Vallarta,0128,La Arenita,8.31
14,Jalisco,067,Puerto Vallarta,0130,El Campamento,8.09
14,Jalisco,067,Puerto Vallarta,0157,León de la Sierra,13.83
14,Jalisco,067,Puerto Vallarta,0162,La Mesa del Veladero,4.96
14,Jalisco,067,Puerto Vallarta,0166,El Palmar de Rivera,6.82
14,Jalisco,067,Puerto Vallarta,0167,Colonia Paso del Molino,9.08
14,Jalisco,067,Puerto Vallarta,0173,Rancho Nácar,7.83
14,Jalisco,067,Puerto Vallarta,0178,Colonia los Robles,8.56
14,Jalisco,067,Puerto Vallarta,0180,San Pedro,7.44
14,Jalisco,067,Puerto Vallarta,0183,Los Huizapoles,11.43
14,Jalisco,067,Puerto Vallarta,0190,Las Higueras del Hundido,6.18
14,Jalisco,067,Puerto Vallarta,0194,Ladrilleras (Camino al Basurero),9.66
14,Jalisco,067,Puerto Vallarta,0195,El Paso Real (La Limonera),7.4
14,Jalisco,067,Puerto Vallarta,0202,Rancho Viejo,7.56
14,Jalisco,067,Puerto Vallarta,0204,La Casa de la Gringa,8.08
14,Jalisco,067,Puerto Vallarta,0205,Coto San Xoaquín,13.35
14,Jalisco,067,Puerto Vallarta,0235,Getsemaní,7.88
14,Jalisco,067,Puerto Vallarta,0239,Ramblases Ecológico,10.38
14,Jalisco,067,Puerto Vallarta,0242,Verde Valle,7.72
14,Jalisco,067,Puerto Vallarta,0244,Colinas del Valle,7.36
14,Jalisco,067,Puerto Vallarta,0245,Bella Vista,8.25
14,Jalisco,067,Puerto Vallarta,0247,Los Ángeles,8.22
14,Jalisco,067,Puerto Vallarta,0248,Playa Gemelas,14.67
14,Jalisco,067,Puerto Vallarta,0251,Sierra del Mar,13.85
14,Jalisco,067,Puerto Vallarta,0252,El Aguacate,7.75
14,Jalisco,067,Puerto Vallarta,0255,Joyas del Colorado,6.66
14,Jalisco,067,Puerto Vallarta,0257,Ojo de Agua,7.79
14,Jalisco,067,Puerto Vallarta,0258,La Palma Sola,6.33
14,Jalisco,067,Puerto Vallarta,0267,Los Reyes,7.11
14,Jalisco,067,Puerto Vallarta,0268,Ecoterra Paraíso,11.04
14,Jalisco,067,Puerto Vallarta,9998,Localidades de una vivienda,7.5
14,Jalisco,067,Puerto Vallarta,9999,Localidades de dos viviendas,6.33
14,Jalisco,068,Villa Purificación,0001,Villa Purificación,8.63
14,Jalisco,068,Villa Purificación,0002,Los Achotes,5.91
14,Jalisco,068,Villa Purificación,0005,El Alcíhuatl,4.73
14,Jalisco,068,Villa Purificación,0010,La Atalaya,5.16
14,Jalisco,068,Villa Purificación,0023,Carreón,4.85
14,Jalisco,068,Villa Purificación,0027,Casas Altas,7.13
14,Jalisco,068,Villa Purificación,0030,Los Ciruelos,5.15
14,Jalisco,068,Villa Purificación,0032,La Cofradía,6.08
14,Jalisco,068,Villa Purificación,0039,El Divisadero,7.18
14,Jalisco,068,Villa Purificación,0040,La Eca,6.19
14,Jalisco,068,Villa Purificación,0042,Espinos de Carreón,5.49
14,Jalisco,068,Villa Purificación,0043,Espinos de Judío,5.5
14,Jalisco,068,Villa Purificación,0044,Estancia de Amborín,7.07
14,Jalisco,068,Villa Purificación,0049,Las Guásimas,6.69
14,Jalisco,068,Villa Purificación,0055,Huista,7.49
14,Jalisco,068,Villa Purificación,0057,Jirosto,6.23
14,Jalisco,068,Villa Purificación,0063,Llano del Oro,6.11
14,Jalisco,068,Villa Purificación,0065,El Manguito,6.18
14,Jalisco,068,Villa Purificación,0066,El Manguito,4.4
14,Jalisco,068,Villa Purificación,0069,Mezcales,5.55
14,Jalisco,068,Villa Purificación,0076,La Nancita,4.79
14,Jalisco,068,Villa Purificación,0082,Los Otates,10.22
14,Jalisco,068,Villa Purificación,0084,Pabelo,6.03
14,Jalisco,068,Villa Purificación,0091,Paso Real,5.16
14,Jalisco,068,Villa Purificación,0100,Plaza de Gallos,4.81
14,Jalisco,068,Villa Purificación,0105,El Llano de los Pozos,7
14,Jalisco,068,Villa Purificación,0119,San Miguel,6.8
14,Jalisco,068,Villa Purificación,0130,Telpitita,4.98
14,Jalisco,068,Villa Purificación,0131,Tene,4.77
14,Jalisco,068,Villa Purificación,0136,Las Vallas,6.43
14,Jalisco,068,Villa Purificación,0139,Villa Vieja (Ex-Hacienda Villa Vieja),7.43
14,Jalisco,068,Villa Purificación,0141,Zapotán,6.37
14,Jalisco,068,Villa Purificación,0145,Las Nancitas,8.23
14,Jalisco,068,Villa Purificación,0146,Llano del Higo,7.24
14,Jalisco,068,Villa Purificación,0148,La Calera,4.42
14,Jalisco,068,Villa Purificación,0157,Paso del Tene,4.42
14,Jalisco,068,Villa Purificación,0160,Las Pilas,4.83
14,Jalisco,068,Villa Purificación,0163,La Isla (El Herradero),7.17
14,Jalisco,068,Villa Purificación,0164,El Camalote,5.38
14,Jalisco,068,Villa Purificación,0167,San José,6.33
14,Jalisco,068,Villa Purificación,0168,Tepopote,3.83
14,Jalisco,068,Villa Purificación,0169,Tezacuale (Carrizalillo),7.24
14,Jalisco,068,Villa Purificación,0170,El Chino,4.13
14,Jalisco,068,Villa Purificación,0172,Los Lindos,6.75
14,Jalisco,068,Villa Purificación,0173,Jocotlán,6.41
14,Jalisco,068,Villa Purificación,0178,Los Aguacates,6.86
14,Jalisco,068,Villa Purificación,0180,La Cañada,9
14,Jalisco,068,Villa Purificación,0185,El Jengibre,4.27
14,Jalisco,068,Villa Purificación,0186,Juan Diego,4.78
14,Jalisco,068,Villa Purificación,0191,El Pantano (San Francisco los Guajolotes),7
14,Jalisco,068,Villa Purificación,0192,El Plan de los Plátanos,3.82
14,Jalisco,068,Villa Purificación,0193,El Platanillo,6
14,Jalisco,068,Villa Purificación,0206,La Anona,5.5
14,Jalisco,068,Villa Purificación,0215,El Criadero,3
14,Jalisco,068,Villa Purificación,0217,El Gondo,3.69
14,Jalisco,068,Villa Purificación,0219,El Limoncito,5.75
14,Jalisco,068,Villa Purificación,0240,Arroyo Zarco,7.47
14,Jalisco,068,Villa Purificación,0242,Los Potrerillos,1.83
14,Jalisco,068,Villa Purificación,0255,Los Pozos,4.13
14,Jalisco,068,Villa Purificación,0256,Los Ocotitos,5.14
14,Jalisco,068,Villa Purificación,0429,Los Cimientos,6.64
14,Jalisco,068,Villa Purificación,0449,El Carrizal,4.65
14,Jalisco,068,Villa Purificación,0488,Las Guasimitas,7.1
14,Jalisco,068,Villa Purificación,0506,El Platanar,5.67
14,Jalisco,068,Villa Purificación,0521,Chantecuán,5.57
14,Jalisco,068,Villa Purificación,0526,Rancho Lejos,5.33
14,Jalisco,068,Villa Purificación,0527,Rancho Nuevo (Los Tecomates),7.75
14,Jalisco,068,Villa Purificación,0544,Paso del Guamúchil,4.9
14,Jalisco,068,Villa Purificación,9998,Localidades de una vivienda,6.27
14,Jalisco,068,Villa Purificación,9999,Localidades de dos viviendas,7.54
14,Jalisco,069,Quitupan,0001,Quitupan,8.01
14,Jalisco,069,Quitupan,0002,Agua Blanca,4
14,Jalisco,069,Quitupan,0006,Las Ánimas,3.33
14,Jalisco,069,Quitupan,0018,Buenos Aires,5
14,Jalisco,069,Quitupan,0020,Las Cabras,6.11
14,Jalisco,069,Quitupan,0023,Santas Marías (Las Canoas),3.07
14,Jalisco,069,Quitupan,0024,Cañada Seca (Las Ánimas),4.74
14,Jalisco,069,Quitupan,0028,Las Carreras,6.77
14,Jalisco,069,Quitupan,0030,Carrizalillo,5.26
14,Jalisco,069,Quitupan,0033,Cerro de Piedra,4.35
14,Jalisco,069,Quitupan,0040,El Cuervo,5.53
14,Jalisco,069,Quitupan,0043,La Cuesta,5.07
14,Jalisco,069,Quitupan,0045,Chamacuero,5.84
14,Jalisco,069,Quitupan,0047,El Chorro,6.62
14,Jalisco,069,Quitupan,0049,Los Desmontes,5.11
14,Jalisco,069,Quitupan,0057,El Fresnal,5.78
14,Jalisco,069,Quitupan,0059,Lázaro Cárdenas (San Diego),7.2
14,Jalisco,069,Quitupan,0061,Guadalupe del Montoso,4.5
14,Jalisco,069,Quitupan,0064,El Guayabito,7.75
14,Jalisco,069,Quitupan,0073,La Joya,6.26
14,Jalisco,069,Quitupan,0077,Lagunillas,4.65
14,Jalisco,069,Quitupan,0079,El Laurel,3.21
14,Jalisco,069,Quitupan,0080,Lavaderos,5.67
14,Jalisco,069,Quitupan,0082,El Limón de Carranza (El Limón),3.93
14,Jalisco,069,Quitupan,0083,El Limón,3.69
14,Jalisco,069,Quitupan,0086,Los Llanitos de Orozco,6.02
14,Jalisco,069,Quitupan,0087,Llano Largo,3.48
14,Jalisco,069,Quitupan,0088,Los Llanos,5.58
14,Jalisco,069,Quitupan,0090,La Fábrica (La Máquina),5.04
14,Jalisco,069,Quitupan,0091,Mariano Escobedo (La Guadalupe),4.8
14,Jalisco,069,Quitupan,0092,Mesa del Guayabo,4.86
14,Jalisco,069,Quitupan,0095,La Mesa Grande,5.2
14,Jalisco,069,Quitupan,0098,El Montoso,5.63
14,Jalisco,069,Quitupan,0099,La Mora,4.91
14,Jalisco,069,Quitupan,0101,Mula,6.36
14,Jalisco,069,Quitupan,0106,Palo Herrado,4.75
14,Jalisco,069,Quitupan,0107,Palo Verde,5.22
14,Jalisco,069,Quitupan,0111,La Peña,5.38
14,Jalisco,069,Quitupan,0117,Pizotepe,2.5
14,Jalisco,069,Quitupan,0118,Plan Baroso,5.4
14,Jalisco,069,Quitupan,0119,Plan de Cervantes,6.6
14,Jalisco,069,Quitupan,0123,Poca Sangre,4.33
14,Jalisco,069,Quitupan,0132,Puerta de Agujas,4.87
14,Jalisco,069,Quitupan,0137,El Quiringual,4.57
14,Jalisco,069,Quitupan,0138,Rafael Picazo (Santa Cruz),5.75
14,Jalisco,069,Quitupan,0139,El Raicero,4.56
14,Jalisco,069,Quitupan,0140,Ramón Corona (Santa Fe),5.71
14,Jalisco,069,Quitupan,0142,Pueblo Viejo,4.43
14,Jalisco,069,Quitupan,0143,El Regadillo,6
14,Jalisco,069,Quitupan,0145,Río de Huertas,5.13
14,Jalisco,069,Quitupan,0148,Rodeo (El Rodeo San Onofre),4.96
14,Jalisco,069,Quitupan,0149,Rodeo,5.93
14,Jalisco,069,Quitupan,0151,El Salitrillo,5.37
14,Jalisco,069,Quitupan,0153,San Antonio (Carrillo Puerto),6.01
14,Jalisco,069,Quitupan,0154,San Francisco (Emiliano Zapata),6.02
14,Jalisco,069,Quitupan,0155,San José de la Majada,5.2
14,Jalisco,069,Quitupan,0156,Benito Juárez (San Onofre),6.83
14,Jalisco,069,Quitupan,0161,Soromuta,6.83
14,Jalisco,069,Quitupan,0163,Las Tablas,4.43
14,Jalisco,069,Quitupan,0164,El Talayote,5.36
14,Jalisco,069,Quitupan,0165,Las Tecatas,5.71
14,Jalisco,069,Quitupan,0167,La Tinaja,6.55
14,Jalisco,069,Quitupan,0189,Las Maravillas,4.75
14,Jalisco,069,Quitupan,0193,El Lirio,4.9
14,Jalisco,069,Quitupan,0204,Los Chapiles,3.08
14,Jalisco,069,Quitupan,0216,El Carrizalillo,5
14,Jalisco,069,Quitupan,0220,El Fiscalejo,4.88
14,Jalisco,069,Quitupan,0224,Los Agrios (El Tule),3.5
14,Jalisco,069,Quitupan,0228,Los Capulines,3.86
14,Jalisco,069,Quitupan,0237,Palo Dulzal,4.61
14,Jalisco,069,Quitupan,0240,Puerto del Ojo de Agua,4.48
14,Jalisco,069,Quitupan,0243,La Tejocotera,1.5
14,Jalisco,069,Quitupan,0245,La Hacienda,7.32
14,Jalisco,069,Quitupan,0263,La Hacienda (La Peñita),8
14,Jalisco,069,Quitupan,0267,Puerto el Tejocote,6.67
14,Jalisco,069,Quitupan,0278,La Esperanza,8
14,Jalisco,069,Quitupan,9998,Localidades de una vivienda,4.92
14,Jalisco,069,Quitupan,9999,Localidades de dos viviendas,2.82
14,Jalisco,070,El Salto,0001,El Salto,9.81
14,Jalisco,070,El Salto,0009,Hacienda Vieja del Castillo (Castillo Viejo),8.64
14,Jalisco,070,El Salto,0011,El Muey,8.1
14,Jalisco,070,El Salto,0012,Palo Dulce,8.82
14,Jalisco,070,El Salto,0013,Las Pintas,8.31
14,Jalisco,070,El Salto,0014,Las Pintitas,8.86
14,Jalisco,070,El Salto,0020,San José del Castillo,9.65
14,Jalisco,070,El Salto,0021,San José el Verde (El Verde),8.54
14,Jalisco,070,El Salto,0034,San Miguel,5.48
14,Jalisco,070,El Salto,0035,El Sabino,8.73
14,Jalisco,070,El Salto,0043,El Quince (San José el Quince),8.24
14,Jalisco,070,El Salto,0051,Lomas del Ahogado,6.63
14,Jalisco,070,El Salto,0061,Ninguno,7.5
14,Jalisco,070,El Salto,0064,La Alameda [Fraccionamiento],9.62
14,Jalisco,070,El Salto,0086,Ninguno,8.1
14,Jalisco,070,El Salto,0089,San Bartolo,5.44
14,Jalisco,070,El Salto,0096,El Gigante,8.03
14,Jalisco,070,El Salto,0105,El Salto,8.61
14,Jalisco,070,El Salto,0111,Galaxia Bonito Jalisco,9.3
14,Jalisco,070,El Salto,0115,Lomas de Agua Blanca [Fraccionamiento],8.23
14,Jalisco,070,El Salto,0116,Agua Blanca,8.18
14,Jalisco,070,El Salto,0118,Cerro Colorado,8.75
14,Jalisco,070,El Salto,0120,Lomas de San Miguel II,9.96
14,Jalisco,070,El Salto,0121,Lomas del Salto,8.91
14,Jalisco,070,El Salto,0124,Rancho Buenavista,5.64
14,Jalisco,070,El Salto,0125,Rancho el Portal,5.22
14,Jalisco,070,El Salto,0127,Las Tuzas,6.43
14,Jalisco,070,El Salto,0128,Villas de Agua Blanca,9.85
14,Jalisco,070,El Salto,0129,La Alcantarilla,7.91
14,Jalisco,070,El Salto,0131,La Tarjea,7.47
14,Jalisco,070,El Salto,0132,Granja Lorena,5.5
14,Jalisco,070,El Salto,0133,El Mirador [Fraccionamiento],10.24
14,Jalisco,070,El Salto,0134,Parques del Triunfo,9.56
14,Jalisco,070,El Salto,9998,Localidades de una vivienda,8.5
14,Jalisco,070,El Salto,9999,Localidades de dos viviendas,5.86
14,Jalisco,071,San Cristóbal de la Barranca,0001,San Cristóbal de la Barranca,7.77
14,Jalisco,071,San Cristóbal de la Barranca,0004,El Aguacate,5.8
14,Jalisco,071,San Cristóbal de la Barranca,0010,Camotán,8.13
14,Jalisco,071,San Cristóbal de la Barranca,0012,La Casa Blanca,7.29
14,Jalisco,071,San Cristóbal de la Barranca,0013,La Catarina,7.18
14,Jalisco,071,San Cristóbal de la Barranca,0017,El Colomo,5
14,Jalisco,071,San Cristóbal de la Barranca,0023,Cuyutlán,6.74
14,Jalisco,071,San Cristóbal de la Barranca,0024,El Escalón,6.17
14,Jalisco,071,San Cristóbal de la Barranca,0035,Excamilpa,5.32
14,Jalisco,071,San Cristóbal de la Barranca,0036,Los Jacalitos,5.2
14,Jalisco,071,San Cristóbal de la Barranca,0042,La Lobera,7.27
14,Jalisco,071,San Cristóbal de la Barranca,0044,Las López,7.13
14,Jalisco,071,San Cristóbal de la Barranca,0049,Mezquitán,4.82
14,Jalisco,071,San Cristóbal de la Barranca,0054,Palo Verde,6.72
14,Jalisco,071,San Cristóbal de la Barranca,0061,Los Pueblitos,7.15
14,Jalisco,071,San Cristóbal de la Barranca,0066,Rancho Viejo,5.5
14,Jalisco,071,San Cristóbal de la Barranca,0069,San Francisco,4.57
14,Jalisco,071,San Cristóbal de la Barranca,0073,Santa Cruz de Arriba,5.52
14,Jalisco,071,San Cristóbal de la Barranca,0074,Santa Cruz de Atistique,5.97
14,Jalisco,071,San Cristóbal de la Barranca,0076,Santa Cruz de las Flores,5.25
14,Jalisco,071,San Cristóbal de la Barranca,0079,El Sauz,6.33
14,Jalisco,071,San Cristóbal de la Barranca,0081,Sosocola,6.35
14,Jalisco,071,San Cristóbal de la Barranca,0083,La Taberna,2.63
14,Jalisco,071,San Cristóbal de la Barranca,0084,El Tablón,7.89
14,Jalisco,071,San Cristóbal de la Barranca,0087,Teocaltita,5.82
14,Jalisco,071,San Cristóbal de la Barranca,0089,Tepeaca,6.69
14,Jalisco,071,San Cristóbal de la Barranca,0090,Los Tepezapotes,4.14
14,Jalisco,071,San Cristóbal de la Barranca,0091,El Tepozán,7.02
14,Jalisco,071,San Cristóbal de la Barranca,0095,La Mina,5.17
14,Jalisco,071,San Cristóbal de la Barranca,0167,Los Hundiditos,9
14,Jalisco,071,San Cristóbal de la Barranca,0180,El Malacate,5.69
14,Jalisco,071,San Cristóbal de la Barranca,0211,El Colomito,7.67
14,Jalisco,071,San Cristóbal de la Barranca,0218,Chalpatahua,5.2
14,Jalisco,071,San Cristóbal de la Barranca,0219,Las Chorreras,7.45
14,Jalisco,071,San Cristóbal de la Barranca,0226,El Maguey,7.24
14,Jalisco,071,San Cristóbal de la Barranca,0235,El Potrero,9
14,Jalisco,071,San Cristóbal de la Barranca,0251,El Ranchito,5.6
14,Jalisco,071,San Cristóbal de la Barranca,0267,Ninguno,5.25
14,Jalisco,071,San Cristóbal de la Barranca,9998,Localidades de una vivienda,5.51
14,Jalisco,071,San Cristóbal de la Barranca,9999,Localidades de dos viviendas,5.5
14,Jalisco,072,San Diego de Alejandría,0001,San Diego de Alejandría,7.57
14,Jalisco,072,San Diego de Alejandría,0002,Las Aburradas,8.31
14,Jalisco,072,San Diego de Alejandría,0005,Los Ángeles,8.78
14,Jalisco,072,San Diego de Alejandría,0006,La Angostura,4.94
14,Jalisco,072,San Diego de Alejandría,0011,La Campaña de Morelos,7.27
14,Jalisco,072,San Diego de Alejandría,0012,Canales,5.13
14,Jalisco,072,San Diego de Alejandría,0014,El Carmen,6.24
14,Jalisco,072,San Diego de Alejandría,0015,Casas Blancas (San Felipe de Jesús),5.12
14,Jalisco,072,San Diego de Alejandría,0016,Casillas,6.93
14,Jalisco,072,San Diego de Alejandría,0022,El Comedero,5.64
14,Jalisco,072,San Diego de Alejandría,0024,Cruz de Piedra,5.8
14,Jalisco,072,San Diego de Alejandría,0032,El Durazno,6
14,Jalisco,072,San Diego de Alejandría,0033,La Estancia,4
14,Jalisco,072,San Diego de Alejandría,0054,El Monte (Puerta del Monte),5.97
14,Jalisco,072,San Diego de Alejandría,0056,El Ocote,5.73
14,Jalisco,072,San Diego de Alejandría,0057,Paso Verde,6.82
14,Jalisco,072,San Diego de Alejandría,0064,Las Pintas,6.26
14,Jalisco,072,San Diego de Alejandría,0069,Potrero Blanco,4.69
14,Jalisco,072,San Diego de Alejandría,0076,El Fueste (El Rosario),5.65
14,Jalisco,072,San Diego de Alejandría,0078,El Salitrillo,3.9
14,Jalisco,072,San Diego de Alejandría,0079,San Agustín,6.57
14,Jalisco,072,San Diego de Alejandría,0081,San Cristóbal,5
14,Jalisco,072,San Diego de Alejandría,0082,San Fernando,6.16
14,Jalisco,072,San Diego de Alejandría,0083,Las Azules,5.64
14,Jalisco,072,San Diego de Alejandría,0086,San José del Monte,6.48
14,Jalisco,072,San Diego de Alejandría,0090,San Miguel de Orozco (San Miguel),5
14,Jalisco,072,San Diego de Alejandría,0091,San Pablo,5.86
14,Jalisco,072,San Diego de Alejandría,0092,San Pascual,5.44
14,Jalisco,072,San Diego de Alejandría,0098,Puerta de los Sauces,6.18
14,Jalisco,072,San Diego de Alejandría,0100,La Soledad de Villalpando,3.83
14,Jalisco,072,San Diego de Alejandría,0103,Tolimán,6.22
14,Jalisco,072,San Diego de Alejandría,0105,Turicate,8.29
14,Jalisco,072,San Diego de Alejandría,0111,Cañada Honda,6.5
14,Jalisco,072,San Diego de Alejandría,0126,El Mastranzo,4.4
14,Jalisco,072,San Diego de Alejandría,0131,Troja Blanca,6.9
14,Jalisco,072,San Diego de Alejandría,0147,La Brisa,6.07
14,Jalisco,072,San Diego de Alejandría,0151,El Placer,4.25
14,Jalisco,072,San Diego de Alejandría,0154,La Higuera,5.17
14,Jalisco,072,San Diego de Alejandría,0155,Ocote de Arriba,7
14,Jalisco,072,San Diego de Alejandría,0167,La Presa Reventada,3.67
14,Jalisco,072,San Diego de Alejandría,0168,Vista Hermosa,6
14,Jalisco,072,San Diego de Alejandría,0209,El Saucito,5.9
14,Jalisco,072,San Diego de Alejandría,0213,La Calzada,7.44
14,Jalisco,072,San Diego de Alejandría,0227,El Pedernal,10.56
14,Jalisco,072,San Diego de Alejandría,0232,Santa Cruz,5.24
14,Jalisco,072,San Diego de Alejandría,9998,Localidades de una vivienda,6.13
14,Jalisco,072,San Diego de Alejandría,9999,Localidades de dos viviendas,6.67
14,Jalisco,073,San Juan de los Lagos,0001,San Juan de los Lagos,8.75
14,Jalisco,073,San Juan de los Lagos,0002,El Agostadero,6
14,Jalisco,073,San Juan de los Lagos,0003,Agua de Obispo,6.96
14,Jalisco,073,San Juan de los Lagos,0004,Los Aguirres de Abajo (Los Aguirres),4.76
14,Jalisco,073,San Juan de los Lagos,0007,El Alto de Barajas,7.68
14,Jalisco,073,San Juan de los Lagos,0008,El Asoleadero,6.59
14,Jalisco,073,San Juan de los Lagos,0010,El Atravesaño,5.88
14,Jalisco,073,San Juan de los Lagos,0012,Caballerías,5.77
14,Jalisco,073,San Juan de los Lagos,0013,La Cajuela,7.11
14,Jalisco,073,San Juan de los Lagos,0019,Cañada de Caballos,7
14,Jalisco,073,San Juan de los Lagos,0020,Cañada del Dinero,5.91
14,Jalisco,073,San Juan de los Lagos,0025,La Cardona,6.33
14,Jalisco,073,San Juan de los Lagos,0026,La Carmenta,5.83
14,Jalisco,073,San Juan de los Lagos,0027,Carrizo de Abajo,6.66
14,Jalisco,073,San Juan de los Lagos,0028,Carrizo Norte,5.24
14,Jalisco,073,San Juan de los Lagos,0031,Casas Viejas (Agua Blanca),7.24
14,Jalisco,073,San Juan de los Lagos,0040,Los Cuartos,6.03
14,Jalisco,073,San Juan de los Lagos,0041,Cuatro Esquinas,5.05
14,Jalisco,073,San Juan de los Lagos,0045,El Chamacuero,5.23
14,Jalisco,073,San Juan de los Lagos,0046,Los Charcos,6.23
14,Jalisco,073,San Juan de los Lagos,0048,El Desperdicio (El Salvador),5.9
14,Jalisco,073,San Juan de los Lagos,0049,El Duarte,5.77
14,Jalisco,073,San Juan de los Lagos,0051,Estancia Vieja de Abajo,6.42
14,Jalisco,073,San Juan de los Lagos,0052,Estancia Vieja de Arriba,6.28
14,Jalisco,073,San Juan de los Lagos,0053,El Gallo,3.6
14,Jalisco,073,San Juan de los Lagos,0055,El Grillo,3.52
14,Jalisco,073,San Juan de los Lagos,0056,La Haciendita,6.33
14,Jalisco,073,San Juan de los Lagos,0057,Halconero de Abajo,6.49
14,Jalisco,073,San Juan de los Lagos,0058,Halconero de Arriba,5.5
14,Jalisco,073,San Juan de los Lagos,0065,El Jaral,6.07
14,Jalisco,073,San Juan de los Lagos,0066,La Labor de los Alba,5.14
14,Jalisco,073,San Juan de los Lagos,0067,Labor de Montoya,6.99
14,Jalisco,073,San Juan de los Lagos,0070,La Laja,6.17
14,Jalisco,073,San Juan de los Lagos,0071,Loma del Estribo,4.93
14,Jalisco,073,San Juan de los Lagos,0075,El Maguey,3.91
14,Jalisco,073,San Juan de los Lagos,0078,Mata Gorda,7.14
14,Jalisco,073,San Juan de los Lagos,0081,La Mesita,6.57
14,Jalisco,073,San Juan de los Lagos,0082,El Mezquite,6.71
14,Jalisco,073,San Juan de los Lagos,0087,Los Nidos,8.5
14,Jalisco,073,San Juan de los Lagos,0092,Ojo de Agua,7.57
14,Jalisco,073,San Juan de los Lagos,0097,Paso de Trujillos,6.43
14,Jalisco,073,San Juan de los Lagos,0101,Potrero de Enmedio,7
14,Jalisco,073,San Juan de los Lagos,0108,El Rodeo,6.27
14,Jalisco,073,San Juan de los Lagos,0111,Las Rosas,6.5
14,Jalisco,073,San Juan de los Lagos,0113,El Sabino,4.85
14,Jalisco,073,San Juan de los Lagos,0115,Salto de Laja (El Salto),6.56
14,Jalisco,073,San Juan de los Lagos,0116,El Puerto de San Antonio,4
14,Jalisco,073,San Juan de los Lagos,0117,San Antonio de los Barrera,6
14,Jalisco,073,San Juan de los Lagos,0118,San Aparicio,5.33
14,Jalisco,073,San Juan de los Lagos,0121,San José de la Cueva,6.28
14,Jalisco,073,San Juan de los Lagos,0122,San José de Olivares,5.02
14,Jalisco,073,San Juan de los Lagos,0124,San Pedro,4.57
14,Jalisco,073,San Juan de los Lagos,0127,Santa Rosa,4.88
14,Jalisco,073,San Juan de los Lagos,0128,Santa Teresa,6.67
14,Jalisco,073,San Juan de los Lagos,0133,El Sauz de los Ibarra,7.01
14,Jalisco,073,San Juan de los Lagos,0134,El Soyate,6.38
14,Jalisco,073,San Juan de los Lagos,0135,Taxiroc,5.3
14,Jalisco,073,San Juan de los Lagos,0136,El Tecolote,6.74
14,Jalisco,073,San Juan de los Lagos,0138,El Tepozán,6.06
14,Jalisco,073,San Juan de los Lagos,0140,El Toro,5.63
14,Jalisco,073,San Juan de los Lagos,0148,La Vaquería,4
14,Jalisco,073,San Juan de los Lagos,0149,Las Verdolagas,5.65
14,Jalisco,073,San Juan de los Lagos,0152,Las Palomas,5.67
14,Jalisco,073,San Juan de los Lagos,0157,La Concha,7.39
14,Jalisco,073,San Juan de los Lagos,0161,El Carrizo de Arriba,5.58
14,Jalisco,073,San Juan de los Lagos,0162,El Toro Chico (La Palmita),5.67
14,Jalisco,073,San Juan de los Lagos,0170,El Llano de Márquez (Llano de Caballerías),5.09
14,Jalisco,073,San Juan de los Lagos,0173,El Tajo,5.25
14,Jalisco,073,San Juan de los Lagos,0178,Las Piedras de Amolar,6.22
14,Jalisco,073,San Juan de los Lagos,0179,San Felipe,7.08
14,Jalisco,073,San Juan de los Lagos,0180,El Mistón,6.52
14,Jalisco,073,San Juan de los Lagos,0181,Paso Hondo,5.02
14,Jalisco,073,San Juan de los Lagos,0182,San Pedro de las Flores,7.48
14,Jalisco,073,San Juan de los Lagos,0183,La Joya,4.3
14,Jalisco,073,San Juan de los Lagos,0186,La Matilla,4.59
14,Jalisco,073,San Juan de los Lagos,0188,El Bajío,5.8
14,Jalisco,073,San Juan de los Lagos,0190,El Barroso (Cañada de los Martínez),5.9
14,Jalisco,073,San Juan de los Lagos,0194,Coleto,7.67
14,Jalisco,073,San Juan de los Lagos,0195,Las Colonias,4.13
14,Jalisco,073,San Juan de los Lagos,0196,Corralillos,4.5
14,Jalisco,073,San Juan de los Lagos,0197,El Chupadero,5
14,Jalisco,073,San Juan de los Lagos,0198,El Húmedo,6.67
14,Jalisco,073,San Juan de los Lagos,0206,El Sauz y la Palma (El Montecillo),5.02
14,Jalisco,073,San Juan de los Lagos,0208,El Ocote,7.08
14,Jalisco,073,San Juan de los Lagos,0209,El Pastor,5.97
14,Jalisco,073,San Juan de los Lagos,0214,Providencia,2
14,Jalisco,073,San Juan de los Lagos,0216,Purísima,7.23
14,Jalisco,073,San Juan de los Lagos,0219,Sardinas de Abajo,4.71
14,Jalisco,073,San Juan de los Lagos,0220,Sardinas de Arriba,6.67
14,Jalisco,073,San Juan de los Lagos,0221,Colonia Santa Cecilia (La Sauceda),7.44
14,Jalisco,073,San Juan de los Lagos,0223,El Terrero,2.8
14,Jalisco,073,San Juan de los Lagos,0224,Tetillas,8
14,Jalisco,073,San Juan de los Lagos,0225,Trujillos de Abajo,5.95
14,Jalisco,073,San Juan de los Lagos,0227,El Padre Juan,4.89
14,Jalisco,073,San Juan de los Lagos,0228,El Sabino,5.77
14,Jalisco,073,San Juan de los Lagos,0229,El Torque (El Agostadero),7.32
14,Jalisco,073,San Juan de los Lagos,0232,El Tajo (Las Cuatas),8.23
14,Jalisco,073,San Juan de los Lagos,0234,San José del Tajo,7
14,Jalisco,073,San Juan de los Lagos,0236,Cerro de San Diego,2.6
14,Jalisco,073,San Juan de los Lagos,0237,Ejido San Antonio de la Jara,4.67
14,Jalisco,073,San Juan de los Lagos,0239,Jaral de Santa Rosa,4.67
14,Jalisco,073,San Juan de los Lagos,0241,La Loma,4.81
14,Jalisco,073,San Juan de los Lagos,0242,El Mezquite de Abajo,4.6
14,Jalisco,073,San Juan de los Lagos,0252,Los Cedros (El Cedral),3.86
14,Jalisco,073,San Juan de los Lagos,0253,Santa Teresa [Granja],4.8
14,Jalisco,073,San Juan de los Lagos,0254,El Huizache,6.44
14,Jalisco,073,San Juan de los Lagos,0260,El Refugio,5.33
14,Jalisco,073,San Juan de los Lagos,0268,Cañada,8.88
14,Jalisco,073,San Juan de los Lagos,0269,Cuernecillo,5.15
14,Jalisco,073,San Juan de los Lagos,0270,La Cuesta de Medina,7.6
14,Jalisco,073,San Juan de los Lagos,0271,Charco Verde,7.55
14,Jalisco,073,San Juan de los Lagos,0273,Los Portales,5.43
14,Jalisco,073,San Juan de los Lagos,0275,Rinconada,7.62
14,Jalisco,073,San Juan de los Lagos,0276,Rosa de Castilla,7.68
14,Jalisco,073,San Juan de los Lagos,0277,Tule,6.13
14,Jalisco,073,San Juan de los Lagos,0282,La Jabonera,7.3
14,Jalisco,073,San Juan de los Lagos,0291,El Llano de Caballerías,5.42
14,Jalisco,073,San Juan de los Lagos,0292,Rancho la Cadena,6.32
14,Jalisco,073,San Juan de los Lagos,0294,El Terrero,8.11
14,Jalisco,073,San Juan de los Lagos,0295,Las Palmas,6.08
14,Jalisco,073,San Juan de los Lagos,0296,Mezquitic de la Magdalena,7.18
14,Jalisco,073,San Juan de los Lagos,0302,Los Romerillos (El Romerillo),6.68
14,Jalisco,073,San Juan de los Lagos,0303,El Llano (El Alto),6.88
14,Jalisco,073,San Juan de los Lagos,0305,Cañada de los Martínez,8.56
14,Jalisco,073,San Juan de los Lagos,0311,La Ciénega,6
14,Jalisco,073,San Juan de los Lagos,0313,Lagunillas,6.79
14,Jalisco,073,San Juan de los Lagos,0314,La Loma,7.05
14,Jalisco,073,San Juan de los Lagos,0319,El Ranchito,5.09
14,Jalisco,073,San Juan de los Lagos,0323,El Soyate,4.36
14,Jalisco,073,San Juan de los Lagos,0329,Tierra Blanca,5.63
14,Jalisco,073,San Juan de los Lagos,0336,El Alto Carrizo (Carrizo Norte),8
14,Jalisco,073,San Juan de los Lagos,0345,El Camaleón,7.15
14,Jalisco,073,San Juan de los Lagos,0346,Las Canteras,5.22
14,Jalisco,073,San Juan de los Lagos,0347,Cerro de Liebres,5.88
14,Jalisco,073,San Juan de los Lagos,0350,La Cofradía,6.63
14,Jalisco,073,San Juan de los Lagos,0351,Corral Blanco,5.18
14,Jalisco,073,San Juan de los Lagos,0352,Corral de Piedra,6.25
14,Jalisco,073,San Juan de los Lagos,0357,El Escobillal,9.3
14,Jalisco,073,San Juan de los Lagos,0360,Avilag [La Granja],4.35
14,Jalisco,073,San Juan de los Lagos,0362,El Moro [Granja],6.32
14,Jalisco,073,San Juan de los Lagos,0363,El Tepozán [Granja],5.44
14,Jalisco,073,San Juan de los Lagos,0364,La Estación [Granja],6.86
14,Jalisco,073,San Juan de los Lagos,0365,La Playita [Granja],7
14,Jalisco,073,San Juan de los Lagos,0366,La Purísima [Granja],6.91
14,Jalisco,073,San Juan de los Lagos,0367,Marielena [Granja],6.44
14,Jalisco,073,San Juan de los Lagos,0368,Rancho Verde [Granja],4.15
14,Jalisco,073,San Juan de los Lagos,0372,Jara de Jiménez (La Jara),5.49
14,Jalisco,073,San Juan de los Lagos,0373,Labor de Padilla,6.3
14,Jalisco,073,San Juan de los Lagos,0374,La Lagunita,7.5
14,Jalisco,073,San Juan de los Lagos,0375,La Loma Bonita,3.62
14,Jalisco,073,San Juan de los Lagos,0376,Maravillas,4.5
14,Jalisco,073,San Juan de los Lagos,0378,Matagorda (Camino a Paso Hondo),7.1
14,Jalisco,073,San Juan de los Lagos,0379,La Mesa de los Tostados,5
14,Jalisco,073,San Juan de los Lagos,0380,El Mirador,7.88
14,Jalisco,073,San Juan de los Lagos,0381,El Mirasol,6.73
14,Jalisco,073,San Juan de los Lagos,0382,El Monte,6.33
14,Jalisco,073,San Juan de los Lagos,0384,Ojo de Agua,3.31
14,Jalisco,073,San Juan de los Lagos,0389,El Pocirón,6.78
14,Jalisco,073,San Juan de los Lagos,0390,Potrero Blanco,5.9
14,Jalisco,073,San Juan de los Lagos,0391,Potrero de la Tuna (Ejido la Jara),6.95
14,Jalisco,073,San Juan de los Lagos,0392,El Puente (Casas Viejas),6.33
14,Jalisco,073,San Juan de los Lagos,0393,La Puerta Quemada,8.5
14,Jalisco,073,San Juan de los Lagos,0394,El Ramal (Las Mesas),5.64
14,Jalisco,073,San Juan de los Lagos,0395,Rancho el Rodeo,5.35
14,Jalisco,073,San Juan de los Lagos,0399,San Antonio Casas Nuevas (El Ojo de Agua),7.17
14,Jalisco,073,San Juan de los Lagos,0401,San Francisco,4
14,Jalisco,073,San Juan de los Lagos,0404,Los Tepetates,8.12
14,Jalisco,073,San Juan de los Lagos,0405,Los Tepetates,6.25
14,Jalisco,073,San Juan de los Lagos,0408,La Tira Angosta,5.25
14,Jalisco,073,San Juan de los Lagos,0409,Las Tortugas,5.56
14,Jalisco,073,San Juan de los Lagos,0418,La Esperanza,4.46
14,Jalisco,073,San Juan de los Lagos,0419,Viborillas (Los Tanques),7.93
14,Jalisco,073,San Juan de los Lagos,0420,El Ocote,5.82
14,Jalisco,073,San Juan de los Lagos,0424,Las Peñas,5.3
14,Jalisco,073,San Juan de los Lagos,0425,Los Aguirres de Arriba,5.27
14,Jalisco,073,San Juan de los Lagos,0426,Ojo de Agua,7.23
14,Jalisco,073,San Juan de los Lagos,0427,El Garruñal,5.86
14,Jalisco,073,San Juan de los Lagos,0430,El Rincón,8.11
14,Jalisco,073,San Juan de los Lagos,0431,La Cañada,6.35
14,Jalisco,073,San Juan de los Lagos,0433,Nomapa,3.83
14,Jalisco,073,San Juan de los Lagos,0434,El Salto,11.92
14,Jalisco,073,San Juan de los Lagos,0435,Agropecuaria Santa Rosa,4.94
14,Jalisco,073,San Juan de los Lagos,0437,Las Piedras Blancas,7.75
14,Jalisco,073,San Juan de los Lagos,0438,Las Tres Esquinas,5.22
14,Jalisco,073,San Juan de los Lagos,0439,Potrero del Gallo,6.36
14,Jalisco,073,San Juan de los Lagos,0440,Paso de Mezquitic,6.29
14,Jalisco,073,San Juan de los Lagos,0441,La Calera [Fraccionamiento],7.54
14,Jalisco,073,San Juan de los Lagos,0445,San José (Tapias Viejas),6
14,Jalisco,073,San Juan de los Lagos,9998,Localidades de una vivienda,6.34
14,Jalisco,073,San Juan de los Lagos,9999,Localidades de dos viviendas,6.15
14,Jalisco,074,San Julián,0001,San Julián,7.66
14,Jalisco,074,San Julián,0006,Carricillo,8.6
14,Jalisco,074,San Julián,0009,Cerro Chato,5.81
14,Jalisco,074,San Julián,0014,La Goleta,6.57
14,Jalisco,074,San Julián,0015,Granjeno,4.88
14,Jalisco,074,San Julián,0019,Loma Alta,6
14,Jalisco,074,San Julián,0020,Loma de la Mina,7.86
14,Jalisco,074,San Julián,0021,Loma de Obrajeros,1.44
14,Jalisco,074,San Julián,0022,La Manga (Potrero Grande),6.42
14,Jalisco,074,San Julián,0030,Palmitos (San Rafael),4.14
14,Jalisco,074,San Julián,0031,Palos Colorados,6.19
14,Jalisco,074,San Julián,0036,Los Pozos,3.43
14,Jalisco,074,San Julián,0038,Puerta de Amolero (Puerta del Aire),6.57
14,Jalisco,074,San Julián,0039,El Quinto (San Pablo),8.36
14,Jalisco,074,San Julián,0041,El Ranchito,4.95
14,Jalisco,074,San Julián,0042,Rosa de Castilla,7.4
14,Jalisco,074,San Julián,0043,San Carlos,6.54
14,Jalisco,074,San Julián,0044,Sánchez,6.79
14,Jalisco,074,San Julián,0054,Tamara,6.71
14,Jalisco,074,San Julián,0057,Toro Gato,9.43
14,Jalisco,074,San Julián,0061,Veredas,5.71
14,Jalisco,074,San Julián,0062,El Cerrito (El Mentidero),6.06
14,Jalisco,074,San Julián,0065,El Puerto de Amolero (El Puerto),6.35
14,Jalisco,074,San Julián,0072,Loma de Guadalajarita (La Loma),4.76
14,Jalisco,074,San Julián,0075,Colonia Veintitrés de Mayo,7.19
14,Jalisco,074,San Julián,0090,Santa Cruz,4.36
14,Jalisco,074,San Julián,0103,El Valle,6.05
14,Jalisco,074,San Julián,0114,Los Altos (Loma Alta),4.75
14,Jalisco,074,San Julián,0127,Cuero Duro,7.32
14,Jalisco,074,San Julián,9998,Localidades de una vivienda,5.96
14,Jalisco,074,San Julián,9999,Localidades de dos viviendas,5.59
14,Jalisco,075,San Marcos,0001,San Marcos,9.2
14,Jalisco,075,San Marcos,0020,Los Desmontes,6.71
14,Jalisco,075,San Marcos,0022,Ex-Hacienda de Guadalupe,10.5
14,Jalisco,075,San Marcos,0039,La Puerta del Coche,7.72
14,Jalisco,075,San Marcos,0044,San Isidro,8.47
14,Jalisco,075,San Marcos,0068,La Presa,7.18
14,Jalisco,075,San Marcos,0076,Mina la Escondida (Mina de Caolín),6.85
14,Jalisco,075,San Marcos,0090,Las Cebollas,2.57
14,Jalisco,075,San Marcos,0197,La Tizapa [Fraccionamiento],5.75
14,Jalisco,075,San Marcos,9998,Localidades de una vivienda,7.13
14,Jalisco,075,San Marcos,9999,Localidades de dos viviendas,6.5
14,Jalisco,076,San Martín de Bolaños,0001,San Martín de Bolaños,7.97
14,Jalisco,076,San Martín de Bolaños,0003,Agua Caliente,5
14,Jalisco,076,San Martín de Bolaños,0027,Los Clérigos,6.56
14,Jalisco,076,San Martín de Bolaños,0032,Los Copales,7.18
14,Jalisco,076,San Martín de Bolaños,0057,La Joya,5.56
14,Jalisco,076,San Martín de Bolaños,0064,Mamatla,5.97
14,Jalisco,076,San Martín de Bolaños,0083,Los Pintados (Villa Fátima),5
14,Jalisco,076,San Martín de Bolaños,0085,El Platanar,5.18
14,Jalisco,076,San Martín de Bolaños,0086,El Platanito,4.17
14,Jalisco,076,San Martín de Bolaños,0092,La Presa,5.82
14,Jalisco,076,San Martín de Bolaños,0093,Rancho de Sánchez (Puerta de Sánchez),5
14,Jalisco,076,San Martín de Bolaños,0098,Rancho Viejo,5
14,Jalisco,076,San Martín de Bolaños,0103,San Miguel,3.6
14,Jalisco,076,San Martín de Bolaños,0139,La Hermandad,6
14,Jalisco,076,San Martín de Bolaños,0140,El Mastranzo,7.78
14,Jalisco,076,San Martín de Bolaños,0188,Barrio de la Esperanza (Linda Vista),7.6
14,Jalisco,076,San Martín de Bolaños,0190,El Popote,7.2
14,Jalisco,076,San Martín de Bolaños,0236,La Haciendita,4.25
14,Jalisco,076,San Martín de Bolaños,0271,El Zapote,2.9
14,Jalisco,076,San Martín de Bolaños,0289,La Garita [Fraccionamiento],7.87
14,Jalisco,076,San Martín de Bolaños,9998,Localidades de una vivienda,5.1
14,Jalisco,076,San Martín de Bolaños,9999,Localidades de dos viviendas,4.43
14,Jalisco,077,San Martín Hidalgo,0001,San Martín Hidalgo,9.26
14,Jalisco,077,San Martín Hidalgo,0002,Buenavista,9.97
14,Jalisco,077,San Martín Hidalgo,0003,Camajapita,8.2
14,Jalisco,077,San Martín Hidalgo,0004,El Cobre,7.24
14,Jalisco,077,San Martín Hidalgo,0005,El Crucero de Santa María,10.28
14,Jalisco,077,San Martín Hidalgo,0006,Los Guerrero,8.97
14,Jalisco,077,San Martín Hidalgo,0007,Ipazoltic,8.51
14,Jalisco,077,San Martín Hidalgo,0009,Jesús María (El Zapote),7.89
14,Jalisco,077,San Martín Hidalgo,0010,Labor de Medina,7.41
14,Jalisco,077,San Martín Hidalgo,0011,Lagunillas,5.82
14,Jalisco,077,San Martín Hidalgo,0012,Lázaro Cárdenas,7.17
14,Jalisco,077,San Martín Hidalgo,0013,Mesa del Cobre,6.06
14,Jalisco,077,San Martín Hidalgo,0014,Río Grande,7.49
14,Jalisco,077,San Martín Hidalgo,0015,El Salitre,7.34
14,Jalisco,077,San Martín Hidalgo,0016,San Jerónimo (Los Barbosa),6.47
14,Jalisco,077,San Martín Hidalgo,0017,San Isidro Palo Verde,10.69
14,Jalisco,077,San Martín Hidalgo,0018,San Jacintito (El Ranchito),8.68
14,Jalisco,077,San Martín Hidalgo,0019,San Jacinto,8.82
14,Jalisco,077,San Martín Hidalgo,0020,Santa Cruz de las Flores,8.32
14,Jalisco,077,San Martín Hidalgo,0022,El Tepehuaje de Morelos,9.4
14,Jalisco,077,San Martín Hidalgo,0023,Trapiche de Abra,9.29
14,Jalisco,077,San Martín Hidalgo,0024,Los Vergara,7.81
14,Jalisco,077,San Martín Hidalgo,0027,El Moral,8.29
14,Jalisco,077,San Martín Hidalgo,0040,La Casita,8.6
14,Jalisco,077,San Martín Hidalgo,0054,La Puerta Blanca,8
14,Jalisco,077,San Martín Hidalgo,0066,Comunidad de las Rosas,8.68
14,Jalisco,077,San Martín Hidalgo,0074,Santa Rosa del Jilguero,8.92
14,Jalisco,077,San Martín Hidalgo,0075,Venustiano Carranza,9.44
14,Jalisco,077,San Martín Hidalgo,9998,Localidades de una vivienda,4.5
14,Jalisco,077,San Martín Hidalgo,9999,Localidades de dos viviendas,8.17
14,Jalisco,078,San Miguel el Alto,0001,San Miguel el Alto,8.04
14,Jalisco,078,San Miguel el Alto,0003,Las Alazanas,4.91
14,Jalisco,078,San Miguel el Alto,0005,Amador,5.68
14,Jalisco,078,San Miguel el Alto,0006,La Mole,5.9
14,Jalisco,078,San Miguel el Alto,0007,La Angostura,7.48
14,Jalisco,078,San Miguel el Alto,0012,La Aurora,4.86
14,Jalisco,078,San Miguel el Alto,0014,El Bajío,7.29
14,Jalisco,078,San Miguel el Alto,0022,Belem,6.51
14,Jalisco,078,San Miguel el Alto,0026,Buenavista,5.82
14,Jalisco,078,San Miguel el Alto,0027,El Burral,8.14
14,Jalisco,078,San Miguel el Alto,0039,Las Carretas,6.22
14,Jalisco,078,San Miguel el Alto,0045,Los Cerritos,7.67
14,Jalisco,078,San Miguel el Alto,0047,Cerro del Capulín,6.2
14,Jalisco,078,San Miguel el Alto,0049,Cerro Grande,7.5
14,Jalisco,078,San Miguel el Alto,0054,Cieneguita,9.3
14,Jalisco,078,San Miguel el Alto,0055,La Cinta,7.65
14,Jalisco,078,San Miguel el Alto,0058,El Compas,5.6
14,Jalisco,078,San Miguel el Alto,0059,Cornejo,7.19
14,Jalisco,078,San Miguel el Alto,0061,Cruz de Orozco,7.71
14,Jalisco,078,San Miguel el Alto,0062,El Cuadrado,5.39
14,Jalisco,078,San Miguel el Alto,0064,La Cuchilla (Potrero de la Cuchilla),6.8
14,Jalisco,078,San Miguel el Alto,0065,Las Cuevas,6.65
14,Jalisco,078,San Miguel el Alto,0070,El Derramadero,6.65
14,Jalisco,078,San Miguel el Alto,0074,La Estancia,5.22
14,Jalisco,078,San Miguel el Alto,0080,Guadalajarita,6.32
14,Jalisco,078,San Miguel el Alto,0081,El Guaje,5.59
14,Jalisco,078,San Miguel el Alto,0088,Jesús María,6.74
14,Jalisco,078,San Miguel el Alto,0093,Lechuguilla,6.9
14,Jalisco,078,San Miguel el Alto,0095,La Libertad,4.86
14,Jalisco,078,San Miguel el Alto,0100,Llano de los Conejos,6.14
14,Jalisco,078,San Miguel el Alto,0104,El Mastranzo,6.18
14,Jalisco,078,San Miguel el Alto,0105,La Mata (Fátima),5.89
14,Jalisco,078,San Miguel el Alto,0108,Mesa del Chile (Mesa de Amador),7.52
14,Jalisco,078,San Miguel el Alto,0112,Mesita del Fresno,5.8
14,Jalisco,078,San Miguel el Alto,0117,Mirandillas,7.26
14,Jalisco,078,San Miguel el Alto,0120,Montecillos,8.14
14,Jalisco,078,San Miguel el Alto,0122,Morquecho,6.38
14,Jalisco,078,San Miguel el Alto,0125,Los Nogales,7.67
14,Jalisco,078,San Miguel el Alto,0126,La Trinidad,6.98
14,Jalisco,078,San Miguel el Alto,0129,Los Ocotes,7
14,Jalisco,078,San Miguel el Alto,0131,Ojo de Agua,7.14
14,Jalisco,078,San Miguel el Alto,0134,La Palma,6.05
14,Jalisco,078,San Miguel el Alto,0135,Palo Blanco,6.36
14,Jalisco,078,San Miguel el Alto,0138,Pedregoso,5.12
14,Jalisco,078,San Miguel el Alto,0139,La Perilla,3.9
14,Jalisco,078,San Miguel el Alto,0144,Las Pilas,6.41
14,Jalisco,078,San Miguel el Alto,0146,El Pirul,6.48
14,Jalisco,078,San Miguel el Alto,0148,Potrerillo,3.5
14,Jalisco,078,San Miguel el Alto,0155,El Puchote,7.13
14,Jalisco,078,San Miguel el Alto,0157,El Puerto,6
14,Jalisco,078,San Miguel el Alto,0158,El Ramblas,6.07
14,Jalisco,078,San Miguel el Alto,0164,El Rincón de Chávez,5
14,Jalisco,078,San Miguel el Alto,0167,El Rodadillo,7.44
14,Jalisco,078,San Miguel el Alto,0178,San Isidro,5.8
14,Jalisco,078,San Miguel el Alto,0180,San Jorge,6.01
14,Jalisco,078,San Miguel el Alto,0181,San José del Cuarto,6.88
14,Jalisco,078,San Miguel el Alto,0182,San José de los Reynoso,6.27
14,Jalisco,078,San Miguel el Alto,0183,San Juan de Dios,7.67
14,Jalisco,078,San Miguel el Alto,0184,San Juanico,7.5
14,Jalisco,078,San Miguel el Alto,0185,San Rafael Uno,6.58
14,Jalisco,078,San Miguel el Alto,0186,Santa Ana de Arriba,5.99
14,Jalisco,078,San Miguel el Alto,0187,Santa Bárbara,6.3
14,Jalisco,078,San Miguel el Alto,0189,Santa Rosa,6.85
14,Jalisco,078,San Miguel el Alto,0191,San Vicente Uno,6.27
14,Jalisco,078,San Miguel el Alto,0196,Sinagua,6.67
14,Jalisco,078,San Miguel el Alto,0204,Tierra Blanca,6
14,Jalisco,078,San Miguel el Alto,0217,El Zapote,4.64
14,Jalisco,078,San Miguel el Alto,0220,La Escondida,8
14,Jalisco,078,San Miguel el Alto,0225,El Salto del Gavilán,6.12
14,Jalisco,078,San Miguel el Alto,0226,La Capilla,7
14,Jalisco,078,San Miguel el Alto,0233,El Buche,6.6
14,Jalisco,078,San Miguel el Alto,0240,El Saucillo de Abajo,6.47
14,Jalisco,078,San Miguel el Alto,0241,La Ceja,6
14,Jalisco,078,San Miguel el Alto,0253,La Ladera,5.81
14,Jalisco,078,San Miguel el Alto,0267,La Nopalera,7.17
14,Jalisco,078,San Miguel el Alto,0270,Puerta del Sauz,1
14,Jalisco,078,San Miguel el Alto,0307,El Pino,4
14,Jalisco,078,San Miguel el Alto,0308,Monte Alto,7.5
14,Jalisco,078,San Miguel el Alto,0309,El Carretero,5.89
14,Jalisco,078,San Miguel el Alto,0310,San Rafael Dos,8.19
14,Jalisco,078,San Miguel el Alto,0313,El Salero,5.5
14,Jalisco,078,San Miguel el Alto,0320,Cerrito de San Nicolás,4.12
14,Jalisco,078,San Miguel el Alto,0324,La Lomita,5.54
14,Jalisco,078,San Miguel el Alto,0328,El Robadero,7.44
14,Jalisco,078,San Miguel el Alto,0330,Valverde,4.27
14,Jalisco,078,San Miguel el Alto,0333,La Tinaja,4.48
14,Jalisco,078,San Miguel el Alto,0357,La Pimienta,6.22
14,Jalisco,078,San Miguel el Alto,0359,Sacamecate,6.83
14,Jalisco,078,San Miguel el Alto,0360,Santo Domingo (La Comba),6.56
14,Jalisco,078,San Miguel el Alto,0361,La Soledad,7.31
14,Jalisco,078,San Miguel el Alto,0364,El Terrero,6.67
14,Jalisco,078,San Miguel el Alto,0368,La Angostura,7.25
14,Jalisco,078,San Miguel el Alto,0378,Las Fuentes [Fraccionamiento],9.89
14,Jalisco,078,San Miguel el Alto,9998,Localidades de una vivienda,6.15
14,Jalisco,078,San Miguel el Alto,9999,Localidades de dos viviendas,5.5
14,Jalisco,079,Gómez Farías,0001,San Sebastián del Sur,8.78
14,Jalisco,079,Gómez Farías,0008,La Calavera,6.23
14,Jalisco,079,Gómez Farías,0011,Cerrillos,7.91
14,Jalisco,079,Gómez Farías,0013,Cofradía del Rosario,8.53
14,Jalisco,079,Gómez Farías,0014,El Corralito,6.23
14,Jalisco,079,Gómez Farías,0026,Los Ocuares,5
14,Jalisco,079,Gómez Farías,0029,El Rodeo,6.89
14,Jalisco,079,Gómez Farías,0030,San Andrés Ixtlán,8.21
14,Jalisco,079,Gómez Farías,0032,Ejido Uno de Febrero (San Nicolás),8.41
14,Jalisco,079,Gómez Farías,0073,Ramón Núñez,13.75
14,Jalisco,080,San Sebastián del Oeste,0001,San Sebastián del Oeste,9.8
14,Jalisco,080,San Sebastián del Oeste,0005,Amatanejo,6.09
14,Jalisco,080,San Sebastián del Oeste,0014,El Carrizo,7.6
14,Jalisco,080,San Sebastián del Oeste,0019,Cofradía Santa Cruz de Camotlán,6.12
14,Jalisco,080,San Sebastián del Oeste,0020,Colimilla,7.41
14,Jalisco,080,San Sebastián del Oeste,0021,Copales (Los Copalitos),7.1
14,Jalisco,080,San Sebastián del Oeste,0028,Los Charcos,6.96
14,Jalisco,080,San Sebastián del Oeste,0031,La Ermita,7.37
14,Jalisco,080,San Sebastián del Oeste,0033,La Estancia de Landeros,7.74
14,Jalisco,080,San Sebastián del Oeste,0034,La Estanzuela,7.06
14,Jalisco,080,San Sebastián del Oeste,0035,La Garita,2.71
14,Jalisco,080,San Sebastián del Oeste,0037,El Guayacán,6.2
14,Jalisco,080,San Sebastián del Oeste,0041,Hostotipac (Real Alto de Oxtotipac),7.75
14,Jalisco,080,San Sebastián del Oeste,0061,Las Mesitas (El Crucero),6.51
14,Jalisco,080,San Sebastián del Oeste,0062,Las Milpillas,6.38
14,Jalisco,080,San Sebastián del Oeste,0067,El Nogalito,7.87
14,Jalisco,080,San Sebastián del Oeste,0069,La Palma (Las Palmas),6.12
14,Jalisco,080,San Sebastián del Oeste,0085,Potrero de los Barrera,6.43
14,Jalisco,080,San Sebastián del Oeste,0087,Pueblito San Pablo (El Pueblito),6.27
14,Jalisco,080,San Sebastián del Oeste,0095,Los Reyes,7.05
14,Jalisco,080,San Sebastián del Oeste,0101,San Felipe de Híjar,8.21
14,Jalisco,080,San Sebastián del Oeste,0103,San Isidro (La Haciendita),5.26
14,Jalisco,080,San Sebastián del Oeste,0104,San Juan de Arriba,6.98
14,Jalisco,080,San Sebastián del Oeste,0108,Santa Ana,6.2
14,Jalisco,080,San Sebastián del Oeste,0111,Santiago de Pinos,8.19
14,Jalisco,080,San Sebastián del Oeste,0112,Soyatán,6.89
14,Jalisco,080,San Sebastián del Oeste,0114,El Tasajal,6.46
14,Jalisco,080,San Sebastián del Oeste,0115,Teleacapan,5.16
14,Jalisco,080,San Sebastián del Oeste,0120,Tierra Blanca de Híjar,7.36
14,Jalisco,080,San Sebastián del Oeste,0122,La Tortuga,6.86
14,Jalisco,080,San Sebastián del Oeste,0137,El Balcón,10.25
14,Jalisco,080,San Sebastián del Oeste,0141,El Volantín,4.33
14,Jalisco,080,San Sebastián del Oeste,0146,El Arrayán,6.76
14,Jalisco,080,San Sebastián del Oeste,0148,El Chacuaco,8.32
14,Jalisco,080,San Sebastián del Oeste,0156,El Recodo (El Capomo),5.58
14,Jalisco,080,San Sebastián del Oeste,0161,El Puente (El Crucero del Puente),7.86
14,Jalisco,080,San Sebastián del Oeste,0170,El Ranchito,5.96
14,Jalisco,080,San Sebastián del Oeste,0185,La Taberna,8.4
14,Jalisco,080,San Sebastián del Oeste,0198,La Encinera,6.44
14,Jalisco,080,San Sebastián del Oeste,0215,La Punta de la Pareja,9
14,Jalisco,080,San Sebastián del Oeste,0229,La Taberna,8.3
14,Jalisco,080,San Sebastián del Oeste,9998,Localidades de una vivienda,4.67
14,Jalisco,080,San Sebastián del Oeste,9999,Localidades de dos viviendas,5.3
14,Jalisco,081,Santa María de los Ángeles,0001,Santa María de los Ángeles,8.83
14,Jalisco,081,Santa María de los Ángeles,0002,Las Ánimas,5.61
14,Jalisco,081,Santa María de los Ángeles,0003,La Boquilla de Zaragoza (La Boquilla),7.03
14,Jalisco,081,Santa María de los Ángeles,0006,Los Corteses,5.7
14,Jalisco,081,Santa María de los Ángeles,0007,Colonia Dieciocho de Marzo (El Corral de los Toros),7.42
14,Jalisco,081,Santa María de los Ángeles,0008,El Fraile,6.03
14,Jalisco,081,Santa María de los Ángeles,0009,Huacasco (San José de Huascasco),5.96
14,Jalisco,081,Santa María de los Ángeles,0011,Las Lajas,6.29
14,Jalisco,081,Santa María de los Ángeles,0012,Las Liebres,6.11
14,Jalisco,081,Santa María de los Ángeles,0014,El Montecillo,5.5
14,Jalisco,081,Santa María de los Ángeles,0016,El Ojo de Agua,4.83
14,Jalisco,081,Santa María de los Ángeles,0022,Los Sauces,7.75
14,Jalisco,081,Santa María de los Ángeles,0023,Sauz de los Márquez,6.08
14,Jalisco,081,Santa María de los Ángeles,0026,Tenasco de Abajo,6.96
14,Jalisco,081,Santa María de los Ángeles,0027,Tenasco de Arriba,6.9
14,Jalisco,081,Santa María de los Ángeles,0028,Colonia Veintiuno de Marzo (La Hiedrita),6.1
14,Jalisco,081,Santa María de los Ángeles,0034,Los Nogales,10.07
14,Jalisco,081,Santa María de los Ángeles,0038,Barrio de Tapias,7.65
14,Jalisco,081,Santa María de los Ángeles,0046,Barrio de la Canoa,7.45
14,Jalisco,081,Santa María de los Ángeles,0054,El Alamito (El Ojo de Agua),4.67
14,Jalisco,081,Santa María de los Ángeles,0056,Rancho de Dios,4.35
14,Jalisco,082,Sayula,0001,Sayula,9.68
14,Jalisco,082,Sayula,0004,Amatitlán,5.94
14,Jalisco,082,Sayula,0025,Tamaliagua,6.2
14,Jalisco,082,Sayula,0026,Usmajac,8.23
14,Jalisco,082,Sayula,0031,El Reparo,7.27
14,Jalisco,082,Sayula,0041,La Quinta,11.3
14,Jalisco,082,Sayula,0114,Los Coyotes,8.75
14,Jalisco,082,Sayula,0117,El Quemado [Deshidratadora Ejidal],3.4
14,Jalisco,082,Sayula,0151,El Tacamo,4.5
14,Jalisco,082,Sayula,9998,Localidades de una vivienda,7.74
14,Jalisco,082,Sayula,9999,Localidades de dos viviendas,8.14
14,Jalisco,083,Tala,0001,Tala,9.32
14,Jalisco,083,Tala,0002,Ahuisculco,7.6
14,Jalisco,083,Tala,0004,Cuisillos,8.7
14,Jalisco,083,Tala,0005,Cuxpala,6.74
14,Jalisco,083,Tala,0007,Ingenio de Tala (Colonia Ingenio),8.21
14,Jalisco,083,Tala,0009,Mazatepec [Estación],6.91
14,Jalisco,083,Tala,0010,Las Navajas,7.25
14,Jalisco,083,Tala,0011,Castro Urdiales (Pacana),8.71
14,Jalisco,083,Tala,0012,Platanar,4.5
14,Jalisco,083,Tala,0013,El Refugio,8.8
14,Jalisco,083,Tala,0014,San Antonio Mazatepec,8.14
14,Jalisco,083,Tala,0015,San Ignacio de Carboneras,6.59
14,Jalisco,083,Tala,0016,San Isidro Mazatepec,8.31
14,Jalisco,083,Tala,0017,San Juan de los Arcos,8.27
14,Jalisco,083,Tala,0018,La Villita,7.66
14,Jalisco,083,Tala,0035,La Culebra,7.47
14,Jalisco,083,Tala,0043,El Ranchito (San Isidro),7.9
14,Jalisco,083,Tala,0049,Alfredo V. Bonfil,8.81
14,Jalisco,083,Tala,0092,Rancho la Atarjea,7.45
14,Jalisco,083,Tala,0110,El Guayabo,12
14,Jalisco,083,Tala,0112,Colonia Ferrocarril,8.33
14,Jalisco,083,Tala,0118,Arnoldo Ramírez,7.5
14,Jalisco,083,Tala,0125,El Casco,4.9
14,Jalisco,083,Tala,0130,Los Chorritos de Tala,6.75
14,Jalisco,083,Tala,0138,La Vega [Granja],8.2
14,Jalisco,083,Tala,0144,La Higuera de Pacana,7
14,Jalisco,083,Tala,0163,Rancho el Casco,4.43
14,Jalisco,083,Tala,0176,Tala,1.29
14,Jalisco,083,Tala,0179,Rancho Country Ramírez,8.46
14,Jalisco,083,Tala,0182,Rancho Solo el Rodeo,8.01
14,Jalisco,083,Tala,0213,Las Torres (La Campanilla),5.51
14,Jalisco,083,Tala,0217,Villa San José,8.09
14,Jalisco,083,Tala,0219,Ventura Flores Navarro,9.85
14,Jalisco,083,Tala,0220,Los Ruiseñores,9.18
14,Jalisco,083,Tala,0221,Acacias,9.3
14,Jalisco,083,Tala,0222,La Estación Residencial,8.57
14,Jalisco,083,Tala,0228,Granjas el Salvial [Fraccionamiento],8.19
14,Jalisco,083,Tala,0236,Pueblo Nuevo Milenio,6.45
14,Jalisco,083,Tala,0240,Teopantli Calpulli,13.32
14,Jalisco,083,Tala,9998,Localidades de una vivienda,7.44
14,Jalisco,083,Tala,9999,Localidades de dos viviendas,7.47
14,Jalisco,084,Talpa de Allende,0001,Talpa de Allende,8.85
14,Jalisco,084,Talpa de Allende,0004,Agua Caliente,3.75
14,Jalisco,084,Talpa de Allende,0007,El Aguacate,7
14,Jalisco,084,Talpa de Allende,0015,Aranjuez,4.25
14,Jalisco,084,Talpa de Allende,0026,El Bramador,5.46
14,Jalisco,084,Talpa de Allende,0028,Cabos,7
14,Jalisco,084,Talpa de Allende,0033,La Cañada,7.07
14,Jalisco,084,Talpa de Allende,0041,Centinela,4.6
14,Jalisco,084,Talpa de Allende,0044,Los Cerritos,5.85
14,Jalisco,084,Talpa de Allende,0050,Las Colonias,6.36
14,Jalisco,084,Talpa de Allende,0053,Concepción del Bramador (La Concha),6.73
14,Jalisco,084,Talpa de Allende,0054,La Concepción (La Concha),5.88
14,Jalisco,084,Talpa de Allende,0063,Cuale,5.96
14,Jalisco,084,Talpa de Allende,0066,La Cuesta,7.7
14,Jalisco,084,Talpa de Allende,0077,Desmoronado (El Real),6.87
14,Jalisco,084,Talpa de Allende,0081,Los Encinos,5.57
14,Jalisco,084,Talpa de Allende,0082,La Esperanza,4.56
14,Jalisco,084,Talpa de Allende,0083,Espinos de Hernández,4.88
14,Jalisco,084,Talpa de Allende,0084,Los Espinos,5.83
14,Jalisco,084,Talpa de Allende,0090,Las Guásimas,6.28
14,Jalisco,084,Talpa de Allende,0098,Las Hormigas,5.32
14,Jalisco,084,Talpa de Allende,0103,Las Jícamas,5.77
14,Jalisco,084,Talpa de Allende,0115,Los Lobos,6.06
14,Jalisco,084,Talpa de Allende,0120,Las Maderitas (Las Juntas),2.89
14,Jalisco,084,Talpa de Allende,0129,Mezcales,8.33
14,Jalisco,084,Talpa de Allende,0131,La Mina el Rubí (Ocotitlán),6.86
14,Jalisco,084,Talpa de Allende,0134,Monte Grande,6.6
14,Jalisco,084,Talpa de Allende,0136,Murguía,6.48
14,Jalisco,084,Talpa de Allende,0144,Los Ocotes,8.11
14,Jalisco,084,Talpa de Allende,0146,La Otra Banda,7.83
14,Jalisco,084,Talpa de Allende,0160,Paredones,3.38
14,Jalisco,084,Talpa de Allende,0169,Las Piedras,5.89
14,Jalisco,084,Talpa de Allende,0174,Polvoreda,3.13
14,Jalisco,084,Talpa de Allende,0181,El Pozo,5.56
14,Jalisco,084,Talpa de Allende,0209,San Nicolás,6.8
14,Jalisco,084,Talpa de Allende,0215,Santa Lucía de la Cuesta (Santa Lucía),7.8
14,Jalisco,084,Talpa de Allende,0218,Los Sauces,9.1
14,Jalisco,084,Talpa de Allende,0223,La Soledad de Cuale,4.27
14,Jalisco,084,Talpa de Allende,0224,Soyatán,6.71
14,Jalisco,084,Talpa de Allende,0233,Tescalama,8.17
14,Jalisco,084,Talpa de Allende,0234,El Tigre,6.67
14,Jalisco,084,Talpa de Allende,0235,Toledo,7.89
14,Jalisco,084,Talpa de Allende,0241,Veladero,4.63
14,Jalisco,084,Talpa de Allende,0249,Los Zapotes,6.98
14,Jalisco,084,Talpa de Allende,0251,Cortapico,2.71
14,Jalisco,084,Talpa de Allende,0270,El Crucero,5.06
14,Jalisco,084,Talpa de Allende,0271,La Cumbre de Guadalupe (La Cumbre de los Arrastrados),7.54
14,Jalisco,084,Talpa de Allende,0277,El Mapache,8.5
14,Jalisco,084,Talpa de Allende,0280,El Nacaste (La Parota),6.58
14,Jalisco,084,Talpa de Allende,0287,El Refugio (El Paraje),6
14,Jalisco,084,Talpa de Allende,0288,Los Rostros,5.27
14,Jalisco,084,Talpa de Allende,0300,Sol de Oro,5.17
14,Jalisco,084,Talpa de Allende,0305,San Andrés,6.35
14,Jalisco,084,Talpa de Allende,0411,El Baño,6.95
14,Jalisco,084,Talpa de Allende,0417,El Capulín del Veladero,6
14,Jalisco,084,Talpa de Allende,0429,Higueras del Desmoronado,3.64
14,Jalisco,084,Talpa de Allende,0430,Javier,8.5
14,Jalisco,084,Talpa de Allende,0452,Potrerón,5.38
14,Jalisco,084,Talpa de Allende,0455,Santa Julia (Rajas Paradas),6.63
14,Jalisco,084,Talpa de Allende,0464,La Sauda,6.14
14,Jalisco,084,Talpa de Allende,0488,El Limoncillo,5.64
14,Jalisco,084,Talpa de Allende,0517,El Higueral,4.2
14,Jalisco,084,Talpa de Allende,0524,El Molino,7.75
14,Jalisco,084,Talpa de Allende,0551,El Vergel,8.71
14,Jalisco,084,Talpa de Allende,0561,Localidad Rural Talpa,4.88
14,Jalisco,084,Talpa de Allende,0566,Tabernillas,6.22
14,Jalisco,084,Talpa de Allende,0766,La Magdalena (Potrero del Burro),8.69
14,Jalisco,084,Talpa de Allende,9998,Localidades de una vivienda,5.31
14,Jalisco,084,Talpa de Allende,9999,Localidades de dos viviendas,5.89
14,Jalisco,085,Tamazula de Gordiano,0001,Tamazula de Gordiano,9.21
14,Jalisco,085,Tamazula de Gordiano,0002,El Agostadero,4.07
14,Jalisco,085,Tamazula de Gordiano,0005,Agua Salada,7.9
14,Jalisco,085,Tamazula de Gordiano,0010,Arroyo Hondo,6.43
14,Jalisco,085,Tamazula de Gordiano,0011,Arroyo Seco,4.33
14,Jalisco,085,Tamazula de Gordiano,0013,El Atascoso,5.1
14,Jalisco,085,Tamazula de Gordiano,0020,Callejones,7.34
14,Jalisco,085,Tamazula de Gordiano,0024,El Capulín,3.43
14,Jalisco,085,Tamazula de Gordiano,0025,Los Capulines,6.3
14,Jalisco,085,Tamazula de Gordiano,0031,La Sidra,6
14,Jalisco,085,Tamazula de Gordiano,0033,Los Cimientos,2.22
14,Jalisco,085,Tamazula de Gordiano,0035,Cofradía de Abajo,5.33
14,Jalisco,085,Tamazula de Gordiano,0038,Villa de Contla (Contla),7.21
14,Jalisco,085,Tamazula de Gordiano,0042,Cuesta de San Lázaro,5.82
14,Jalisco,085,Tamazula de Gordiano,0050,Espíritu Santo,5.56
14,Jalisco,085,Tamazula de Gordiano,0051,La Estancia,7.82
14,Jalisco,085,Tamazula de Gordiano,0053,La Garita,7.08
14,Jalisco,085,Tamazula de Gordiano,0058,El Guayabo,7.23
14,Jalisco,085,Tamazula de Gordiano,0060,Hacienda Vieja,6.81
14,Jalisco,085,Tamazula de Gordiano,0061,La Hiedra,6.32
14,Jalisco,085,Tamazula de Gordiano,0063,Higueras San Miguel,6.14
14,Jalisco,085,Tamazula de Gordiano,0071,Joya de los Indios,5.86
14,Jalisco,085,Tamazula de Gordiano,0072,La Joya del Salto (Cañada del Salto),5.64
14,Jalisco,085,Tamazula de Gordiano,0077,El Limón,5.32
14,Jalisco,085,Tamazula de Gordiano,0080,Los Llanitos,5.36
14,Jalisco,085,Tamazula de Gordiano,0083,Malentón Chico,6.71
14,Jalisco,085,Tamazula de Gordiano,0087,Cañada Mesa Blanca (Mesa Blanca),2.65
14,Jalisco,085,Tamazula de Gordiano,0089,Las Vallas,7.43
14,Jalisco,085,Tamazula de Gordiano,0094,La Mora,4.94
14,Jalisco,085,Tamazula de Gordiano,0095,Morelos (Santa Rosa),7.52
14,Jalisco,085,Tamazula de Gordiano,0096,Mota,4.4
14,Jalisco,085,Tamazula de Gordiano,0098,Nigromante (San Juan de la Montaña),5.82
14,Jalisco,085,Tamazula de Gordiano,0103,Once Pueblos,5.96
14,Jalisco,085,Tamazula de Gordiano,0104,Palmillas de Abajo,4.13
14,Jalisco,085,Tamazula de Gordiano,0105,Palmilla de Arriba,6.1
14,Jalisco,085,Tamazula de Gordiano,0106,La Palmita,6.44
14,Jalisco,085,Tamazula de Gordiano,0111,Paso de Ganado,6.66
14,Jalisco,085,Tamazula de Gordiano,0112,La Peña Colorada,6.63
14,Jalisco,085,Tamazula de Gordiano,0118,El Pitahayo,5.89
14,Jalisco,085,Tamazula de Gordiano,0120,Pizatlán de Adentro,4.44
14,Jalisco,085,Tamazula de Gordiano,0123,Portezuelo Nuevo,6.34
14,Jalisco,085,Tamazula de Gordiano,0124,Portezuelo Viejo,5.05
14,Jalisco,085,Tamazula de Gordiano,0126,Soyatlán de la Presa (La Presa),6.38
14,Jalisco,085,Tamazula de Gordiano,0129,Puerto de las Blancas,5.25
14,Jalisco,085,Tamazula de Gordiano,0131,Ramblas,7.6
14,Jalisco,085,Tamazula de Gordiano,0133,Real del Favor,2.79
14,Jalisco,085,Tamazula de Gordiano,0137,Rincón del Aguacate,6.21
14,Jalisco,085,Tamazula de Gordiano,0140,El Rodeo,5.56
14,Jalisco,085,Tamazula de Gordiano,0141,La Rosa,6.18
14,Jalisco,085,Tamazula de Gordiano,0142,Los Rusios (Rusios de Abajo),5.48
14,Jalisco,085,Tamazula de Gordiano,0146,San Francisco,6.83
14,Jalisco,085,Tamazula de Gordiano,0152,Santas Marías de Arriba (Santas Marías),5.21
14,Jalisco,085,Tamazula de Gordiano,0153,San Vicente,7.03
14,Jalisco,085,Tamazula de Gordiano,0154,El Saucillo,4.14
14,Jalisco,085,Tamazula de Gordiano,0155,Soyatlán de Adentro (La Hacienda),6.34
14,Jalisco,085,Tamazula de Gordiano,0156,Soyatlán de Afuera,6.61
14,Jalisco,085,Tamazula de Gordiano,0157,El Taray,5.68
14,Jalisco,085,Tamazula de Gordiano,0161,La Troja,6
14,Jalisco,085,Tamazula de Gordiano,0163,Las Trojas,5.6
14,Jalisco,085,Tamazula de Gordiano,0164,El Tulillo,5.47
14,Jalisco,085,Tamazula de Gordiano,0170,El Veladero,6.37
14,Jalisco,085,Tamazula de Gordiano,0172,La Verdura,5.93
14,Jalisco,085,Tamazula de Gordiano,0173,Vista Hermosa (Santa Cruz del Cortijo),8.01
14,Jalisco,085,Tamazula de Gordiano,0174,La Yerbabuena,5.33
14,Jalisco,085,Tamazula de Gordiano,0179,La Cebolla,6.79
14,Jalisco,085,Tamazula de Gordiano,0183,El Pedregal,6.84
14,Jalisco,085,Tamazula de Gordiano,0190,Sonora (Sonorita),6.86
14,Jalisco,085,Tamazula de Gordiano,0195,Apatzingán,6.18
14,Jalisco,085,Tamazula de Gordiano,0229,Los Murciélagos (El Crucero),6.44
14,Jalisco,085,Tamazula de Gordiano,0231,El Aguacate,7.67
14,Jalisco,085,Tamazula de Gordiano,0232,Las Juntas de Mota (Las Juntas),4.73
14,Jalisco,085,Tamazula de Gordiano,0248,La Alberca,5.55
14,Jalisco,085,Tamazula de Gordiano,0272,La Pareja,3.86
14,Jalisco,085,Tamazula de Gordiano,0288,Arroyo de las Pilas,7.52
14,Jalisco,085,Tamazula de Gordiano,0302,El Lindero (El Rebaje),4.68
14,Jalisco,085,Tamazula de Gordiano,0310,Rincón,5.23
14,Jalisco,085,Tamazula de Gordiano,0315,Mesa Blanca,5.35
14,Jalisco,085,Tamazula de Gordiano,0319,Nuevo Centro de Población el Cordoncillo,5.98
14,Jalisco,085,Tamazula de Gordiano,0322,Rancho de Medina,6.46
14,Jalisco,085,Tamazula de Gordiano,0323,Los Gatos y Anexos (Rancho del Padre),5.18
14,Jalisco,085,Tamazula de Gordiano,0324,Higueras del Carrizal,6.86
14,Jalisco,085,Tamazula de Gordiano,0335,San Juan de Arriba,1.43
14,Jalisco,085,Tamazula de Gordiano,0346,El Gato,2.17
14,Jalisco,085,Tamazula de Gordiano,0391,El Cerrito,5
14,Jalisco,085,Tamazula de Gordiano,0398,La Cruz,7.56
14,Jalisco,085,Tamazula de Gordiano,0400,Ejido Agua Zarca (Poblado de Agua Zarca),6.17
14,Jalisco,085,Tamazula de Gordiano,0443,Rancho el Laurel,8.79
14,Jalisco,085,Tamazula de Gordiano,0447,Santas Marías de Abajo,7.19
14,Jalisco,085,Tamazula de Gordiano,0449,La Saucera,6.67
14,Jalisco,085,Tamazula de Gordiano,0461,Los Cimientos,5.78
14,Jalisco,085,Tamazula de Gordiano,0467,Los Horcones,1.5
14,Jalisco,085,Tamazula de Gordiano,0468,El Huizache,4.06
14,Jalisco,085,Tamazula de Gordiano,0473,San Fernando,4.91
14,Jalisco,085,Tamazula de Gordiano,0477,Colonia la Divina Providencia,6.49
14,Jalisco,085,Tamazula de Gordiano,9998,Localidades de una vivienda,4.71
14,Jalisco,085,Tamazula de Gordiano,9999,Localidades de dos viviendas,4.58
14,Jalisco,086,Tapalpa,0001,Tapalpa,9.24
14,Jalisco,086,Tapalpa,0004,Atacco,7.33
14,Jalisco,086,Tapalpa,0005,La Barranca del Refugio,5.73
14,Jalisco,086,Tapalpa,0006,Buenavista,7
14,Jalisco,086,Tapalpa,0007,La Cañada Tezcaltilti,6.2
14,Jalisco,086,Tapalpa,0012,El Tecuán,5.5
14,Jalisco,086,Tapalpa,0015,Churintzio,6.91
14,Jalisco,086,Tapalpa,0016,Los Espinos,7.53
14,Jalisco,086,Tapalpa,0017,Ferrería de Tula,7.39
14,Jalisco,086,Tapalpa,0019,Juanacatlán,6.66
14,Jalisco,086,Tapalpa,0020,La Lagunilla,6.69
14,Jalisco,086,Tapalpa,0024,Pueblo Nuevo,6.86
14,Jalisco,086,Tapalpa,0025,Puente de Tierra (San José),7.67
14,Jalisco,086,Tapalpa,0026,Punta de Agua,6.84
14,Jalisco,086,Tapalpa,0030,San Antonio (San Antonio de Padua),7.88
14,Jalisco,086,Tapalpa,0031,Hacienda San Francisco,7.69
14,Jalisco,086,Tapalpa,0032,San Francisco de Tula (San Francisquito),5.92
14,Jalisco,086,Tapalpa,0033,San Martín de las Flores,6.69
14,Jalisco,086,Tapalpa,0034,San Miguel,6.15
14,Jalisco,086,Tapalpa,0035,Santa Inés,5.11
14,Jalisco,086,Tapalpa,0036,El Tacamo,5.34
14,Jalisco,086,Tapalpa,0038,Yerbabuena,6.15
14,Jalisco,086,Tapalpa,0040,La Frontera,7.91
14,Jalisco,086,Tapalpa,0043,Loma Alta,8.19
14,Jalisco,086,Tapalpa,0044,Los Robles,6.92
14,Jalisco,086,Tapalpa,0047,Rosa de Castilla,7.68
14,Jalisco,086,Tapalpa,0050,Ojo de Agua,6.87
14,Jalisco,086,Tapalpa,0051,San Pedro (El Cuiz),7.56
14,Jalisco,086,Tapalpa,0052,Cópala,6.24
14,Jalisco,086,Tapalpa,0059,Rancho Viejo,8.89
14,Jalisco,086,Tapalpa,0075,Agua Escondida,5.33
14,Jalisco,086,Tapalpa,0089,La Cofradía del Rosario,5.61
14,Jalisco,086,Tapalpa,0092,Las Moras,6.77
14,Jalisco,086,Tapalpa,0094,Puerta del Isote,9.1
14,Jalisco,086,Tapalpa,0098,La Tejería,11.25
14,Jalisco,086,Tapalpa,0111,La Leona,8.8
14,Jalisco,086,Tapalpa,0115,Rincón de los Pastores,7.76
14,Jalisco,086,Tapalpa,0119,La Cruz,6.32
14,Jalisco,086,Tapalpa,0127,San Juan [Aserradero],8.67
14,Jalisco,086,Tapalpa,0130,El Bule,7.56
14,Jalisco,086,Tapalpa,0137,El Capulín,4.85
14,Jalisco,086,Tapalpa,0140,Los Colonos,8.31
14,Jalisco,086,Tapalpa,0143,El Delirio,8.33
14,Jalisco,086,Tapalpa,0147,Las Galeras,6.19
14,Jalisco,086,Tapalpa,0152,El Jagüey,6.65
14,Jalisco,086,Tapalpa,0161,El Montecillo,5.58
14,Jalisco,086,Tapalpa,0162,El Nopal,6.7
14,Jalisco,086,Tapalpa,0164,Ojo de Agua,9.53
14,Jalisco,086,Tapalpa,0167,Pinares Tapalpa,8.5
14,Jalisco,086,Tapalpa,0169,Lomas del Poleo,8.42
14,Jalisco,086,Tapalpa,0196,El Reparo,8.8
14,Jalisco,086,Tapalpa,0201,San Isidro de la Providencia,7.33
14,Jalisco,086,Tapalpa,0207,La Varillita,6.45
14,Jalisco,086,Tapalpa,0209,El Pitahayo de la Providencia,5.54
14,Jalisco,086,Tapalpa,0210,El Sombrero (El Sombrerito),5.61
14,Jalisco,086,Tapalpa,0211,La Providencia,7.7
14,Jalisco,086,Tapalpa,0233,Agua de la Atarjea,5.67
14,Jalisco,086,Tapalpa,0240,Rancho el Madroño,9.33
14,Jalisco,086,Tapalpa,9998,Localidades de una vivienda,7.75
14,Jalisco,086,Tapalpa,9999,Localidades de dos viviendas,8.75
14,Jalisco,087,Tecalitlán,0001,Tecalitlán,8.2
14,Jalisco,087,Tecalitlán,0008,Ahuijullo,5.5
14,Jalisco,087,Tecalitlán,0009,Alotitlán,5.4
14,Jalisco,087,Tecalitlán,0015,Barranca de los Altos (Llanitos),5.67
14,Jalisco,087,Tecalitlán,0017,Barranca de San Juan de Dios,3.75
14,Jalisco,087,Tecalitlán,0027,Canutillo,5.2
14,Jalisco,087,Tecalitlán,0100,Mesa el Gringo,10
14,Jalisco,087,Tecalitlán,0102,La Mesita,9
14,Jalisco,087,Tecalitlán,0103,Mezcalitos,5.71
14,Jalisco,087,Tecalitlán,0107,El Molino (Los Molinos),5.22
14,Jalisco,087,Tecalitlán,0116,Ojotitancillo,6
14,Jalisco,087,Tecalitlán,0144,La Purísima,8.28
14,Jalisco,087,Tecalitlán,0145,El Quelite,6.71
14,Jalisco,087,Tecalitlán,0148,El Rayo,5.48
14,Jalisco,087,Tecalitlán,0155,San Isidro,6.43
14,Jalisco,087,Tecalitlán,0156,San Pedro,5.43
14,Jalisco,087,Tecalitlán,0160,Santiago,7.34
14,Jalisco,087,Tecalitlán,0177,El Varal,5.36
14,Jalisco,087,Tecalitlán,0185,Las Cruces,5.25
14,Jalisco,087,Tecalitlán,0220,Los Aguacates,6.15
14,Jalisco,087,Tecalitlán,0227,El Reparito (El Aguacatito),5.4
14,Jalisco,087,Tecalitlán,0239,Los Negros (Los Negros de Arriba),6
14,Jalisco,087,Tecalitlán,0250,Las Pilas,5.63
14,Jalisco,087,Tecalitlán,0251,Llanito de Piedras Verdes,4.4
14,Jalisco,087,Tecalitlán,0253,Las Ánimas,9
14,Jalisco,087,Tecalitlán,0261,La Palma de Macías,4.53
14,Jalisco,087,Tecalitlán,0273,Los Borregos (Las Borregas),5
14,Jalisco,087,Tecalitlán,0280,La Bombita,7.63
14,Jalisco,087,Tecalitlán,0290,Las Limas,4
14,Jalisco,087,Tecalitlán,0291,Colomitos,7.56
14,Jalisco,087,Tecalitlán,0296,Las Gallinas,4.17
14,Jalisco,087,Tecalitlán,0298,El Guayabito (El Guayabillo),2.93
14,Jalisco,087,Tecalitlán,0308,El Saucito,4.7
14,Jalisco,087,Tecalitlán,0379,El Fresno,4.8
14,Jalisco,087,Tecalitlán,0389,El Sagu,4.14
14,Jalisco,087,Tecalitlán,0425,La Plomosa,5.48
14,Jalisco,087,Tecalitlán,0492,Corrales,5.69
14,Jalisco,087,Tecalitlán,0494,Crucero la Plomosa,6.09
14,Jalisco,087,Tecalitlán,0500,Ejido el Sapo,10.55
14,Jalisco,087,Tecalitlán,0508,Los Horcones,6
14,Jalisco,087,Tecalitlán,0509,La Joya,6.63
14,Jalisco,087,Tecalitlán,0516,La Listona,7.1
14,Jalisco,087,Tecalitlán,0519,Las Maravillas,6.5
14,Jalisco,087,Tecalitlán,0532,Palo Dulce,5.5
14,Jalisco,087,Tecalitlán,0544,El Riíto (El Riyito),6.84
14,Jalisco,087,Tecalitlán,0553,El Tacotito,6.21
14,Jalisco,087,Tecalitlán,0556,Ticuilucan,6.62
14,Jalisco,087,Tecalitlán,0569,La Amarillera,2.75
14,Jalisco,087,Tecalitlán,0575,El Carrizo,1.93
14,Jalisco,087,Tecalitlán,0581,Cocoyul,4.48
14,Jalisco,087,Tecalitlán,0590,Los Llanitos,4.88
14,Jalisco,087,Tecalitlán,0593,La Mesa,3.5
14,Jalisco,087,Tecalitlán,0594,Los Mezcales,5.22
14,Jalisco,087,Tecalitlán,0602,El Rancho de Julio,3.36
14,Jalisco,087,Tecalitlán,0607,La Tepamera,3.23
14,Jalisco,087,Tecalitlán,0608,El Tigre,6.06
14,Jalisco,087,Tecalitlán,0615,El Mango,6.86
14,Jalisco,087,Tecalitlán,0620,Acueducto [Fraccionamiento],8.69
14,Jalisco,087,Tecalitlán,9998,Localidades de una vivienda,5.91
14,Jalisco,087,Tecalitlán,9999,Localidades de dos viviendas,6.1
14,Jalisco,088,Tecolotlán,0001,Tecolotlán,9.04
14,Jalisco,088,Tecolotlán,0003,Los Ailes,6.69
14,Jalisco,088,Tecolotlán,0004,Ambrosio,6.8
14,Jalisco,088,Tecolotlán,0005,Ayotitlán,7.85
14,Jalisco,088,Tecolotlán,0007,Las Calaveras (Ejido Tenextitlán),8.3
14,Jalisco,088,Tecolotlán,0010,La Ciénega,7.02
14,Jalisco,088,Tecolotlán,0012,Cofradía de Duendes,7.8
14,Jalisco,088,Tecolotlán,0014,Los Cuartos,8.34
14,Jalisco,088,Tecolotlán,0016,El Guajolote (Rancho Alvarado),7.92
14,Jalisco,088,Tecolotlán,0018,El Mirador,6.27
14,Jalisco,088,Tecolotlán,0021,Ojo de Agua,7.95
14,Jalisco,088,Tecolotlán,0022,Palo Alto,8.51
14,Jalisco,088,Tecolotlán,0023,Lindavista (Las Plazuelas),7.4
14,Jalisco,088,Tecolotlán,0025,Quila,7.14
14,Jalisco,088,Tecolotlán,0026,Quililla,7.83
14,Jalisco,088,Tecolotlán,0031,San Buenaventura,6.98
14,Jalisco,088,Tecolotlán,0032,San José,8.19
14,Jalisco,088,Tecolotlán,0035,San Rafael,7.08
14,Jalisco,088,Tecolotlán,0036,Santa Martha,6.6
14,Jalisco,088,Tecolotlán,0041,Tamazulita,8.2
14,Jalisco,088,Tecolotlán,0044,Villegas,7.26
14,Jalisco,088,Tecolotlán,0047,La Lobera,5.88
14,Jalisco,088,Tecolotlán,0048,El Zarco,4.93
14,Jalisco,088,Tecolotlán,0058,El Rodeo,8.29
14,Jalisco,088,Tecolotlán,0096,La Carolina [Granja],6.13
14,Jalisco,088,Tecolotlán,0121,Las Trojes,6.25
14,Jalisco,088,Tecolotlán,9998,Localidades de una vivienda,7.44
14,Jalisco,088,Tecolotlán,9999,Localidades de dos viviendas,9.61
14,Jalisco,089,Techaluta de Montenegro,0001,Techaluta de Montenegro,8.38
14,Jalisco,089,Techaluta de Montenegro,0003,Anoca,7.77
14,Jalisco,089,Techaluta de Montenegro,0004,La Barranca del Espíritu Santo,5.56
14,Jalisco,089,Techaluta de Montenegro,0008,La Hermosura,4.22
14,Jalisco,089,Techaluta de Montenegro,0017,El Zapote (San Miguel del Zapote),8.34
14,Jalisco,089,Techaluta de Montenegro,0018,El Agua del Sauco,4.96
14,Jalisco,089,Techaluta de Montenegro,0023,Kilómetro Cuarenta y Cuatro [Gasolinera],8.12
14,Jalisco,089,Techaluta de Montenegro,9998,Localidades de una vivienda,3.5
14,Jalisco,089,Techaluta de Montenegro,9999,Localidades de dos viviendas,6.25
14,Jalisco,090,Tenamaxtlán,0001,Tenamaxtlán,9.16
14,Jalisco,090,Tenamaxtlán,0007,Cofradía de los Coyotes,5.8
14,Jalisco,090,Tenamaxtlán,0008,Colotitlán,7.65
14,Jalisco,090,Tenamaxtlán,0009,Copales,7.5
14,Jalisco,090,Tenamaxtlán,0011,Los Encinos,7.6
14,Jalisco,090,Tenamaxtlán,0012,La Florida,6.22
14,Jalisco,090,Tenamaxtlán,0014,Juanacatlán,7.21
14,Jalisco,090,Tenamaxtlán,0017,Miraplanes,6.27
14,Jalisco,090,Tenamaxtlán,0019,Palo Blanco,7.51
14,Jalisco,090,Tenamaxtlán,0027,El Salatillo,5.87
14,Jalisco,090,Tenamaxtlán,0029,San Ignacio,7.26
14,Jalisco,090,Tenamaxtlán,0032,La Ladera,7.7
14,Jalisco,090,Tenamaxtlán,0055,El Riego,7.61
14,Jalisco,090,Tenamaxtlán,9998,Localidades de una vivienda,6.09
14,Jalisco,091,Teocaltiche,0001,Teocaltiche,8.14
14,Jalisco,091,Teocaltiche,0008,Agua Tinta Abajo,6.27
14,Jalisco,091,Teocaltiche,0009,San José de Ajojúcar,6.13
14,Jalisco,091,Teocaltiche,0011,El Álamo de Abajo,6.65
14,Jalisco,091,Teocaltiche,0012,Analco,5.67
14,Jalisco,091,Teocaltiche,0015,Los Barrenos,3.29
14,Jalisco,091,Teocaltiche,0016,Belén del Refugio,6.97
14,Jalisco,091,Teocaltiche,0019,Buenavista,5.33
14,Jalisco,091,Teocaltiche,0021,La Calera,5.63
14,Jalisco,091,Teocaltiche,0022,Calerita,6.42
14,Jalisco,091,Teocaltiche,0027,Las Cañadas,6.38
14,Jalisco,091,Teocaltiche,0029,La Capilla,5.71
14,Jalisco,091,Teocaltiche,0030,Cerrito Colorado,6.79
14,Jalisco,091,Teocaltiche,0037,Corral Blanco,6.04
14,Jalisco,091,Teocaltiche,0039,El Cuartel,4.35
14,Jalisco,091,Teocaltiche,0044,El Derramadero,4.57
14,Jalisco,091,Teocaltiche,0046,La Esperanza,7.63
14,Jalisco,091,Teocaltiche,0048,Las Flores,6.14
14,Jalisco,091,Teocaltiche,0050,Los García,5.68
14,Jalisco,091,Teocaltiche,0052,Gavilán de Abajo,5.5
14,Jalisco,091,Teocaltiche,0053,Gavilán de Arriba,4.32
14,Jalisco,091,Teocaltiche,0057,Halconero de Abajo,6.06
14,Jalisco,091,Teocaltiche,0059,Ahuetita de Abajo,8.85
14,Jalisco,091,Teocaltiche,0060,Huejotitlán,8.08
14,Jalisco,091,Teocaltiche,0064,Las Juntas,5.69
14,Jalisco,091,Teocaltiche,0069,Rancho Mayor,6.41
14,Jalisco,091,Teocaltiche,0070,Mascua,6.42
14,Jalisco,091,Teocaltiche,0071,Mechoacanejo,7.44
14,Jalisco,091,Teocaltiche,0092,Ostotán,5
14,Jalisco,091,Teocaltiche,0094,La Parrita,6.71
14,Jalisco,091,Teocaltiche,0096,Paso de la Canoa,5.78
14,Jalisco,091,Teocaltiche,0101,Los Pocitos,6.96
14,Jalisco,091,Teocaltiche,0104,Providencia San Martín,6.04
14,Jalisco,091,Teocaltiche,0105,El Pueblito,5.54
14,Jalisco,091,Teocaltiche,0107,Rancho Nuevo,5.21
14,Jalisco,091,Teocaltiche,0111,Rincón de los Cedros,6.9
14,Jalisco,091,Teocaltiche,0112,El Rosario,5.98
14,Jalisco,091,Teocaltiche,0113,El Salitre,5.86
14,Jalisco,091,Teocaltiche,0115,San Andrés,5.27
14,Jalisco,091,Teocaltiche,0116,San Antonio de Calera (San Antonio),5.97
14,Jalisco,091,Teocaltiche,0120,San Francisco del Rincón (El Rincón),5.75
14,Jalisco,091,Teocaltiche,0121,San Isidro,8.75
14,Jalisco,091,Teocaltiche,0122,San Isidro de Ramírez (San Isidro),6.42
14,Jalisco,091,Teocaltiche,0125,San José de la Haciendita,6.61
14,Jalisco,091,Teocaltiche,0130,San Roque (El Barrio),5.66
14,Jalisco,091,Teocaltiche,0132,Santa Bárbara,5.97
14,Jalisco,091,Teocaltiche,0136,El Santo,5.38
14,Jalisco,091,Teocaltiche,0137,El Saucito,6.54
14,Jalisco,091,Teocaltiche,0138,Sierrita de los Dolores (La Sierrita),5.65
14,Jalisco,091,Teocaltiche,0141,El Soyatal,6.25
14,Jalisco,091,Teocaltiche,0143,El Tablero,5.62
14,Jalisco,091,Teocaltiche,0144,Teocaltitán,3.71
14,Jalisco,091,Teocaltiche,0150,La Trinidad,6.46
14,Jalisco,091,Teocaltiche,0153,Villa de Ornelas (Ornelas),5.88
14,Jalisco,091,Teocaltiche,0159,El Ojo de Agua,4.17
14,Jalisco,091,Teocaltiche,0160,José de Jesús Aguirre,7.04
14,Jalisco,091,Teocaltiche,0165,El Baluarte,6
14,Jalisco,091,Teocaltiche,0167,El Carretero,6.13
14,Jalisco,091,Teocaltiche,0185,El Barrio,6.34
14,Jalisco,091,Teocaltiche,0193,Acaspoluca,6.44
14,Jalisco,091,Teocaltiche,0199,Los Órganos,6.55
14,Jalisco,091,Teocaltiche,0209,San Bernardo,6.19
14,Jalisco,091,Teocaltiche,0213,Agua Tinta Arriba,7.35
14,Jalisco,091,Teocaltiche,0215,El Álamo de Arriba,7.67
14,Jalisco,091,Teocaltiche,0217,El Alto de Ahuetita,7.13
14,Jalisco,091,Teocaltiche,0221,Los Árboles,6.15
14,Jalisco,091,Teocaltiche,0248,El Crucero,7.43
14,Jalisco,091,Teocaltiche,0272,Las Lagunitas,7.53
14,Jalisco,091,Teocaltiche,0282,Lomas de Mechoacanejo,6.6
14,Jalisco,091,Teocaltiche,0289,El Mirador,6.75
14,Jalisco,091,Teocaltiche,0290,Los Mirasoles de Abajo,6.43
14,Jalisco,091,Teocaltiche,0304,Los Pérez,7.2
14,Jalisco,091,Teocaltiche,0308,El Porvenir,5.15
14,Jalisco,091,Teocaltiche,0313,La Providencia,4
14,Jalisco,091,Teocaltiche,0332,Rancho Orozco,7.29
14,Jalisco,091,Teocaltiche,0333,Rancho Paraíso,5.71
14,Jalisco,091,Teocaltiche,0336,El Refugio (Las Urracas),5.7
14,Jalisco,091,Teocaltiche,0338,Rincón de la Presa,4.12
14,Jalisco,091,Teocaltiche,0347,Los Santiagos,6.47
14,Jalisco,091,Teocaltiche,0348,Los Saúcos,7
14,Jalisco,091,Teocaltiche,0353,La Tejuinera,5.69
14,Jalisco,091,Teocaltiche,0355,Los Tepetates,6.05
14,Jalisco,091,Teocaltiche,0359,Tonalán,7.45
14,Jalisco,091,Teocaltiche,0360,Las Tres Alamedas,7.37
14,Jalisco,091,Teocaltiche,0376,La Concha Dos,7.13
14,Jalisco,091,Teocaltiche,9998,Localidades de una vivienda,6.09
14,Jalisco,091,Teocaltiche,9999,Localidades de dos viviendas,5.14
14,Jalisco,092,Teocuitatlán de Corona,0001,Teocuitatlán de Corona,8.26
14,Jalisco,092,Teocuitatlán de Corona,0002,Agua Honda,6.91
14,Jalisco,092,Teocuitatlán de Corona,0003,Atotonilco,6.78
14,Jalisco,092,Teocuitatlán de Corona,0004,Cítala,6.42
14,Jalisco,092,Teocuitatlán de Corona,0006,Colonias del Gavilán (Félix Ramos),8.19
14,Jalisco,092,Teocuitatlán de Corona,0008,Chamacuero,7.18
14,Jalisco,092,Teocuitatlán de Corona,0009,El Gavilán,5.26
14,Jalisco,092,Teocuitatlán de Corona,0010,La Higuera,7.71
14,Jalisco,092,Teocuitatlán de Corona,0011,Huejotitlán (La Peña),5.77
14,Jalisco,092,Teocuitatlán de Corona,0012,Lázaro Cárdenas,7.13
14,Jalisco,092,Teocuitatlán de Corona,0014,El Malacate,6.56
14,Jalisco,092,Teocuitatlán de Corona,0015,La Milpilla,7.34
14,Jalisco,092,Teocuitatlán de Corona,0016,Puerta de Cítala,7.87
14,Jalisco,092,Teocuitatlán de Corona,0017,Puerta de Ramírez,7.12
14,Jalisco,092,Teocuitatlán de Corona,0018,Rancho Nuevo,6.35
14,Jalisco,092,Teocuitatlán de Corona,0019,La Rueda,7.36
14,Jalisco,092,Teocuitatlán de Corona,0020,San José de Gracia,7.32
14,Jalisco,092,Teocuitatlán de Corona,0021,San Juan Cítala,6.82
14,Jalisco,092,Teocuitatlán de Corona,0022,Santa Fe,3.33
14,Jalisco,092,Teocuitatlán de Corona,0023,Santa Rosa,6.73
14,Jalisco,092,Teocuitatlán de Corona,0024,Tehuantepec,7.42
14,Jalisco,092,Teocuitatlán de Corona,0025,Tepehuaje,6.49
14,Jalisco,092,Teocuitatlán de Corona,0026,Tierra Blanca,7.65
14,Jalisco,092,Teocuitatlán de Corona,0027,José María Morelos (La Villita),7.89
14,Jalisco,092,Teocuitatlán de Corona,0034,La Noria,6.73
14,Jalisco,092,Teocuitatlán de Corona,0037,El Borrego (Crucero de Milpilla),7.58
14,Jalisco,092,Teocuitatlán de Corona,0043,Nuevo Centro de Población la Lobera,4.63
14,Jalisco,092,Teocuitatlán de Corona,0046,Cuatezquite,7.29
14,Jalisco,092,Teocuitatlán de Corona,9998,Localidades de una vivienda,7.88
14,Jalisco,093,Tepatitlán de Morelos,0001,Tepatitlán de Morelos,9.6
14,Jalisco,093,Tepatitlán de Morelos,0002,Acahuales,4.6
14,Jalisco,093,Tepatitlán de Morelos,0004,Agua Blanca,5.69
14,Jalisco,093,Tepatitlán de Morelos,0005,El Aguacate,5.89
14,Jalisco,093,Tepatitlán de Morelos,0008,Agua Escondida,5.46
14,Jalisco,093,Tepatitlán de Morelos,0009,Agua Negra,7.17
14,Jalisco,093,Tepatitlán de Morelos,0018,La Arena,7
14,Jalisco,093,Tepatitlán de Morelos,0024,Las Azules,7.75
14,Jalisco,093,Tepatitlán de Morelos,0029,El Bajío de Plascencia,5.83
14,Jalisco,093,Tepatitlán de Morelos,0032,El Baluarte,4.84
14,Jalisco,093,Tepatitlán de Morelos,0038,Ojo de Agua,6.43
14,Jalisco,093,Tepatitlán de Morelos,0039,Barranquillas,8.73
14,Jalisco,093,Tepatitlán de Morelos,0041,Las Barrosas,6.95
14,Jalisco,093,Tepatitlán de Morelos,0042,Basulto (Basurto),5.98
14,Jalisco,093,Tepatitlán de Morelos,0047,La Cantera,7.48
14,Jalisco,093,Tepatitlán de Morelos,0051,El Cacalote,5.79
14,Jalisco,093,Tepatitlán de Morelos,0053,Calabazas (Calabazas de Arriba),5.26
14,Jalisco,093,Tepatitlán de Morelos,0054,Las Cananas,5.67
14,Jalisco,093,Tepatitlán de Morelos,0058,Capilla de Guadalupe,8.01
14,Jalisco,093,Tepatitlán de Morelos,0059,El Capulín (El Capulín Zarco),7.12
14,Jalisco,093,Tepatitlán de Morelos,0062,Caquixtle,6.4
14,Jalisco,093,Tepatitlán de Morelos,0068,La Cebadilla,8.06
14,Jalisco,093,Tepatitlán de Morelos,0069,El Cedazo,5
14,Jalisco,093,Tepatitlán de Morelos,0070,El Cedazo (Santa María de Arriba),5.85
14,Jalisco,093,Tepatitlán de Morelos,0074,El Centro,7.19
14,Jalisco,093,Tepatitlán de Morelos,0075,El Centro,6.78
14,Jalisco,093,Tepatitlán de Morelos,0079,El Cerrito,6.62
14,Jalisco,093,Tepatitlán de Morelos,0082,Cerro del Carnicero,5.47
14,Jalisco,093,Tepatitlán de Morelos,0087,El Cinco,7.5
14,Jalisco,093,Tepatitlán de Morelos,0089,Coleto,12.58
14,Jalisco,093,Tepatitlán de Morelos,0095,Córdoba de Arriba,6.97
14,Jalisco,093,Tepatitlán de Morelos,0100,Las Cruces de Arriba,7.07
14,Jalisco,093,Tepatitlán de Morelos,0103,La Cruz,6.77
14,Jalisco,093,Tepatitlán de Morelos,0104,El Cuatillo,6.43
14,Jalisco,093,Tepatitlán de Morelos,0105,El Cuatro (Posta el Cuatro),8.05
14,Jalisco,093,Tepatitlán de Morelos,0109,Charcos de la Capilla (Los Charcos),6.47
14,Jalisco,093,Tepatitlán de Morelos,0110,Los Charcos,7.44
14,Jalisco,093,Tepatitlán de Morelos,0112,El Chispeadero (El Chispeadero de Arriba),6.61
14,Jalisco,093,Tepatitlán de Morelos,0113,El Dos,5.6
14,Jalisco,093,Tepatitlán de Morelos,0115,El Durazno,4.89
14,Jalisco,093,Tepatitlán de Morelos,0128,El Guayabillo,7.78
14,Jalisco,093,Tepatitlán de Morelos,0129,El Guayabo de Abajo,6.5
14,Jalisco,093,Tepatitlán de Morelos,0130,El Guayabo de Arriba,6.62
14,Jalisco,093,Tepatitlán de Morelos,0131,El Güilote de Pegueros,7.11
14,Jalisco,093,Tepatitlán de Morelos,0134,La Higuera,5.5
14,Jalisco,093,Tepatitlán de Morelos,0136,Las Huertas,4.75
14,Jalisco,093,Tepatitlán de Morelos,0138,El Jagüey,7.15
14,Jalisco,093,Tepatitlán de Morelos,0140,Jaramillos,7.21
14,Jalisco,093,Tepatitlán de Morelos,0151,Juntas de Arriba,8.67
14,Jalisco,093,Tepatitlán de Morelos,0152,La Laborcilla,6.81
14,Jalisco,093,Tepatitlán de Morelos,0154,La Ladrillera,4.88
14,Jalisco,093,Tepatitlán de Morelos,0155,Lagunillas,4.92
14,Jalisco,093,Tepatitlán de Morelos,0158,Lagunillas de Muñoz (Lagunilla),5.62
14,Jalisco,093,Tepatitlán de Morelos,0162,Latillas,6.11
14,Jalisco,093,Tepatitlán de Morelos,0167,La Loma (Loma de Abajo),6.94
14,Jalisco,093,Tepatitlán de Morelos,0169,La Loma (Loma de Enmedio),7.22
14,Jalisco,093,Tepatitlán de Morelos,0171,Londres,6.19
14,Jalisco,093,Tepatitlán de Morelos,0174,Las Llaves,5.82
14,Jalisco,093,Tepatitlán de Morelos,0176,El Maguey,8.14
14,Jalisco,093,Tepatitlán de Morelos,0177,Los Magueyes,6.82
14,Jalisco,093,Tepatitlán de Morelos,0178,La Majada,7.42
14,Jalisco,093,Tepatitlán de Morelos,0180,Maravillas,6.49
14,Jalisco,093,Tepatitlán de Morelos,0181,La Martinica,7.24
14,Jalisco,093,Tepatitlán de Morelos,0182,Mazatitlán,6.36
14,Jalisco,093,Tepatitlán de Morelos,0183,La Mesa del Guitarrero (Mesa de la Guitarra),5.59
14,Jalisco,093,Tepatitlán de Morelos,0186,Mezcala,5.92
14,Jalisco,093,Tepatitlán de Morelos,0188,Capilla de Milpillas (Milpillas),7.23
14,Jalisco,093,Tepatitlán de Morelos,0189,La Mina,6.95
14,Jalisco,093,Tepatitlán de Morelos,0190,Miraflores,2.5
14,Jalisco,093,Tepatitlán de Morelos,0193,El Monte,7.78
14,Jalisco,093,Tepatitlán de Morelos,0199,El Ocotillo,2.08
14,Jalisco,093,Tepatitlán de Morelos,0200,Las Ojeda,5
14,Jalisco,093,Tepatitlán de Morelos,0202,Ojo de Agua de Aceves (Santa Cruz),5.59
14,Jalisco,093,Tepatitlán de Morelos,0203,Ojo de Agua de Becerras,6.37
14,Jalisco,093,Tepatitlán de Morelos,0204,Ojo de Agua de Hernández,5.11
14,Jalisco,093,Tepatitlán de Morelos,0205,Ojo de Agua de Latillas,6.69
14,Jalisco,093,Tepatitlán de Morelos,0209,Pajaritos,4.13
14,Jalisco,093,Tepatitlán de Morelos,0210,La Paleta,5.73
14,Jalisco,093,Tepatitlán de Morelos,0214,Palo Dulce,5.03
14,Jalisco,093,Tepatitlán de Morelos,0216,Palos Altos,4.25
14,Jalisco,093,Tepatitlán de Morelos,0218,El Pandillo,6.57
14,Jalisco,093,Tepatitlán de Morelos,0223,Pegueros,7.52
14,Jalisco,093,Tepatitlán de Morelos,0226,Los Picachos,3.59
14,Jalisco,093,Tepatitlán de Morelos,0227,Piedra Herrada,4.19
14,Jalisco,093,Tepatitlán de Morelos,0241,Presa de Gómez,6.51
14,Jalisco,093,Tepatitlán de Morelos,0242,Presa de Nieves,5.81
14,Jalisco,093,Tepatitlán de Morelos,0250,Puerta de San Isidro (Puerta de Don Ángel),6
14,Jalisco,093,Tepatitlán de Morelos,0255,El Quiote,6.13
14,Jalisco,093,Tepatitlán de Morelos,0257,Ramblas Grande,5.44
14,Jalisco,093,Tepatitlán de Morelos,0264,Rancho Nuevo,5.35
14,Jalisco,093,Tepatitlán de Morelos,0265,Los Ranchos,7.04
14,Jalisco,093,Tepatitlán de Morelos,0266,Rancho Viejo,6.12
14,Jalisco,093,Tepatitlán de Morelos,0267,El Realengo,6.39
14,Jalisco,093,Tepatitlán de Morelos,0268,La Red (Presa la Red),6
14,Jalisco,093,Tepatitlán de Morelos,0270,El Refugio,5.6
14,Jalisco,093,Tepatitlán de Morelos,0271,La Resolana,4
14,Jalisco,093,Tepatitlán de Morelos,0273,Rincón de Velázquez,6.02
14,Jalisco,093,Tepatitlán de Morelos,0278,Sacamecates,6.11
14,Jalisco,093,Tepatitlán de Morelos,0282,Saltillo,0.75
14,Jalisco,093,Tepatitlán de Morelos,0285,San Antonio de los Franco (San Antonio),5.75
14,Jalisco,093,Tepatitlán de Morelos,0287,San Diego,5.73
14,Jalisco,093,Tepatitlán de Morelos,0290,San José de Bazarte (La Villa),7.44
14,Jalisco,093,Tepatitlán de Morelos,0291,San José de Gracia,7.11
14,Jalisco,093,Tepatitlán de Morelos,0293,San Pablo,6.15
14,Jalisco,093,Tepatitlán de Morelos,0296,Santa Ana,7.89
14,Jalisco,093,Tepatitlán de Morelos,0297,Santa Bárbara,5.7
14,Jalisco,093,Tepatitlán de Morelos,0299,Santa María,5.47
14,Jalisco,093,Tepatitlán de Morelos,0302,Santa Teresa,7.34
14,Jalisco,093,Tepatitlán de Morelos,0303,Los Sauces de Franco,7.71
14,Jalisco,093,Tepatitlán de Morelos,0305,Los Sauces,3.94
14,Jalisco,093,Tepatitlán de Morelos,0310,El Sauz,6.92
14,Jalisco,093,Tepatitlán de Morelos,0311,La Soledad [Granja],7.5
14,Jalisco,093,Tepatitlán de Morelos,0312,La Soledad,5.94
14,Jalisco,093,Tepatitlán de Morelos,0315,El Tecolote,6.08
14,Jalisco,093,Tepatitlán de Morelos,0316,Tecomatlán,7.05
14,Jalisco,093,Tepatitlán de Morelos,0318,El Tejocote,5.59
14,Jalisco,093,Tepatitlán de Morelos,0320,El Tepetate,6.64
14,Jalisco,093,Tepatitlán de Morelos,0322,Las Tepozas,6.6
14,Jalisco,093,Tepatitlán de Morelos,0324,El Terrero,8
14,Jalisco,093,Tepatitlán de Morelos,0325,Tejas,4
14,Jalisco,093,Tepatitlán de Morelos,0327,El Tigre,7.79
14,Jalisco,093,Tepatitlán de Morelos,0328,La Tinaja,4.07
14,Jalisco,093,Tepatitlán de Morelos,0332,Plan de Barreras,5.85
14,Jalisco,093,Tepatitlán de Morelos,0334,Tuna Agria,7.7
14,Jalisco,093,Tepatitlán de Morelos,0337,Barranca de los Laureles,6.93
14,Jalisco,093,Tepatitlán de Morelos,0339,Agua Escondida,9.72
14,Jalisco,093,Tepatitlán de Morelos,0341,Los Sauces,8.06
14,Jalisco,093,Tepatitlán de Morelos,0345,El Llano,6.08
14,Jalisco,093,Tepatitlán de Morelos,0348,La Ceja de Pegueros,6.12
14,Jalisco,093,Tepatitlán de Morelos,0358,San Francisco,8
14,Jalisco,093,Tepatitlán de Morelos,0360,Capulines,7.38
14,Jalisco,093,Tepatitlán de Morelos,0365,El Ramblas (Ramblas Grande),5.42
14,Jalisco,093,Tepatitlán de Morelos,0371,La Manga,8
14,Jalisco,093,Tepatitlán de Morelos,0376,La Revoltura,5.31
14,Jalisco,093,Tepatitlán de Morelos,0378,Las Palomas,5.93
14,Jalisco,093,Tepatitlán de Morelos,0382,Los Cerritos,7.08
14,Jalisco,093,Tepatitlán de Morelos,0385,Atotonilquillo (Fátima),7.76
14,Jalisco,093,Tepatitlán de Morelos,0387,La Azucena,5.69
14,Jalisco,093,Tepatitlán de Morelos,0388,Bajío las Barrosas,6
14,Jalisco,093,Tepatitlán de Morelos,0391,Buenavista,7.85
14,Jalisco,093,Tepatitlán de Morelos,0392,Calabazas,6.43
14,Jalisco,093,Tepatitlán de Morelos,0394,Las Carboneras,6.41
14,Jalisco,093,Tepatitlán de Morelos,0395,Los Cedazos,4.55
14,Jalisco,093,Tepatitlán de Morelos,0396,El Cocono,7.2
14,Jalisco,093,Tepatitlán de Morelos,0399,Los Charcos,6.18
14,Jalisco,093,Tepatitlán de Morelos,0400,La Esperanza,8
14,Jalisco,093,Tepatitlán de Morelos,0405,Juan Jiménez (Fraccionamiento la Esperanza),7.85
14,Jalisco,093,Tepatitlán de Morelos,0406,Lagunilla,4.33
14,Jalisco,093,Tepatitlán de Morelos,0408,Lomas de Palos Altos,5.13
14,Jalisco,093,Tepatitlán de Morelos,0413,La Mina,6.49
14,Jalisco,093,Tepatitlán de Morelos,0414,Montecillos,7.76
14,Jalisco,093,Tepatitlán de Morelos,0425,Rancho Viejo,7
14,Jalisco,093,Tepatitlán de Morelos,0427,Saltillo de Arriba,10.52
14,Jalisco,093,Tepatitlán de Morelos,0428,San Miguel,6.77
14,Jalisco,093,Tepatitlán de Morelos,0430,El Tapón,6.13
14,Jalisco,093,Tepatitlán de Morelos,0431,Tepetates (Carricillo),6.5
14,Jalisco,093,Tepatitlán de Morelos,0432,El Terrerito,7.38
14,Jalisco,093,Tepatitlán de Morelos,0433,Los Terreros,6.52
14,Jalisco,093,Tepatitlán de Morelos,0436,El Valle Escondido,6.5
14,Jalisco,093,Tepatitlán de Morelos,0461,Los Ranchitos,7
14,Jalisco,093,Tepatitlán de Morelos,0463,Plan de Tecomatlán,7
14,Jalisco,093,Tepatitlán de Morelos,0464,Paso de la Gloria,8.33
14,Jalisco,093,Tepatitlán de Morelos,0468,La Ciénega,6.85
14,Jalisco,093,Tepatitlán de Morelos,0475,Ramblas de Abajo (Los Troncones),5.1
14,Jalisco,093,Tepatitlán de Morelos,0481,El Zapote,5.91
14,Jalisco,093,Tepatitlán de Morelos,0483,El Volcán,6.2
14,Jalisco,093,Tepatitlán de Morelos,0485,El Laurel,4
14,Jalisco,093,Tepatitlán de Morelos,0665,El Lavadero,5.54
14,Jalisco,093,Tepatitlán de Morelos,0666,El Chispeadero (Avicar de Occidente),7
14,Jalisco,093,Tepatitlán de Morelos,0673,La Baraña,6.08
14,Jalisco,093,Tepatitlán de Morelos,0676,El Caracol,5.57
14,Jalisco,093,Tepatitlán de Morelos,0678,La Estrella (La Ermita),7.85
14,Jalisco,093,Tepatitlán de Morelos,0680,El Crucero de Arandas,6.14
14,Jalisco,093,Tepatitlán de Morelos,0694,El Madroño,4.65
14,Jalisco,093,Tepatitlán de Morelos,0695,Santana de Abajo,6.81
14,Jalisco,093,Tepatitlán de Morelos,0700,La Concepción,5.88
14,Jalisco,093,Tepatitlán de Morelos,0702,La Mota,4.52
14,Jalisco,093,Tepatitlán de Morelos,0703,Los Pollos,4.81
14,Jalisco,093,Tepatitlán de Morelos,0706,Ninguno [Kilómetro Diez Granjas Camarena],4.8
14,Jalisco,093,Tepatitlán de Morelos,0707,El Castillo,7.7
14,Jalisco,093,Tepatitlán de Morelos,0710,Paso de Carretas,4.3
14,Jalisco,093,Tepatitlán de Morelos,0716,La Ge,6.78
14,Jalisco,093,Tepatitlán de Morelos,0717,El Triángulo,5.1
14,Jalisco,093,Tepatitlán de Morelos,0726,Bajío del Gallo,6.8
14,Jalisco,093,Tepatitlán de Morelos,0739,Chispeadero de Abajo,4.22
14,Jalisco,093,Tepatitlán de Morelos,0744,Córdoba de Abajo,7.05
14,Jalisco,093,Tepatitlán de Morelos,0746,Las Crucitas,6.69
14,Jalisco,093,Tepatitlán de Morelos,0749,La Ermita,6.9
14,Jalisco,093,Tepatitlán de Morelos,0752,El Espino de Abajo,7.19
14,Jalisco,093,Tepatitlán de Morelos,0755,Los Sauces [Fraccionamiento],11.22
14,Jalisco,093,Tepatitlán de Morelos,0757,La Florida,5.91
14,Jalisco,093,Tepatitlán de Morelos,0758,Picachos (Las Fonditas),5.9
14,Jalisco,093,Tepatitlán de Morelos,0760,Los Fresnos,5.26
14,Jalisco,093,Tepatitlán de Morelos,0762,Garabatos,6.33
14,Jalisco,093,Tepatitlán de Morelos,0765,La Ponderosa [Granja],3.86
14,Jalisco,093,Tepatitlán de Morelos,0770,La Guayabera,5.6
14,Jalisco,093,Tepatitlán de Morelos,0771,Güilote de Capilla,6.58
14,Jalisco,093,Tepatitlán de Morelos,0779,Lindavista,4.9
14,Jalisco,093,Tepatitlán de Morelos,0783,La Loma,9.13
14,Jalisco,093,Tepatitlán de Morelos,0785,La Loma del Pescadero,6.1
14,Jalisco,093,Tepatitlán de Morelos,0787,El Manchón,6.39
14,Jalisco,093,Tepatitlán de Morelos,0789,Las Cuatro Milpas (El Tepame),4.73
14,Jalisco,093,Tepatitlán de Morelos,0790,La Mora,6.16
14,Jalisco,093,Tepatitlán de Morelos,0791,La Nopalera,8.07
14,Jalisco,093,Tepatitlán de Morelos,0794,Paleta Chica,6.4
14,Jalisco,093,Tepatitlán de Morelos,0800,Piedra Blanca,8.86
14,Jalisco,093,Tepatitlán de Morelos,0801,La Piedrera,5.8
14,Jalisco,093,Tepatitlán de Morelos,0803,Plan de Adobes (Crucero de Yahualica),8.11
14,Jalisco,093,Tepatitlán de Morelos,0805,El Plan,7.23
14,Jalisco,093,Tepatitlán de Morelos,0807,Plateros,6.69
14,Jalisco,093,Tepatitlán de Morelos,0808,El Pochote,5.76
14,Jalisco,093,Tepatitlán de Morelos,0811,Presa el Jihuite,8.38
14,Jalisco,093,Tepatitlán de Morelos,0826,El Túnico,6.74
14,Jalisco,093,Tepatitlán de Morelos,0831,Calabazas (Calabazas de Abajo),7.25
14,Jalisco,093,Tepatitlán de Morelos,0839,Rancho Viejo (Paso de Carretas),6.08
14,Jalisco,093,Tepatitlán de Morelos,0848,Potrero Nuevo (Rancho de Jorge de la Torre),5.15
14,Jalisco,093,Tepatitlán de Morelos,0853,Puerta de San Francisco,11.33
14,Jalisco,093,Tepatitlán de Morelos,0854,Rancho Viejo,9.5
14,Jalisco,093,Tepatitlán de Morelos,0857,El Carril,7.85
14,Jalisco,093,Tepatitlán de Morelos,0858,Colonia el Carril,5.73
14,Jalisco,093,Tepatitlán de Morelos,0859,Buena Vista (Rancho Viejo),7.42
14,Jalisco,093,Tepatitlán de Morelos,0860,El Espino de Arriba,7.22
14,Jalisco,093,Tepatitlán de Morelos,0861,Puerta de Macías,5.68
14,Jalisco,093,Tepatitlán de Morelos,0862,Juan Pablo II [Fraccionamiento],8.4
14,Jalisco,093,Tepatitlán de Morelos,0863,San Jorge,8.7
14,Jalisco,093,Tepatitlán de Morelos,0864,Los Arroyos [Fraccionamiento],8.33
14,Jalisco,093,Tepatitlán de Morelos,0866,El Durazno,5.36
14,Jalisco,093,Tepatitlán de Morelos,0867,Paso de Carretas [Fraccionamiento],4.96
14,Jalisco,093,Tepatitlán de Morelos,0868,La Magueyera,4.55
14,Jalisco,093,Tepatitlán de Morelos,0869,Las Fuentes [Fraccionamiento],13.18
14,Jalisco,093,Tepatitlán de Morelos,9998,Localidades de una vivienda,5.28
14,Jalisco,093,Tepatitlán de Morelos,9999,Localidades de dos viviendas,6.55
14,Jalisco,094,Tequila,0001,Tequila,9.84
14,Jalisco,094,Tequila,0003,Agua Caliente,5
14,Jalisco,094,Tequila,0005,Amatán,3.43
14,Jalisco,094,Tequila,0013,Apanico,5.65
14,Jalisco,094,Tequila,0016,Arroyo Hismoleque (Hismoleque),6.67
14,Jalisco,094,Tequila,0017,Atemanica,6.75
14,Jalisco,094,Tequila,0018,Belén,4.63
14,Jalisco,094,Tequila,0033,El Cóbano,6.9
14,Jalisco,094,Tequila,0035,El Colomo,4.8
14,Jalisco,094,Tequila,0040,Chiltillo,5.88
14,Jalisco,094,Tequila,0041,Chiquilistán,6.94
14,Jalisco,094,Tequila,0048,La Estancita,8.15
14,Jalisco,094,Tequila,0056,Las Guásimas,5
14,Jalisco,094,Tequila,0062,Jalpilla,8.1
14,Jalisco,094,Tequila,0063,El Jagüey,4.84
14,Jalisco,094,Tequila,0066,La Labor,6.3
14,Jalisco,094,Tequila,0068,La Lagunilla,5.88
14,Jalisco,094,Tequila,0069,El Limón,5.29
14,Jalisco,094,Tequila,0077,El Medineño,8.04
14,Jalisco,094,Tequila,0079,La Mesa,8.75
14,Jalisco,094,Tequila,0086,Mitlán,7.16
14,Jalisco,094,Tequila,0088,Los Naranjos (El Naranjo),6.13
14,Jalisco,094,Tequila,0093,Ojos de Agua,6.46
14,Jalisco,094,Tequila,0094,El Olvido,7.07
14,Jalisco,094,Tequila,0095,El Orito,5.22
14,Jalisco,094,Tequila,0096,Palmitos,6.59
14,Jalisco,094,Tequila,0102,Piedras Grandes,4
14,Jalisco,094,Tequila,0109,Potrero de los Rivera,6.45
14,Jalisco,094,Tequila,0110,Pueblo Viejo,7.45
14,Jalisco,094,Tequila,0118,El Refugio,5.83
14,Jalisco,094,Tequila,0119,El Reparo,6.06
14,Jalisco,094,Tequila,0124,El Salvador,7.99
14,Jalisco,094,Tequila,0133,San Gaspar,6.2
14,Jalisco,094,Tequila,0136,San José,6.87
14,Jalisco,094,Tequila,0138,San Martín de las Cañas,7.55
14,Jalisco,094,Tequila,0140,San Pedro Analco,7.53
14,Jalisco,094,Tequila,0141,Santa Ana (Las Ánimas),7.95
14,Jalisco,094,Tequila,0144,Santa Teresa,8.18
14,Jalisco,094,Tequila,0145,Saucillo,6.25
14,Jalisco,094,Tequila,0152,Tapexco,8.07
14,Jalisco,094,Tequila,0164,Tuitán,6.38
14,Jalisco,094,Tequila,0166,Viruete,6.8
14,Jalisco,094,Tequila,0169,El Zapote,6.32
14,Jalisco,094,Tequila,0177,El Terrero,7.35
14,Jalisco,094,Tequila,0180,Potrerillos,5
14,Jalisco,094,Tequila,0182,El Llanito,5.37
14,Jalisco,094,Tequila,0185,La Coba,4.86
14,Jalisco,094,Tequila,0188,Tlaltihuilec (San José del Refugio),6.64
14,Jalisco,094,Tequila,0191,La Culebra,7.39
14,Jalisco,094,Tequila,0197,San Pedro de los Landeros,9.8
14,Jalisco,094,Tequila,0213,Ocotique,7.19
14,Jalisco,094,Tequila,0220,La Guásima,5.33
14,Jalisco,094,Tequila,0223,Las Azucenas,5.33
14,Jalisco,094,Tequila,0224,El Tepetate,7.16
14,Jalisco,094,Tequila,0232,La Matita,6
14,Jalisco,094,Tequila,0235,Santa Ana,5.71
14,Jalisco,094,Tequila,0236,Santa Cruz,6.25
14,Jalisco,094,Tequila,0252,El Llano (La Presa),7
14,Jalisco,094,Tequila,0254,La Mesa de Cangrejitos,4.81
14,Jalisco,094,Tequila,0280,Los Sabinos,7.67
14,Jalisco,094,Tequila,0292,Mina la Perla (La Perla),8
14,Jalisco,094,Tequila,0295,Las Vírgenes,6.5
14,Jalisco,094,Tequila,0296,El Terrero,4.31
14,Jalisco,094,Tequila,0317,Potrero de la Mula (Luis Donaldo Colosio),7.7
14,Jalisco,094,Tequila,0440,La Fundición,6.5
14,Jalisco,094,Tequila,0596,Los Álamos,7.32
14,Jalisco,094,Tequila,0597,La Loma,8.6
14,Jalisco,094,Tequila,0600,Copales,6.63
14,Jalisco,094,Tequila,0607,Las Anonas,8.05
14,Jalisco,094,Tequila,0612,El Guariche (Los Parajes),6.23
14,Jalisco,094,Tequila,0618,Agua Blanca,7.67
14,Jalisco,094,Tequila,0627,El Barrereño,7.62
14,Jalisco,094,Tequila,0647,La Cumbre,5.93
14,Jalisco,094,Tequila,0661,Josefa Ortíz de Domínguez,8.55
14,Jalisco,094,Tequila,0673,El Mezquite,5.88
14,Jalisco,094,Tequila,0684,Las Parritas,3.71
14,Jalisco,094,Tequila,0690,La Piedra Grande,3.35
14,Jalisco,094,Tequila,0692,La Presita (La Ladrillera),7.63
14,Jalisco,094,Tequila,0695,La Puerta de San Pedro (La Puerta de Enmedio),7.37
14,Jalisco,094,Tequila,0700,El Ranchito,5.13
14,Jalisco,094,Tequila,0703,Los Rodríguez,9.08
14,Jalisco,094,Tequila,0728,La Gloria,8
14,Jalisco,094,Tequila,0765,IPROVIPE I (El Camichín) [Fraccionamiento],10.04
14,Jalisco,094,Tequila,0767,La Explanada,7.93
14,Jalisco,094,Tequila,0768,El Ardillero,7.9
14,Jalisco,094,Tequila,9998,Localidades de una vivienda,5.71
14,Jalisco,094,Tequila,9999,Localidades de dos viviendas,5.37
14,Jalisco,095,Teuchitlán,0001,Teuchitlán,8.66
14,Jalisco,095,Teuchitlán,0003,El Amarillo,8.07
14,Jalisco,095,Teuchitlán,0005,La Estanzuela,8.76
14,Jalisco,095,Teuchitlán,0006,General Lucio Blanco (La Mora),8.91
14,Jalisco,095,Teuchitlán,0011,La Vega,8.52
14,Jalisco,095,Teuchitlán,0015,Las Fuentes,8.81
14,Jalisco,095,Teuchitlán,0048,Loma Blanca (La Bueyera),8.28
14,Jalisco,095,Teuchitlán,0058,Reserva de los Encinos,7.9
14,Jalisco,095,Teuchitlán,9998,Localidades de una vivienda,9.63
14,Jalisco,095,Teuchitlán,9999,Localidades de dos viviendas,6.21
14,Jalisco,096,Tizapán el Alto,0001,Tizapán el Alto,7.95
14,Jalisco,096,Tizapán el Alto,0003,Villa del Lago (El Baratillo),5.88
14,Jalisco,096,Tizapán el Alto,0004,La Cañada,6.33
14,Jalisco,096,Tizapán el Alto,0006,Churincio,7.36
14,Jalisco,096,Tizapán el Alto,0008,Colonia Madero (La Presa),6.24
14,Jalisco,096,Tizapán el Alto,0009,Mismaloya,7.33
14,Jalisco,096,Tizapán el Alto,0010,El Refugio,7.51
14,Jalisco,096,Tizapán el Alto,0011,La Rosa Amarilla,6.48
14,Jalisco,096,Tizapán el Alto,0013,Los Sauces,6.1
14,Jalisco,096,Tizapán el Alto,0014,Villa Emiliano Zapata (Ejido Modelo),5.73
14,Jalisco,096,Tizapán el Alto,0015,El Volantín,7.01
14,Jalisco,096,Tizapán el Alto,0016,El Zapote,6.82
14,Jalisco,096,Tizapán el Alto,0026,Las Canoas,5.62
14,Jalisco,096,Tizapán el Alto,0027,El Agua Caliente,7
14,Jalisco,096,Tizapán el Alto,0029,La Reserva,6.08
14,Jalisco,096,Tizapán el Alto,0035,La Breña,4.83
14,Jalisco,096,Tizapán el Alto,0043,La Organera,8.1
14,Jalisco,096,Tizapán el Alto,0050,Camino a la Cañada,7.7
14,Jalisco,096,Tizapán el Alto,9998,Localidades de una vivienda,3.78
14,Jalisco,096,Tizapán el Alto,9999,Localidades de dos viviendas,8.17
14,Jalisco,097,Tlajomulco de Zúñiga,0001,Tlajomulco de Zúñiga,9.73
14,Jalisco,097,Tlajomulco de Zúñiga,0003,Las Asturias [Fraccionamiento],7.38
14,Jalisco,097,Tlajomulco de Zúñiga,0004,San Juan Evangelista (San Juan),8.59
14,Jalisco,097,Tlajomulco de Zúñiga,0005,Cajititlán,9.13
14,Jalisco,097,Tlajomulco de Zúñiga,0006,La Calera,8.05
14,Jalisco,097,Tlajomulco de Zúñiga,0008,La Cañada,7.39
14,Jalisco,097,Tlajomulco de Zúñiga,0009,El Capulín,10.14
14,Jalisco,097,Tlajomulco de Zúñiga,0011,Cofradía,7.8
14,Jalisco,097,Tlajomulco de Zúñiga,0013,Cruz Vieja (Soledad de Cruz Vieja),7.68
14,Jalisco,097,Tlajomulco de Zúñiga,0014,Cuexcomatitlán,7.99
14,Jalisco,097,Tlajomulco de Zúñiga,0015,San Miguel Cuyutlán,8.58
14,Jalisco,097,Tlajomulco de Zúñiga,0019,El Gallo,8.98
14,Jalisco,097,Tlajomulco de Zúñiga,0020,Los Gavilanes,14.14
14,Jalisco,097,Tlajomulco de Zúñiga,0021,El Guaje (Vista Sur Residencial),13.77
14,Jalisco,097,Tlajomulco de Zúñiga,0023,Lomas de Tejeda,8.83
14,Jalisco,097,Tlajomulco de Zúñiga,0024,El Mirador,7.61
14,Jalisco,097,Tlajomulco de Zúñiga,0025,San Agustín,12.09
14,Jalisco,097,Tlajomulco de Zúñiga,0028,El Refugio,9.39
14,Jalisco,097,Tlajomulco de Zúñiga,0031,San Lucas Evangelista,8.11
14,Jalisco,097,Tlajomulco de Zúñiga,0032,San Sebastián el Grande,8.81
14,Jalisco,097,Tlajomulco de Zúñiga,0033,Santa Cruz de la Loma (Tepetates),8.24
14,Jalisco,097,Tlajomulco de Zúñiga,0034,Santa Cruz de las Flores,9.79
14,Jalisco,097,Tlajomulco de Zúñiga,0035,Santa Cruz del Valle,9.37
14,Jalisco,097,Tlajomulco de Zúñiga,0037,La Teja,7.7
14,Jalisco,097,Tlajomulco de Zúñiga,0038,La Unión del Cuatro (San José del Valle),9.57
14,Jalisco,097,Tlajomulco de Zúñiga,0039,El Ventarrón (San José de Buenavista),6.1
14,Jalisco,097,Tlajomulco de Zúñiga,0041,Zapote del Valle (Zapote de Santa Cruz),8.56
14,Jalisco,097,Tlajomulco de Zúñiga,0043,Buenavista,8.67
14,Jalisco,097,Tlajomulco de Zúñiga,0045,El Cortijo,8.56
14,Jalisco,097,Tlajomulco de Zúñiga,0046,La Fortuna [Fraccionamiento],8.34
14,Jalisco,097,Tlajomulco de Zúñiga,0048,El Cuervo,7.83
14,Jalisco,097,Tlajomulco de Zúñiga,0050,Muyután,6.6
14,Jalisco,097,Tlajomulco de Zúñiga,0051,El Tecolote,7.25
14,Jalisco,097,Tlajomulco de Zúñiga,0055,El Malvaste,9.5
14,Jalisco,097,Tlajomulco de Zúñiga,0060,Acatitlán (Los Ranchitos),7.75
14,Jalisco,097,Tlajomulco de Zúñiga,0075,El Puerto,8.09
14,Jalisco,097,Tlajomulco de Zúñiga,0093,Santa Anita [Club de Golf],14.51
14,Jalisco,097,Tlajomulco de Zúñiga,0103,Las Ánimas,7.33
14,Jalisco,097,Tlajomulco de Zúñiga,0106,Las Garzas,5.54
14,Jalisco,097,Tlajomulco de Zúñiga,0107,Aldea India,5.75
14,Jalisco,097,Tlajomulco de Zúñiga,0110,Tres Potrillos,10.38
14,Jalisco,097,Tlajomulco de Zúñiga,0115,La Alameda,9.3
14,Jalisco,097,Tlajomulco de Zúñiga,0117,Jardines de la Calera,8.43
14,Jalisco,097,Tlajomulco de Zúñiga,0119,Tres Gallos,7.73
14,Jalisco,097,Tlajomulco de Zúñiga,0169,El Paraíso [Granja Providencia],7
14,Jalisco,097,Tlajomulco de Zúñiga,0172,Granja Teresa,11.21
14,Jalisco,097,Tlajomulco de Zúñiga,0177,Potrero Zapote del Valle (El Ahogado),8.73
14,Jalisco,097,Tlajomulco de Zúñiga,0180,Palomar,14.19
14,Jalisco,097,Tlajomulco de Zúñiga,0186,San Diego (Pedregal de San Miguel) [Fraccionamiento],11.04
14,Jalisco,097,Tlajomulco de Zúñiga,0244,Lomas de Buenavista,7
14,Jalisco,097,Tlajomulco de Zúñiga,0325,El Lindero,6.17
14,Jalisco,097,Tlajomulco de Zúñiga,0349,Valle de Santa Cruz (Siglo 21),9.68
14,Jalisco,097,Tlajomulco de Zúñiga,0402,Rancho los Ocotes,7.57
14,Jalisco,097,Tlajomulco de Zúñiga,0424,La Tijera,12.36
14,Jalisco,097,Tlajomulco de Zúñiga,0435,Avelino Chacón,11.04
14,Jalisco,097,Tlajomulco de Zúñiga,0439,Colina Real (Benito Villaseñor),9.14
14,Jalisco,097,Tlajomulco de Zúñiga,0441,Cruz Blanca (Colonia Sergio Barrios),5.32
14,Jalisco,097,Tlajomulco de Zúñiga,0459,Rancho las Moras,7.99
14,Jalisco,097,Tlajomulco de Zúñiga,0466,La Compuerta,7.29
14,Jalisco,097,Tlajomulco de Zúñiga,0473,El Crucero del Salto,7.77
14,Jalisco,097,Tlajomulco de Zúñiga,0474,Las Crucitas,8.22
14,Jalisco,097,Tlajomulco de Zúñiga,0487,La Esperanza,9.5
14,Jalisco,097,Tlajomulco de Zúñiga,0500,Las Gaviotas [Fraccionamiento],10.86
14,Jalisco,097,Tlajomulco de Zúñiga,0501,Los Sauces [Fraccionamiento],9.8
14,Jalisco,097,Tlajomulco de Zúñiga,0502,Tres Reyes [Fraccionamiento],12.84
14,Jalisco,097,Tlajomulco de Zúñiga,0510,Gaudencio García,5.67
14,Jalisco,097,Tlajomulco de Zúñiga,0519,Granja Erika,7.14
14,Jalisco,097,Tlajomulco de Zúñiga,0538,Tlajomulco [Granja],6.86
14,Jalisco,097,Tlajomulco de Zúñiga,0552,Huertas Productivas de Jalisco,11.51
14,Jalisco,097,Tlajomulco de Zúñiga,0560,Jardines de San Sebastián,9.57
14,Jalisco,097,Tlajomulco de Zúñiga,0561,Jardines de Tlajomulco,10.75
14,Jalisco,097,Tlajomulco de Zúñiga,0575,Lomas de Santa Anita (Colinas de Santa Anita),14.41
14,Jalisco,097,Tlajomulco de Zúñiga,0606,Postura,9.77
14,Jalisco,097,Tlajomulco de Zúñiga,0613,Quinta Jesu (Valle de los Encinos),9.24
14,Jalisco,097,Tlajomulco de Zúñiga,0617,Rancho Blanco,9.57
14,Jalisco,097,Tlajomulco de Zúñiga,0622,Rancho el Charro,8.24
14,Jalisco,097,Tlajomulco de Zúñiga,0636,Rancho San Antonio,11.94
14,Jalisco,097,Tlajomulco de Zúñiga,0647,Pontevedra [Fraccionamiento],14.44
14,Jalisco,097,Tlajomulco de Zúñiga,0658,Los Ranchitos (Los Charcos),10.18
14,Jalisco,097,Tlajomulco de Zúñiga,0659,El Recreo (El Bordo),10.56
14,Jalisco,097,Tlajomulco de Zúñiga,0666,La Roca,8.86
14,Jalisco,097,Tlajomulco de Zúñiga,0672,San Juan el Grande,10.27
14,Jalisco,097,Tlajomulco de Zúñiga,0674,La Esperanza,8.56
14,Jalisco,097,Tlajomulco de Zúñiga,0682,El Charco,10.26
14,Jalisco,097,Tlajomulco de Zúñiga,0701,Las Víboras (Fraccionamiento Valle de las Flores),14.07
14,Jalisco,097,Tlajomulco de Zúñiga,0710,Isabel [Granja Porcícola],7.13
14,Jalisco,097,Tlajomulco de Zúñiga,0714,Loma del Molino,8.17
14,Jalisco,097,Tlajomulco de Zúñiga,0720,Rancho Rafael González,8.4
14,Jalisco,097,Tlajomulco de Zúñiga,0725,El Esquivel,11.72
14,Jalisco,097,Tlajomulco de Zúñiga,0729,Las Varitas,14.05
14,Jalisco,097,Tlajomulco de Zúñiga,0734,Ocotes [Granja],7
14,Jalisco,097,Tlajomulco de Zúñiga,0743,Playas de Cajititlán [Fraccionamiento],8.8
14,Jalisco,097,Tlajomulco de Zúñiga,0745,Keta [Granja los Negros],8
14,Jalisco,097,Tlajomulco de Zúñiga,0754,Rancho la Rosita,8.02
14,Jalisco,097,Tlajomulco de Zúñiga,0767,La Cajilota,8.93
14,Jalisco,097,Tlajomulco de Zúñiga,0768,La Esperanza,7.89
14,Jalisco,097,Tlajomulco de Zúñiga,0769,Hamajasa,5.57
14,Jalisco,097,Tlajomulco de Zúñiga,0771,Potrero los Amadores,8
14,Jalisco,097,Tlajomulco de Zúñiga,0772,La Reserva,4.44
14,Jalisco,097,Tlajomulco de Zúñiga,0774,El Zapatito,7.75
14,Jalisco,097,Tlajomulco de Zúñiga,0775,Colonia los Sauces,8.68
14,Jalisco,097,Tlajomulco de Zúñiga,0777,Rancho Alegre [Fraccionamiento],9.43
14,Jalisco,097,Tlajomulco de Zúñiga,0783,Autódromo Guadalajara,6.3
14,Jalisco,097,Tlajomulco de Zúñiga,0787,Lienzo Charro San Miguel,12.75
14,Jalisco,097,Tlajomulco de Zúñiga,0790,Rancho Divisadero,5.42
14,Jalisco,097,Tlajomulco de Zúñiga,0792,Rancho el Tigre (Camino a las Ánimas),4.82
14,Jalisco,097,Tlajomulco de Zúñiga,0795,Rancho Santa Clemencia,10.33
14,Jalisco,097,Tlajomulco de Zúñiga,0800,Balcones de la Calera,12.25
14,Jalisco,097,Tlajomulco de Zúñiga,0801,El Melón (El Arroyo Hondo),5.67
14,Jalisco,097,Tlajomulco de Zúñiga,0802,El Pandillo,8.5
14,Jalisco,097,Tlajomulco de Zúñiga,0809,El Guayabo (El Chilar),8.88
14,Jalisco,097,Tlajomulco de Zúñiga,0811,Saritas [Granja],8.13
14,Jalisco,097,Tlajomulco de Zúñiga,0813,La Playa,7.68
14,Jalisco,097,Tlajomulco de Zúñiga,0818,Rancho Luisiana,9.14
14,Jalisco,097,Tlajomulco de Zúñiga,0822,Hacienda Santa Fe,9.19
14,Jalisco,097,Tlajomulco de Zúñiga,0823,Cima del Sol (Fraccionamiento Cima del Sol),9.46
14,Jalisco,097,Tlajomulco de Zúñiga,0827,Bosques Santa Anita [Fraccionamiento],14.92
14,Jalisco,097,Tlajomulco de Zúñiga,0831,Real del Valle (El Paraíso) [Fraccionamiento],12.65
14,Jalisco,097,Tlajomulco de Zúñiga,0832,Rinconada Santa Anita [Fraccionamiento],14.95
14,Jalisco,097,Tlajomulco de Zúñiga,0833,Villas de la Hacienda [Fraccionamiento],10.76
14,Jalisco,097,Tlajomulco de Zúñiga,0835,Galaxia la Noria,9.01
14,Jalisco,097,Tlajomulco de Zúñiga,0836,Hacienda los Fresnos,10.18
14,Jalisco,097,Tlajomulco de Zúñiga,0837,Jardines del Edén,11.35
14,Jalisco,097,Tlajomulco de Zúñiga,0838,La Arbolada Plus,12.38
14,Jalisco,097,Tlajomulco de Zúñiga,0842,Las Peñas,9.02
14,Jalisco,097,Tlajomulco de Zúñiga,0843,Lomas del Sur,9.66
14,Jalisco,097,Tlajomulco de Zúñiga,0844,Lomas de San Agustín,11.21
14,Jalisco,097,Tlajomulco de Zúñiga,0846,Rancho el Sifón,8.89
14,Jalisco,097,Tlajomulco de Zúñiga,0848,Residencial San Pablo,11.93
14,Jalisco,097,Tlajomulco de Zúñiga,0852,Tierra de la Esperanza (Rinconada de los Nogales),8.99
14,Jalisco,097,Tlajomulco de Zúñiga,0853,Valle Dorado Inn,10.35
14,Jalisco,097,Tlajomulco de Zúñiga,0854,Villa las Flores,8.46
14,Jalisco,097,Tlajomulco de Zúñiga,0856,Colonia Nueva Esperanza,7.46
14,Jalisco,097,Tlajomulco de Zúñiga,0858,El Radar (Colonia San Francisco),7.3
14,Jalisco,097,Tlajomulco de Zúñiga,0859,San José,5.15
14,Jalisco,097,Tlajomulco de Zúñiga,0860,El Manantial (El Rinconcito),7.87
14,Jalisco,097,Tlajomulco de Zúñiga,0861,Sendero Real,10.69
14,Jalisco,097,Tlajomulco de Zúñiga,0862,Colinas del Roble,9.7
14,Jalisco,097,Tlajomulco de Zúñiga,0863,La Purísima [Fraccionamiento],10.64
14,Jalisco,097,Tlajomulco de Zúñiga,0864,Senderos de Monte Verde,14.64
14,Jalisco,097,Tlajomulco de Zúñiga,0866,Altus Bosques,13.95
14,Jalisco,097,Tlajomulco de Zúñiga,0870,Bosque Real [Fraccionamiento],14.89
14,Jalisco,097,Tlajomulco de Zúñiga,0871,Paseos del Valle [Fraccionamiento],9.42
14,Jalisco,097,Tlajomulco de Zúñiga,0872,San Antonio [Fraccionamiento],9.52
14,Jalisco,097,Tlajomulco de Zúñiga,0874,La Nueva Esperanza II (Los Cantaros) [Fraccionamiento],9.33
14,Jalisco,097,Tlajomulco de Zúñiga,0875,Aeropuerto [Parque Industrial],9.43
14,Jalisco,097,Tlajomulco de Zúñiga,0877,Renaceres [Fraccionamiento],10.67
14,Jalisco,097,Tlajomulco de Zúñiga,0878,La Capacha,7.71
14,Jalisco,097,Tlajomulco de Zúñiga,0879,Colonia Niños Héroes,8.89
14,Jalisco,097,Tlajomulco de Zúñiga,0880,La Gigantera,9.77
14,Jalisco,097,Tlajomulco de Zúñiga,0882,Villalta,10.81
14,Jalisco,097,Tlajomulco de Zúñiga,0883,Hacienda San Miguel,12.88
14,Jalisco,097,Tlajomulco de Zúñiga,0884,Los Abedules [Fraccionamiento],9.78
14,Jalisco,097,Tlajomulco de Zúñiga,0894,El Relicario,7.5
14,Jalisco,097,Tlajomulco de Zúñiga,0897,Monte Viejo,5.2
14,Jalisco,097,Tlajomulco de Zúñiga,0903,Belcanto,13.7
14,Jalisco,097,Tlajomulco de Zúñiga,0904,La Mora Residencial,12.72
14,Jalisco,097,Tlajomulco de Zúñiga,0905,Jardines del Capulín(Nuevo Progreso),8.06
14,Jalisco,097,Tlajomulco de Zúñiga,9998,Localidades de una vivienda,6.25
14,Jalisco,097,Tlajomulco de Zúñiga,9999,Localidades de dos viviendas,7.74
14,Jalisco,098,San Pedro Tlaquepaque,0001,Tlaquepaque,10.15
14,Jalisco,098,San Pedro Tlaquepaque,0003,La Calerilla,7.81
14,Jalisco,098,San Pedro Tlaquepaque,0014,Santa Anita,10.79
14,Jalisco,098,San Pedro Tlaquepaque,0017,San Martín de las Flores de Abajo (La Abadía) [Fraccionamiento],8.34
14,Jalisco,098,San Pedro Tlaquepaque,0029,Las Pomas,8.56
14,Jalisco,098,San Pedro Tlaquepaque,0049,Los Magueyes (Fraccionamiento el Sereno),14.83
14,Jalisco,098,San Pedro Tlaquepaque,0070,La Mial (La Guamuchilera),7.52
14,Jalisco,098,San Pedro Tlaquepaque,0081,El Bajío [Lomas del Club],6.83
14,Jalisco,098,San Pedro Tlaquepaque,0091,Los Pinos,6.33
14,Jalisco,098,San Pedro Tlaquepaque,0092,Pomas,8.31
14,Jalisco,098,San Pedro Tlaquepaque,0095,Santa Juana,4.4
14,Jalisco,098,San Pedro Tlaquepaque,0105,Santa Rosa (Real Tulipanes) [Fraccionamiento],12.44
14,Jalisco,098,San Pedro Tlaquepaque,0108,Lomas de la Zapata (Zapata Segunda Sección),5.67
14,Jalisco,098,San Pedro Tlaquepaque,0126,Quinta Nova Residencial [Fraccionamiento],14.19
14,Jalisco,098,San Pedro Tlaquepaque,0128,Paseo del Prado,10.86
14,Jalisco,098,San Pedro Tlaquepaque,0131,El Mirador,7.62
14,Jalisco,098,San Pedro Tlaquepaque,0132,San Juan,6.48
14,Jalisco,098,San Pedro Tlaquepaque,0133,Verde Valle,6.97
14,Jalisco,098,San Pedro Tlaquepaque,0134,La Ordeña de Santa Anita,10.29
14,Jalisco,098,San Pedro Tlaquepaque,0135,Rancho el Caracol,5.8
14,Jalisco,098,San Pedro Tlaquepaque,9998,Localidades de una vivienda,10.75
14,Jalisco,099,Tolimán,0001,Tolimán,8.96
14,Jalisco,099,Tolimán,0002,Los Aguacates,6.42
14,Jalisco,099,Tolimán,0003,Las Canoas,7.16
14,Jalisco,099,Tolimán,0006,Cópala,8.09
14,Jalisco,099,Tolimán,0007,Cuauhtémoc,7.75
14,Jalisco,099,Tolimán,0008,Los Encinitos,7.33
14,Jalisco,099,Tolimán,0010,Huisichi,6.13
14,Jalisco,099,Tolimán,0011,La Laguna,6.13
14,Jalisco,099,Tolimán,0012,La Lima,6.5
14,Jalisco,099,Tolimán,0014,La Loma,5.83
14,Jalisco,099,Tolimán,0015,Llano de Toxín,6.88
14,Jalisco,099,Tolimán,0017,La Parota (Loma de San Antonio),6.61
14,Jalisco,099,Tolimán,0018,El Paso Real,7.46
14,Jalisco,099,Tolimán,0020,Puerta del Petacal (El Petacal),7.37
14,Jalisco,099,Tolimán,0021,El Puerto de Toxín,5
14,Jalisco,099,Tolimán,0023,El Rodeo,5.84
14,Jalisco,099,Tolimán,0025,San Pedro Toxín,6.76
14,Jalisco,099,Tolimán,0027,Santa Elena (Santa Elena de la Cruz),7.38
14,Jalisco,099,Tolimán,0029,Teutlán,6.74
14,Jalisco,099,Tolimán,0031,Toxín,7.28
14,Jalisco,099,Tolimán,0036,Monte Grande,6.08
14,Jalisco,099,Tolimán,0043,Pueblo Viejo,7.08
14,Jalisco,099,Tolimán,0044,Los Zapotes,6.25
14,Jalisco,099,Tolimán,0045,La Playita,7.67
14,Jalisco,099,Tolimán,0058,Cerro de Villa,4.33
14,Jalisco,099,Tolimán,0071,Los Cerritos,7.26
14,Jalisco,099,Tolimán,0074,Nuevo Zopoma (El Bolitar),6.39
14,Jalisco,099,Tolimán,0089,El Plan,4.75
14,Jalisco,099,Tolimán,9998,Localidades de una vivienda,7.91
14,Jalisco,099,Tolimán,9999,Localidades de dos viviendas,5.06
14,Jalisco,100,Tomatlán,0001,Tomatlán,9.48
14,Jalisco,100,Tomatlán,0012,Ninguno [Aserradero],5.19
14,Jalisco,100,Tomatlán,0013,El Avalito,4.31
14,Jalisco,100,Tomatlán,0018,Cabrel,5.91
14,Jalisco,100,Tomatlán,0020,Cacaluta,4.27
14,Jalisco,100,Tomatlán,0021,El Caimán,4.4
14,Jalisco,100,Tomatlán,0023,Campo Acosta,7.36
14,Jalisco,100,Tomatlán,0026,Cimarronas,6.46
14,Jalisco,100,Tomatlán,0029,El Coco,6.91
14,Jalisco,100,Tomatlán,0030,El Criadero,5.54
14,Jalisco,100,Tomatlán,0033,El Crucero,6.29
14,Jalisco,100,Tomatlán,0034,La Cruz de Loreto,7.93
14,Jalisco,100,Tomatlán,0039,La Cumbre,7.1
14,Jalisco,100,Tomatlán,0047,Emiliano Zapata Yautepec (Agua Zarca),6.83
14,Jalisco,100,Tomatlán,0048,La Estanzuela,4.2
14,Jalisco,100,Tomatlán,0050,La Fortuna,6.2
14,Jalisco,100,Tomatlán,0051,El Gacho,6.88
14,Jalisco,100,Tomatlán,0053,Gargantillo (La Hacienda),7.4
14,Jalisco,100,Tomatlán,0054,La Gloria,7.34
14,Jalisco,100,Tomatlán,0057,El Guayabillo,4.62
14,Jalisco,100,Tomatlán,0058,Guayacán,4.74
14,Jalisco,100,Tomatlán,0059,Higuera Blanca,7.07
14,Jalisco,100,Tomatlán,0065,José María Morelos,7.41
14,Jalisco,100,Tomatlán,0067,Lázaro Cárdenas (La Nancy),6.67
14,Jalisco,100,Tomatlán,0070,El Limón,5.15
14,Jalisco,100,Tomatlán,0073,La Loma,5.5
14,Jalisco,100,Tomatlán,0075,Llano Grande,7.07
14,Jalisco,100,Tomatlán,0076,Macuautitlán,5.27
14,Jalisco,100,Tomatlán,0080,Nahuapa,8.09
14,Jalisco,100,Tomatlán,0081,Malobaco,6
14,Jalisco,100,Tomatlán,0082,El Mapache,6.23
14,Jalisco,100,Tomatlán,0092,El Naranjo,6.67
14,Jalisco,100,Tomatlán,0095,El Nogal,7.21
14,Jalisco,100,Tomatlán,0096,El Ocotillo,5.42
14,Jalisco,100,Tomatlán,0098,Valle de Majahuas (El Poblado),6.98
14,Jalisco,100,Tomatlán,0100,Las Partidas,5.63
14,Jalisco,100,Tomatlán,0101,Palmillas,4.98
14,Jalisco,100,Tomatlán,0109,Piloto (Corralito de Piloto),5.76
14,Jalisco,100,Tomatlán,0110,La Pintada,6.8
14,Jalisco,100,Tomatlán,0112,Pochotitán,6.86
14,Jalisco,100,Tomatlán,0115,El Portezuelo,6.91
14,Jalisco,100,Tomatlán,0116,El Porvenir,3.89
14,Jalisco,100,Tomatlán,0120,Puentecillas,2.89
14,Jalisco,100,Tomatlán,0122,El Realito,6.37
14,Jalisco,100,Tomatlán,0123,El Recodo,5
14,Jalisco,100,Tomatlán,0125,El Rincón de los Robles,5.47
14,Jalisco,100,Tomatlán,0137,San Ignacio (Juan Ignacio),3.75
14,Jalisco,100,Tomatlán,0143,San Rafael de los Moreno,6.61
14,Jalisco,100,Tomatlán,0145,Santa Gertrudis,6.17
14,Jalisco,100,Tomatlán,0149,La Servilleta,4.54
14,Jalisco,100,Tomatlán,0156,Tejerías,7.67
14,Jalisco,100,Tomatlán,0157,Teocinte (Teocintle),5.87
14,Jalisco,100,Tomatlán,0159,Tequesquite,7.05
14,Jalisco,100,Tomatlán,0161,Los Terreros,5.38
14,Jalisco,100,Tomatlán,0165,El Tigre,6.59
14,Jalisco,100,Tomatlán,0167,El Tule,6.73
14,Jalisco,100,Tomatlán,0171,Plan de Ayala,7.75
14,Jalisco,100,Tomatlán,0172,Colonia las Palmas [Campamento SAGAR],11.92
14,Jalisco,100,Tomatlán,0180,Cañada de Texas,3.8
14,Jalisco,100,Tomatlán,0189,José María Pino Suárez (Nuevo Nahuapa),7.81
14,Jalisco,100,Tomatlán,0215,Los Diques,7.42
14,Jalisco,100,Tomatlán,0217,Benito Juárez (Adolfo Ruiz Cortines),6.32
14,Jalisco,100,Tomatlán,0218,Crucero de la Cruz de Loreto,8.58
14,Jalisco,100,Tomatlán,0219,Nuevo Santiago,7.61
14,Jalisco,100,Tomatlán,0220,San Carlos Coacoyul,4.2
14,Jalisco,100,Tomatlán,0230,López Mateos,6.58
14,Jalisco,100,Tomatlán,0235,El Corrido,6.21
14,Jalisco,100,Tomatlán,0244,Llano del Toro,5.7
14,Jalisco,100,Tomatlán,0261,Presa Cajón de Peña (La Presa),6.72
14,Jalisco,100,Tomatlán,0267,El Divisadero,7.36
14,Jalisco,100,Tomatlán,0269,La Garita,3.83
14,Jalisco,100,Tomatlán,0270,El Guamúchil,7.25
14,Jalisco,100,Tomatlán,0271,La Higuerita,4.83
14,Jalisco,100,Tomatlán,0272,Las Lomas (Las Lomas de Malobaco),4.71
14,Jalisco,100,Tomatlán,0275,La Piedra Pintada,5.54
14,Jalisco,100,Tomatlán,0276,Las Pilitas,4.25
14,Jalisco,100,Tomatlán,0280,Crucero del Piloto,8
14,Jalisco,100,Tomatlán,0302,Vicente Guerrero (Las Lomas Coloradas),5.88
14,Jalisco,100,Tomatlán,0303,Los Ángeles,8.53
14,Jalisco,100,Tomatlán,0313,Casa Blanca,6.83
14,Jalisco,100,Tomatlán,0338,Crucero del Aval,6.06
14,Jalisco,100,Tomatlán,0361,Los Coyotes,5.38
14,Jalisco,100,Tomatlán,0363,Crucero de la CONASUPO,7.58
14,Jalisco,100,Tomatlán,0368,Las Jarillas,7.27
14,Jalisco,100,Tomatlán,0374,Los Naranjos,3.43
14,Jalisco,100,Tomatlán,0383,Puertas Cuatas,5.56
14,Jalisco,100,Tomatlán,0406,Ribera del Río,7.13
14,Jalisco,100,Tomatlán,0408,Rancho el Pino,5.6
14,Jalisco,100,Tomatlán,0438,Casa Grande,7
14,Jalisco,100,Tomatlán,0479,Los Politos,7.17
14,Jalisco,100,Tomatlán,0482,Rancho de los Castellanos,8.07
14,Jalisco,100,Tomatlán,0488,Ninguno [Sociedad de Productores Agropecuarios del Valle de Tomatlán],5.29
14,Jalisco,100,Tomatlán,0509,Mariano Otero,3.5
14,Jalisco,100,Tomatlán,0520,La Báscula de Gargantillo,9.8
14,Jalisco,100,Tomatlán,0522,Punta del Cielo,6.2
14,Jalisco,100,Tomatlán,9998,Localidades de una vivienda,5.54
14,Jalisco,100,Tomatlán,9999,Localidades de dos viviendas,6.41
14,Jalisco,101,Tonalá,0001,Tonalá,9.56
14,Jalisco,101,Tonalá,0002,Agua Blanca,8.35
14,Jalisco,101,Tonalá,0009,Coyula,10.72
14,Jalisco,101,Tonalá,0012,Los Encinos,6.88
14,Jalisco,101,Tonalá,0022,Mismaloya (Fraccionamiento Pedregal de Santa Martha),10.38
14,Jalisco,101,Tonalá,0023,El Moral (Fraccionamiento el Moral),13.18
14,Jalisco,101,Tonalá,0025,Las Presas (Lagunitas),10
14,Jalisco,101,Tonalá,0026,Puente Grande,8.42
14,Jalisco,101,Tonalá,0027,La Punta,9.45
14,Jalisco,101,Tonalá,0031,San Francisco de la Soledad (San Francisco),9.29
14,Jalisco,101,Tonalá,0034,Colinas de Tonalá (San Nicolás) [Fraccionamiento],12.35
14,Jalisco,101,Tonalá,0038,El Vado,10.36
14,Jalisco,101,Tonalá,0101,Rancho los Ibarra,10.92
14,Jalisco,101,Tonalá,0111,Los Amiales,7.94
14,Jalisco,101,Tonalá,0112,Las Jícamas,8.83
14,Jalisco,101,Tonalá,0114,Ojo de Agua,10.18
14,Jalisco,101,Tonalá,0123,Basurero Municipal de Tonalá,3.66
14,Jalisco,101,Tonalá,0130,Colonia Guadalupana,7.23
14,Jalisco,101,Tonalá,0133,El Gran Chaparral [Granja],8.45
14,Jalisco,101,Tonalá,0135,La Hiedra,11.91
14,Jalisco,101,Tonalá,0154,El Tepame,6.45
14,Jalisco,101,Tonalá,0156,Las Tortugas,5.58
14,Jalisco,101,Tonalá,0169,San Juan Corral,7.65
14,Jalisco,101,Tonalá,0188,Nuevo Israel,7.59
14,Jalisco,101,Tonalá,0189,Paseo de las Cañadas,11.62
14,Jalisco,101,Tonalá,0190,Paseo Puente Viejo,9.54
14,Jalisco,101,Tonalá,0192,Puertas del Sol,10.76
14,Jalisco,101,Tonalá,0193,Residencias el Prado (Jardines del Prado),10.62
14,Jalisco,101,Tonalá,0194,Villas del Cortijo,10.28
14,Jalisco,101,Tonalá,0195,Colonia Bosques del Sol,7.81
14,Jalisco,101,Tonalá,0196,El Calabozo,6.63
14,Jalisco,101,Tonalá,0197,El Calabozo Grande,8.16
14,Jalisco,101,Tonalá,0199,Cañada Real,13.07
14,Jalisco,101,Tonalá,0200,Los Prados,9.74
14,Jalisco,101,Tonalá,0204,Vista Real [Residencial],11.84
14,Jalisco,101,Tonalá,0205,Loma Real [Fraccionamiento],10.73
14,Jalisco,101,Tonalá,9998,Localidades de una vivienda,5.7
14,Jalisco,102,Tonaya,0001,Tonaya,8.92
14,Jalisco,102,Tonaya,0002,Amacuautitlán,7.19
14,Jalisco,102,Tonaya,0003,Los Asmoles,6.71
14,Jalisco,102,Tonaya,0009,El Cerrito,6.25
14,Jalisco,102,Tonaya,0010,Coatlancillo,7.05
14,Jalisco,102,Tonaya,0013,Los González,6.9
14,Jalisco,102,Tonaya,0015,Las Higueras,7.09
14,Jalisco,102,Tonaya,0016,Las Liebres (La Liebre),6.59
14,Jalisco,102,Tonaya,0019,Metapan,8.27
14,Jalisco,102,Tonaya,0022,El Paso de San Francisco,7.01
14,Jalisco,102,Tonaya,0023,La Piña,6.73
14,Jalisco,102,Tonaya,0025,San Rafael,6.37
14,Jalisco,102,Tonaya,0026,Santa Gertrudis,7.86
14,Jalisco,102,Tonaya,0027,Tecomatlán,6.42
14,Jalisco,102,Tonaya,0028,San Luis Tenango,6.66
14,Jalisco,102,Tonaya,0034,Alpizahua,5.38
14,Jalisco,102,Tonaya,0037,Atarjeas de Covarrubias (San Isidro),6.32
14,Jalisco,102,Tonaya,9998,Localidades de una vivienda,6.43
14,Jalisco,103,Tonila,0001,Tonila,9.5
14,Jalisco,103,Tonila,0006,La Cofradía,7.74
14,Jalisco,103,Tonila,0009,La Esperanza,6.85
14,Jalisco,103,Tonila,0015,San Marcos,7.54
14,Jalisco,103,Tonila,0016,Tenexcamilpa,7.34
14,Jalisco,103,Tonila,0033,Crucero de San Marcos,3.5
14,Jalisco,103,Tonila,0044,La Nueva Esperanza,7.62
14,Jalisco,103,Tonila,0054,Campestre Paraíso [Fraccionamiento],8
14,Jalisco,103,Tonila,0064,Ejido Poblado Juan Barragán,6.74
14,Jalisco,103,Tonila,0065,El Piloto,8.67
14,Jalisco,103,Tonila,0067,El Gallinero,5.8
14,Jalisco,103,Tonila,9998,Localidades de una vivienda,6.47
14,Jalisco,104,Totatiche,0001,Totatiche,9.03
14,Jalisco,104,Totatiche,0002,Acaspulco,6.33
14,Jalisco,104,Totatiche,0003,Acaspulquillo,4.94
14,Jalisco,104,Totatiche,0004,Acatepulco,6.67
14,Jalisco,104,Totatiche,0005,Agua Zarca,7.53
14,Jalisco,104,Totatiche,0011,Balcones de Cristo Rey,7.11
14,Jalisco,104,Totatiche,0015,Boquilla de Santa Rosa,7
14,Jalisco,104,Totatiche,0020,Cartagena,6.81
14,Jalisco,104,Totatiche,0023,Ciénega de Santa Rosa (La Ciénega),7.82
14,Jalisco,104,Totatiche,0035,Jaltomate,8.5
14,Jalisco,104,Totatiche,0052,Romita,4.8
14,Jalisco,104,Totatiche,0055,Salitrillo,5.29
14,Jalisco,104,Totatiche,0061,San Francisco,5.04
14,Jalisco,104,Totatiche,0062,San Gabriel,5.25
14,Jalisco,104,Totatiche,0063,San José de Buenavista,3.44
14,Jalisco,104,Totatiche,0070,San Rafael,6.7
14,Jalisco,104,Totatiche,0072,Santa Fe,8.8
14,Jalisco,104,Totatiche,0074,Santa Lucía,6.87
14,Jalisco,104,Totatiche,0075,Santa María de Gracia,6.53
14,Jalisco,104,Totatiche,0076,Santa María del Refugio,5.4
14,Jalisco,104,Totatiche,0077,Santa Rita,6.75
14,Jalisco,104,Totatiche,0078,El Saucito,6.1
14,Jalisco,104,Totatiche,0079,La Cementera,6.05
14,Jalisco,104,Totatiche,0082,Sotoltita,7.54
14,Jalisco,104,Totatiche,0084,Temastián (La Cantera),7.44
14,Jalisco,104,Totatiche,0089,Totolco,5.18
14,Jalisco,104,Totatiche,0104,Acaspoles,7.2
14,Jalisco,104,Totatiche,0146,Minitas de Arriba,7.5
14,Jalisco,104,Totatiche,0198,La Mezquitera,9
14,Jalisco,104,Totatiche,9998,Localidades de una vivienda,4.76
14,Jalisco,104,Totatiche,9999,Localidades de dos viviendas,5.65
14,Jalisco,105,Tototlán,0001,Tototlán,8.24
14,Jalisco,105,Tototlán,0002,San Francisco de la Cal,7.78
14,Jalisco,105,Tototlán,0005,Carrozas,7.12
14,Jalisco,105,Tototlán,0007,Cuesta Chica,7.26
14,Jalisco,105,Tototlán,0008,Cuesta de Ovejas,7.24
14,Jalisco,105,Tototlán,0009,Cuesta Grande,7.12
14,Jalisco,105,Tototlán,0012,El Dique (San José de los Ríos),7.19
14,Jalisco,105,Tototlán,0013,Las Eras,6.57
14,Jalisco,105,Tototlán,0015,Garabatos,5.59
14,Jalisco,105,Tototlán,0017,La Isla,6.71
14,Jalisco,105,Tototlán,0018,La Ladera,6.38
14,Jalisco,105,Tototlán,0021,La Luz,5.8
14,Jalisco,105,Tototlán,0027,Morales de Guerrero,8.02
14,Jalisco,105,Tototlán,0029,Palo Dulce,7.1
14,Jalisco,105,Tototlán,0034,Ramblas Chico,6.47
14,Jalisco,105,Tototlán,0035,Nuevo Refugio de Afuera (Nuevo Refugio),7.47
14,Jalisco,105,Tototlán,0038,Ríos de Ruiz,7.8
14,Jalisco,105,Tototlán,0039,El Puerto del Sabino,5.47
14,Jalisco,105,Tototlán,0040,San Agustín (Capulines),6.96
14,Jalisco,105,Tototlán,0044,San Isidro,7.51
14,Jalisco,105,Tototlán,0045,San José del Monte (Troneras),5.42
14,Jalisco,105,Tototlán,0046,San Ramón,6.48
14,Jalisco,105,Tototlán,0047,La Tiricia,6.23
14,Jalisco,105,Tototlán,0049,Unión de Guadalupe,7.25
14,Jalisco,105,Tototlán,0050,Yerbabuena,8.34
14,Jalisco,105,Tototlán,0053,El Puerto,7.25
14,Jalisco,105,Tototlán,0061,La Caja de Agua,4.97
14,Jalisco,105,Tototlán,0065,Coina Grande,7.54
14,Jalisco,105,Tototlán,0067,Estero de Becerra,7.73
14,Jalisco,105,Tototlán,0075,San José,4
14,Jalisco,105,Tototlán,0105,La Laja de Gómez,6.25
14,Jalisco,105,Tototlán,0106,La Floreña,5.96
14,Jalisco,105,Tototlán,0107,Laja de Cervantes,7.92
14,Jalisco,105,Tototlán,0118,El Moraleño,7.63
14,Jalisco,105,Tototlán,0120,Arroyo de Jalpa,6.4
14,Jalisco,105,Tototlán,0134,Los Cerritos,7.1
14,Jalisco,105,Tototlán,0144,La Florida,7.33
14,Jalisco,105,Tototlán,0166,La Loma,4.53
14,Jalisco,105,Tototlán,0199,El Ranchito,7.89
14,Jalisco,105,Tototlán,0206,La Raya,5.27
14,Jalisco,105,Tototlán,0226,El Zopial,6.17
14,Jalisco,105,Tototlán,9998,Localidades de una vivienda,6.1
14,Jalisco,105,Tototlán,9999,Localidades de dos viviendas,7.18
14,Jalisco,106,Tuxcacuesco,0001,Tuxcacuesco,8.03
14,Jalisco,106,Tuxcacuesco,0003,Agua Dulce,3.82
14,Jalisco,106,Tuxcacuesco,0006,Apulco,8.78
14,Jalisco,106,Tuxcacuesco,0007,El Camichín,6.01
14,Jalisco,106,Tuxcacuesco,0008,La Cañita,6.25
14,Jalisco,106,Tuxcacuesco,0010,Chachahuatlán,6.72
14,Jalisco,106,Tuxcacuesco,0011,Los González,5.94
14,Jalisco,106,Tuxcacuesco,0013,Los Noxtles,6.74
14,Jalisco,106,Tuxcacuesco,0014,El Ocotillo,6
14,Jalisco,106,Tuxcacuesco,0016,Palmar de los Camberos,5.62
14,Jalisco,106,Tuxcacuesco,0019,El Platanar,6.63
14,Jalisco,106,Tuxcacuesco,0021,San Miguel,7.09
14,Jalisco,106,Tuxcacuesco,0022,El Temascal,5.51
14,Jalisco,106,Tuxcacuesco,0023,Ventanas,6.13
14,Jalisco,106,Tuxcacuesco,0024,Zenzontla,6.3
14,Jalisco,106,Tuxcacuesco,0025,El Reparito,6.23
14,Jalisco,106,Tuxcacuesco,0039,La Piedra,5.47
14,Jalisco,106,Tuxcacuesco,0042,El Cebollal,6.93
14,Jalisco,106,Tuxcacuesco,9999,Localidades de dos viviendas,7.8
14,Jalisco,107,Tuxcueca,0001,Tuxcueca,8.09
14,Jalisco,107,Tuxcueca,0002,Las Cebollas,6.82
14,Jalisco,107,Tuxcueca,0003,La Cofradía,7
14,Jalisco,107,Tuxcueca,0004,El Tepeguaje,7.43
14,Jalisco,107,Tuxcueca,0005,Puerta de San Nicolás,6.65
14,Jalisco,107,Tuxcueca,0006,Puerto Corona,9.86
14,Jalisco,107,Tuxcueca,0008,San Luis Soyatlán,8.21
14,Jalisco,107,Tuxcueca,0009,San Nicolás de Acuña (San Nicolás),7.21
14,Jalisco,107,Tuxcueca,0010,El Saucito,5.95
14,Jalisco,107,Tuxcueca,0019,El Lindero,9.38
14,Jalisco,107,Tuxcueca,0040,El Puente Colorado (El Puente),12.38
14,Jalisco,107,Tuxcueca,0042,Rancho el Bajío,9.2
14,Jalisco,107,Tuxcueca,0047,Puruagua de Ramón Corona,7.72
14,Jalisco,107,Tuxcueca,9998,Localidades de una vivienda,8.23
14,Jalisco,108,Tuxpan,0001,Tuxpan,9.37
14,Jalisco,108,Tuxpan,0003,Agosto,7.89
14,Jalisco,108,Tuxpan,0005,Atenquique,10.3
14,Jalisco,108,Tuxpan,0006,Ejido Poblado Atenquique,7.34
14,Jalisco,108,Tuxpan,0007,Buen País,7.24
14,Jalisco,108,Tuxpan,0010,Las Canoas,7.42
14,Jalisco,108,Tuxpan,0022,La Higuera,6.95
14,Jalisco,108,Tuxpan,0024,Los Laureles,7.12
14,Jalisco,108,Tuxpan,0029,Los Mazos,7.21
14,Jalisco,108,Tuxpan,0031,Montelongo,6.46
14,Jalisco,108,Tuxpan,0032,Rancho Niño,8.46
14,Jalisco,108,Tuxpan,0034,Padilla,6.55
14,Jalisco,108,Tuxpan,0037,Paso de San Juan,6.72
14,Jalisco,108,Tuxpan,0038,Pialla,5.64
14,Jalisco,108,Tuxpan,0041,Platanar,8.09
14,Jalisco,108,Tuxpan,0042,Platanarillo,7.89
14,Jalisco,108,Tuxpan,0046,San Juan Espanatica (El Pueblito),8.01
14,Jalisco,108,Tuxpan,0048,San Miguel,5.13
14,Jalisco,108,Tuxpan,0050,Santa María,5.13
14,Jalisco,108,Tuxpan,0056,Tizatirla,7.64
14,Jalisco,108,Tuxpan,0058,Valle Florido (El Valle),9.79
14,Jalisco,108,Tuxpan,0059,Veintiuno de Noviembre,7.31
14,Jalisco,108,Tuxpan,0062,El Capulín,5.36
14,Jalisco,108,Tuxpan,0066,El Nuevo Poblado,7.4
14,Jalisco,108,Tuxpan,0072,Lagunillas,5.11
14,Jalisco,108,Tuxpan,0093,Ejido Poblado San Mamés,7.69
14,Jalisco,108,Tuxpan,0111,Santa Juana,6.17
14,Jalisco,108,Tuxpan,0112,El Taracón,5.86
14,Jalisco,108,Tuxpan,0126,Bonanza [Granja],14.8
14,Jalisco,108,Tuxpan,0262,Piedra Blanca,7.82
14,Jalisco,108,Tuxpan,0276,Bugambilias,7.1
14,Jalisco,108,Tuxpan,0280,El Carrizalillo,1.8
14,Jalisco,108,Tuxpan,0288,El Fresnito,12.5
14,Jalisco,108,Tuxpan,0290,El Guayabito,8.44
14,Jalisco,108,Tuxpan,0294,La Mezcalera,15.17
14,Jalisco,108,Tuxpan,0295,Miseria y Ánimas,8.05
14,Jalisco,108,Tuxpan,0297,Las Parotas,5.4
14,Jalisco,108,Tuxpan,0303,Poblado del Ejido Zapotiltic,8.9
14,Jalisco,108,Tuxpan,0312,San Antonio,10.4
14,Jalisco,108,Tuxpan,0340,El Paraíso,6.56
14,Jalisco,108,Tuxpan,0349,Ninguno,4
14,Jalisco,108,Tuxpan,0355,El Tiburón,11.2
14,Jalisco,108,Tuxpan,0362,Veintiuno de Marzo,8.84
14,Jalisco,108,Tuxpan,9998,Localidades de una vivienda,6.32
14,Jalisco,108,Tuxpan,9999,Localidades de dos viviendas,7.12
14,Jalisco,109,Unión de San Antonio,0001,Unión de San Antonio,7.93
14,Jalisco,109,Unión de San Antonio,0002,Las Agujas,3.7
14,Jalisco,109,Unión de San Antonio,0006,Arroneras de Lourdes (Arroneras),5.55
14,Jalisco,109,Unión de San Antonio,0008,Arroyo Hondo,8.73
14,Jalisco,109,Unión de San Antonio,0011,San José del Caliche (El Caliche),7.75
14,Jalisco,109,Unión de San Antonio,0014,Cañada de Infante,3.38
14,Jalisco,109,Unión de San Antonio,0015,Cañada de Mena,6.24
14,Jalisco,109,Unión de San Antonio,0017,Carreón (Carrión),6.1
14,Jalisco,109,Unión de San Antonio,0022,Corral Blanco,7.5
14,Jalisco,109,Unión de San Antonio,0023,Los Cuartos (Los Cuartos de Primavera),6.55
14,Jalisco,109,Unión de San Antonio,0027,Churintzio,7.02
14,Jalisco,109,Unión de San Antonio,0032,Los Horcones,5.53
14,Jalisco,109,Unión de San Antonio,0037,El Jaral,5.02
14,Jalisco,109,Unión de San Antonio,0044,El Lobo (El Lobo de Primavera),5.4
14,Jalisco,109,Unión de San Antonio,0046,Lomas de Santa Gertrudis,6.3
14,Jalisco,109,Unión de San Antonio,0047,Loma del Aire (Lomita del Aire),5.92
14,Jalisco,109,Unión de San Antonio,0050,Ejido las Agujas (El Maguey),5.79
14,Jalisco,109,Unión de San Antonio,0060,El Muerto,4.93
14,Jalisco,109,Unión de San Antonio,0061,La Noria (Las Norias de las Vueltas),6.33
14,Jalisco,109,Unión de San Antonio,0071,Pedrito [Estación],7.15
14,Jalisco,109,Unión de San Antonio,0074,Las Presitas,4.13
14,Jalisco,109,Unión de San Antonio,0075,Primavera (Hacienda de Primavera),6.84
14,Jalisco,109,Unión de San Antonio,0076,Providencia,3.43
14,Jalisco,109,Unión de San Antonio,0081,Río de Vázquez,2.27
14,Jalisco,109,Unión de San Antonio,0082,El Río Verde,5
14,Jalisco,109,Unión de San Antonio,0084,El Saltillo de Velázquez,5.35
14,Jalisco,109,Unión de San Antonio,0086,El Salto de San Antonio,5.61
14,Jalisco,109,Unión de San Antonio,0088,San Ángel,5.51
14,Jalisco,109,Unión de San Antonio,0089,San Antonio de la Garza,6.58
14,Jalisco,109,Unión de San Antonio,0091,San Bartolo de González (San Bartolo),7.82
14,Jalisco,109,Unión de San Antonio,0092,San Basilio,6.54
14,Jalisco,109,Unión de San Antonio,0094,San Fermín,7.67
14,Jalisco,109,Unión de San Antonio,0098,San Ignacio,6.12
14,Jalisco,109,Unión de San Antonio,0100,San José de Gordoa,6.04
14,Jalisco,109,Unión de San Antonio,0101,San José el Alto,4.46
14,Jalisco,109,Unión de San Antonio,0102,San José de las Palmas,6.73
14,Jalisco,109,Unión de San Antonio,0107,Santa Cruz,4.86
14,Jalisco,109,Unión de San Antonio,0108,Santa Elena,5.45
14,Jalisco,109,Unión de San Antonio,0110,Santa Teresa,6.3
14,Jalisco,109,Unión de San Antonio,0112,El Saucillo de Primavera,7.23
14,Jalisco,109,Unión de San Antonio,0117,Las Tapias,5.69
14,Jalisco,109,Unión de San Antonio,0118,La Tapona,6.55
14,Jalisco,109,Unión de San Antonio,0120,Tlacuitapan,6.08
14,Jalisco,109,Unión de San Antonio,0121,Las Tortugas,8.57
14,Jalisco,109,Unión de San Antonio,0126,Tuna Alta,4.67
14,Jalisco,109,Unión de San Antonio,0128,El Vallado,6.13
14,Jalisco,109,Unión de San Antonio,0129,Vizcaíno,4.59
14,Jalisco,109,Unión de San Antonio,0130,El Zapote (El Tecolote),5.98
14,Jalisco,109,Unión de San Antonio,0140,La Loma Alta (Estación Loma Alta),6.08
14,Jalisco,109,Unión de San Antonio,0146,Potrero Viejo,1.2
14,Jalisco,109,Unión de San Antonio,0151,El Rodeo de Encinillas,7.33
14,Jalisco,109,Unión de San Antonio,0152,Salto Zurita,4.31
14,Jalisco,109,Unión de San Antonio,0154,San Isidro,5.25
14,Jalisco,109,Unión de San Antonio,0157,El Varal (La Cantera),6.37
14,Jalisco,109,Unión de San Antonio,0158,El Sencillo,5.15
14,Jalisco,109,Unión de San Antonio,0168,Mesillas de Arriba,5.69
14,Jalisco,109,Unión de San Antonio,0176,Encinillas,5.14
14,Jalisco,109,Unión de San Antonio,0183,Santo Domingo,3.93
14,Jalisco,109,Unión de San Antonio,0245,El Montoro,5.46
14,Jalisco,109,Unión de San Antonio,0249,Santa Teresa,7.01
14,Jalisco,109,Unión de San Antonio,0270,Loma de Sotelos,6.21
14,Jalisco,109,Unión de San Antonio,0344,San José de Corralitos (El Zapote),5.73
14,Jalisco,109,Unión de San Antonio,0362,Mesa de González,2.86
14,Jalisco,109,Unión de San Antonio,0378,Santa Rosa,6.22
14,Jalisco,109,Unión de San Antonio,0382,La Sauceda Grande,4.57
14,Jalisco,109,Unión de San Antonio,0385,Los Charcos,4.76
14,Jalisco,109,Unión de San Antonio,0392,Arroyo del Palo,4.38
14,Jalisco,109,Unión de San Antonio,0395,El Banco,7.22
14,Jalisco,109,Unión de San Antonio,0402,Las Yeguas  (Los Cerritos),6.57
14,Jalisco,109,Unión de San Antonio,0407,Ejido las Palmas,6.85
14,Jalisco,109,Unión de San Antonio,0409,La Fortuna,5.54
14,Jalisco,109,Unión de San Antonio,0419,Llanos de Basilio,4.82
14,Jalisco,109,Unión de San Antonio,0420,La Loma,6.09
14,Jalisco,109,Unión de San Antonio,0431,El Potrero (El Potrerito),4.08
14,Jalisco,109,Unión de San Antonio,0434,La Puerta de los Cerritos,6.75
14,Jalisco,109,Unión de San Antonio,0446,La Rosa de Castilla (Ejido Jaramillo de Abajo),6.95
14,Jalisco,109,Unión de San Antonio,0455,Las Tierras Pardas,5.87
14,Jalisco,109,Unión de San Antonio,0463,Churica [Granja],4.7
14,Jalisco,109,Unión de San Antonio,0469,Pedregal de San Antonio,13.49
14,Jalisco,109,Unión de San Antonio,0471,Lomas de la Presa,8.04
14,Jalisco,109,Unión de San Antonio,0472,La Trinidad,5.98
14,Jalisco,109,Unión de San Antonio,9998,Localidades de una vivienda,5.57
14,Jalisco,109,Unión de San Antonio,9999,Localidades de dos viviendas,6.16
14,Jalisco,110,Unión de Tula,0001,Unión de Tula,9.23
14,Jalisco,110,Unión de Tula,0003,La Alcaparrosa,5.81
14,Jalisco,110,Unión de Tula,0008,El Bonete,7.32
14,Jalisco,110,Unión de Tula,0021,Ixtlahuacán de Santiago,6.76
14,Jalisco,110,Unión de Tula,0027,Manzanillito,7.27
14,Jalisco,110,Unión de Tula,0034,La Piñuela,7.85
14,Jalisco,110,Unión de Tula,0036,Potrerillos (El Potrerillo),7.94
14,Jalisco,110,Unión de Tula,0038,San Agustín (El Carrizal),7.42
14,Jalisco,110,Unión de Tula,0039,San Cayetano,8.72
14,Jalisco,110,Unión de Tula,0040,San Clemente,8.54
14,Jalisco,110,Unión de Tula,0041,San Gaspar,5.42
14,Jalisco,110,Unión de Tula,0042,San José de Ávila,6.9
14,Jalisco,110,Unión de Tula,0044,Santa Ana,8.44
14,Jalisco,110,Unión de Tula,0045,Santa Catarina,7.75
14,Jalisco,110,Unión de Tula,0047,Santa Fe,7.43
14,Jalisco,110,Unión de Tula,0048,Santa Rosa de Lima (Santa Rosa),6.99
14,Jalisco,110,Unión de Tula,0049,La Taberna,5.54
14,Jalisco,110,Unión de Tula,0050,Tacotán (La Alpatahua),8.35
14,Jalisco,110,Unión de Tula,0064,Puente la Trinidad,7.77
14,Jalisco,110,Unión de Tula,0068,El Nogal,7.8
14,Jalisco,110,Unión de Tula,0086,Colonia Trigomil,8.38
14,Jalisco,110,Unión de Tula,0110,Ejido el Colomo,6.62
14,Jalisco,110,Unión de Tula,0125,Campestre la Hacienda [Restaurante],11.62
14,Jalisco,110,Unión de Tula,0135,El Granero,8.38
14,Jalisco,110,Unión de Tula,9998,Localidades de una vivienda,5.96
14,Jalisco,110,Unión de Tula,9999,Localidades de dos viviendas,7.24
14,Jalisco,111,Valle de Guadalupe,0001,Valle de Guadalupe,8.44
14,Jalisco,111,Valle de Guadalupe,0008,El Bajío,5.95
14,Jalisco,111,Valle de Guadalupe,0009,La Barranca,7.43
14,Jalisco,111,Valle de Guadalupe,0012,Calabazas de Abajo,5.59
14,Jalisco,111,Valle de Guadalupe,0014,Cañada Grande,7.03
14,Jalisco,111,Valle de Guadalupe,0016,Carretero de Abajo,6.69
14,Jalisco,111,Valle de Guadalupe,0017,Carretero de Arriba,6.82
14,Jalisco,111,Valle de Guadalupe,0020,Cerro Blanco,5.71
14,Jalisco,111,Valle de Guadalupe,0029,La Estancia,8.1
14,Jalisco,111,Valle de Guadalupe,0035,La Gran China,5.69
14,Jalisco,111,Valle de Guadalupe,0036,El Huizachal (El Rodeo),8.19
14,Jalisco,111,Valle de Guadalupe,0039,Joya de Arriba,6.41
14,Jalisco,111,Valle de Guadalupe,0040,Joya de Abajo,7.83
14,Jalisco,111,Valle de Guadalupe,0047,La Llave (Hacienda la Llave),7.9
14,Jalisco,111,Valle de Guadalupe,0048,La Manga,6.41
14,Jalisco,111,Valle de Guadalupe,0054,Monte Largo (La Laguna),6.13
14,Jalisco,111,Valle de Guadalupe,0057,Palo Alto,6.27
14,Jalisco,111,Valle de Guadalupe,0064,La Providencia,7.84
14,Jalisco,111,Valle de Guadalupe,0065,Puerta de Macias,8.03
14,Jalisco,111,Valle de Guadalupe,0071,El Robado,7.25
14,Jalisco,111,Valle de Guadalupe,0072,El Rosario (El Crucero de Cañadas),8.1
14,Jalisco,111,Valle de Guadalupe,0075,Salto de Agua (Salto de los Ibarra),9.64
14,Jalisco,111,Valle de Guadalupe,0078,San Isidro,7
14,Jalisco,111,Valle de Guadalupe,0085,Los Tanques,6.1
14,Jalisco,111,Valle de Guadalupe,0086,Tepozanes,8
14,Jalisco,111,Valle de Guadalupe,0091,El Vallado,7.32
14,Jalisco,111,Valle de Guadalupe,0101,Calabazas de Arriba,5.71
14,Jalisco,111,Valle de Guadalupe,0105,San José,5.81
14,Jalisco,111,Valle de Guadalupe,0107,La Laguna,8.77
14,Jalisco,111,Valle de Guadalupe,0125,La Primavera,6.43
14,Jalisco,111,Valle de Guadalupe,0149,Los Gatos,7.19
14,Jalisco,111,Valle de Guadalupe,0150,La Bailadora,7.26
14,Jalisco,111,Valle de Guadalupe,0152,Rancho Buenavista (El Rodeo),7
14,Jalisco,111,Valle de Guadalupe,0155,Palo Caído,6.86
14,Jalisco,111,Valle de Guadalupe,0156,Mesa de los Reynoso (Plan de Vigas),7.17
14,Jalisco,111,Valle de Guadalupe,0160,Arroyo Prieto,8
14,Jalisco,111,Valle de Guadalupe,0163,Cerca Blanca,8.25
14,Jalisco,111,Valle de Guadalupe,0164,Cerrito Juan Ignacio,6.11
14,Jalisco,111,Valle de Guadalupe,0168,Medina [Granja],5.86
14,Jalisco,111,Valle de Guadalupe,0183,Sin Agua,6.83
14,Jalisco,111,Valle de Guadalupe,9998,Localidades de una vivienda,7.84
14,Jalisco,111,Valle de Guadalupe,9999,Localidades de dos viviendas,6.42
14,Jalisco,112,Valle de Juárez,0001,Valle de Juárez,8.08
14,Jalisco,112,Valle de Juárez,0002,El Algodón,3.5
14,Jalisco,112,Valle de Juárez,0006,Buenavista,6.61
14,Jalisco,112,Valle de Juárez,0012,El Cerrito,6.75
14,Jalisco,112,Valle de Juárez,0013,Los Cimientos,3.5
14,Jalisco,112,Valle de Juárez,0021,El Izote,5.63
14,Jalisco,112,Valle de Juárez,0026,El Manzanillo,7.12
14,Jalisco,112,Valle de Juárez,0028,El Moral,6.04
14,Jalisco,112,Valle de Juárez,0029,Nogales de Añil (Los Nogales),5.71
14,Jalisco,112,Valle de Juárez,0030,Ojo de Agua del Mezcal,3.94
14,Jalisco,112,Valle de Juárez,0031,Ojo de Agua del Picacho (El Plan),6.69
14,Jalisco,112,Valle de Juárez,0033,Paso de Piedra,7.03
14,Jalisco,112,Valle de Juárez,0037,La Providencia (El Piojo),6.88
14,Jalisco,112,Valle de Juárez,0043,El Tigre,5.97
14,Jalisco,112,Valle de Juárez,0053,Río de Gómez,3.27
14,Jalisco,112,Valle de Juárez,0054,Puerto de Milpillas,6
14,Jalisco,112,Valle de Juárez,0056,El Alto,9.8
14,Jalisco,112,Valle de Juárez,0063,Milpillas,5
14,Jalisco,112,Valle de Juárez,0078,Valle Dorado,9
14,Jalisco,112,Valle de Juárez,0080,La Hortiga,3.94
14,Jalisco,112,Valle de Juárez,9998,Localidades de una vivienda,5.11
14,Jalisco,112,Valle de Juárez,9999,Localidades de dos viviendas,3.94
14,Jalisco,113,San Gabriel,0001,San Gabriel,9.04
14,Jalisco,113,San Gabriel,0002,El Aguaje,7.17
14,Jalisco,113,San Gabriel,0003,Los Ahuates,4.82
14,Jalisco,113,San Gabriel,0004,Alista,7.64
14,Jalisco,113,San Gabriel,0006,Apango,7.21
14,Jalisco,113,San Gabriel,0009,Los Camichines,8.78
14,Jalisco,113,San Gabriel,0010,La Cañada,7.46
14,Jalisco,113,San Gabriel,0011,El Carpintero,7.35
14,Jalisco,113,San Gabriel,0013,La Croix,6.44
14,Jalisco,113,San Gabriel,0018,Los Fresnos,7.53
14,Jalisco,113,San Gabriel,0020,Los Gallos,6.12
14,Jalisco,113,San Gabriel,0021,Los García,6.87
14,Jalisco,113,San Gabriel,0023,La Guadalupe,8.94
14,Jalisco,113,San Gabriel,0024,Hacienda Vieja,6.33
14,Jalisco,113,San Gabriel,0026,El Izote,6.46
14,Jalisco,113,San Gabriel,0027,Jahuiques,5.29
14,Jalisco,113,San Gabriel,0028,El Jardín,6.44
14,Jalisco,113,San Gabriel,0029,El Jazmín,7.65
14,Jalisco,113,San Gabriel,0030,Jiquilpan,7.82
14,Jalisco,113,San Gabriel,0040,Ojo de Agua,8.1
14,Jalisco,113,San Gabriel,0041,Ojo de Agua de Apango,7.54
14,Jalisco,113,San Gabriel,0042,El Pelillo,3.2
14,Jalisco,113,San Gabriel,0043,El Penal,6.94
14,Jalisco,113,San Gabriel,0046,Presa de Tierra,6.46
14,Jalisco,113,San Gabriel,0047,Los Ranchitos,5.73
14,Jalisco,113,San Gabriel,0051,San Antonio,6.95
14,Jalisco,113,San Gabriel,0052,San Isidro,7.28
14,Jalisco,113,San Gabriel,0053,San José del Rincón (San José de las Burras),6.2
14,Jalisco,113,San Gabriel,0055,Sayulapan,6
14,Jalisco,113,San Gabriel,0058,Telcampana,5.94
14,Jalisco,113,San Gabriel,0059,El Tepamal,6.56
14,Jalisco,113,San Gabriel,0060,El Tepozal,6.92
14,Jalisco,113,San Gabriel,0062,La Tinaja,7.09
14,Jalisco,113,San Gabriel,0064,Totolimixpa,7.53
14,Jalisco,113,San Gabriel,0066,El Veladero,10
14,Jalisco,113,San Gabriel,0081,Juan Diego,12.88
14,Jalisco,113,San Gabriel,0092,Las Tortugas,6.25
14,Jalisco,113,San Gabriel,0126,Puerto de la Estacada,6.42
14,Jalisco,113,San Gabriel,0141,Las Primaveras [Invernadero],7.54
14,Jalisco,113,San Gabriel,0189,Ranchos Unidos Santa Bárbara,7.18
14,Jalisco,113,San Gabriel,9998,Localidades de una vivienda,6.34
14,Jalisco,113,San Gabriel,9999,Localidades de dos viviendas,7.55
14,Jalisco,114,Villa Corona,0001,Villa Corona,8.85
14,Jalisco,114,Villa Corona,0002,Atotonilco el Bajo,6.99
14,Jalisco,114,Villa Corona,0003,El Barro,6.95
14,Jalisco,114,Villa Corona,0004,Buenavista,7.68
14,Jalisco,114,Villa Corona,0005,Estipac,8.88
14,Jalisco,114,Villa Corona,0006,Juan Gil Preciado (La Loma),8.25
14,Jalisco,114,Villa Corona,0008,Ojo de Agua,6.38
14,Jalisco,114,Villa Corona,0009,El Tecuán,6.94
14,Jalisco,114,Villa Corona,0018,Colonia Nuevo Tizapán,7.24
14,Jalisco,114,Villa Corona,0019,Crucero de Bellavista,10.83
14,Jalisco,114,Villa Corona,0022,La Guitarrilla (El Tempisque),12.6
14,Jalisco,114,Villa Corona,0024,El Monte (Puerta del Monte),7.09
14,Jalisco,114,Villa Corona,0025,La Noria Salada (El Limón),8.89
14,Jalisco,114,Villa Corona,0026,La Panochera,9.18
14,Jalisco,114,Villa Corona,0030,Potrero del Campo Santo (Agua Caliente),8.62
14,Jalisco,114,Villa Corona,0032,Los Ranchitos,8.69
14,Jalisco,114,Villa Corona,0040,Colonia Lázaro Cárdenas,6.53
14,Jalisco,114,Villa Corona,0041,Colonia Nueva la Loma,5.66
14,Jalisco,114,Villa Corona,0044,Banco de Arena,2.5
14,Jalisco,114,Villa Corona,9998,Localidades de una vivienda,8.65
14,Jalisco,114,Villa Corona,9999,Localidades de dos viviendas,8.85
14,Jalisco,115,Villa Guerrero,0001,Villa Guerrero,7.86
14,Jalisco,115,Villa Guerrero,0003,Adjuntas del Norte,5.88
14,Jalisco,115,Villa Guerrero,0008,San Lorenzo de Atzqueltán,6.15
14,Jalisco,115,Villa Guerrero,0013,La Boquilla,7.13
14,Jalisco,115,Villa Guerrero,0018,La Ciénega de los Márquez (La Ciénega),5.57
14,Jalisco,115,Villa Guerrero,0021,Las Conchas (La Concha),4.67
14,Jalisco,115,Villa Guerrero,0028,El Charco Largo,5.44
14,Jalisco,115,Villa Guerrero,0035,La Guásima,7.49
14,Jalisco,115,Villa Guerrero,0040,Izolta,5.92
14,Jalisco,115,Villa Guerrero,0041,Juanacatic,8.5
14,Jalisco,115,Villa Guerrero,0042,La Labor,6
14,Jalisco,115,Villa Guerrero,0048,Santa Rita,6.79
14,Jalisco,115,Villa Guerrero,0060,La Nopalera (Arroyo de Agua),6.08
14,Jalisco,115,Villa Guerrero,0061,Ojo de Agua de Cardos,6.67
14,Jalisco,115,Villa Guerrero,0066,Patáhuac (Patagua),6.48
14,Jalisco,115,Villa Guerrero,0069,El Pirul,7.62
14,Jalisco,115,Villa Guerrero,0070,El Plan,7.7
14,Jalisco,115,Villa Guerrero,0090,Los Sauces,7.18
14,Jalisco,115,Villa Guerrero,0097,Uribes,7
14,Jalisco,115,Villa Guerrero,0116,Los Valles,4.6
14,Jalisco,115,Villa Guerrero,0136,Rancho de Enmedio (Manillas),4.97
14,Jalisco,115,Villa Guerrero,0150,Capellanía,7.13
14,Jalisco,115,Villa Guerrero,0152,El Patito,4.67
14,Jalisco,115,Villa Guerrero,0170,La Laguna,5.07
14,Jalisco,115,Villa Guerrero,0270,San Antonio,5.36
14,Jalisco,115,Villa Guerrero,9998,Localidades de una vivienda,5.13
14,Jalisco,115,Villa Guerrero,9999,Localidades de dos viviendas,5.9
14,Jalisco,116,Villa Hidalgo,0001,Villa Hidalgo,8.02
14,Jalisco,116,Villa Hidalgo,0002,Los Aceros,7.93
14,Jalisco,116,Villa Hidalgo,0006,Arroyo Seco de Arriba,5.58
14,Jalisco,116,Villa Hidalgo,0012,El Centro,4.45
14,Jalisco,116,Villa Hidalgo,0016,Corral Blanco,5.86
14,Jalisco,116,Villa Hidalgo,0018,Custique,4.82
14,Jalisco,116,Villa Hidalgo,0019,El Chilarillo,6.69
14,Jalisco,116,Villa Hidalgo,0020,El Chimote,5.48
14,Jalisco,116,Villa Hidalgo,0023,Los González,6.77
14,Jalisco,116,Villa Hidalgo,0024,Huerta de los Lozano (La Huerta),3.44
14,Jalisco,116,Villa Hidalgo,0028,Los Mimbres,5.88
14,Jalisco,116,Villa Hidalgo,0031,La Palmilla,4
14,Jalisco,116,Villa Hidalgo,0044,San Juanico de Abajo,4.71
14,Jalisco,116,Villa Hidalgo,0045,San Juanico de Arriba,5.29
14,Jalisco,116,Villa Hidalgo,0046,San Juanico de Enmedio,6.62
14,Jalisco,116,Villa Hidalgo,0048,Tepusco,6.38
14,Jalisco,116,Villa Hidalgo,0055,Arroyo Seco de Abajo,4.08
14,Jalisco,116,Villa Hidalgo,0074,San Ignacio de Abajo,7.08
14,Jalisco,116,Villa Hidalgo,0085,Los Yáñez,6.08
14,Jalisco,116,Villa Hidalgo,0091,La Labor de los Padres Jesuitas (El Alto Uno),8.31
14,Jalisco,116,Villa Hidalgo,0093,Arboledas del Alto,5.29
14,Jalisco,116,Villa Hidalgo,0099,El Estanque,8.85
14,Jalisco,116,Villa Hidalgo,0103,San Elías [Fraccionamiento],7.64
14,Jalisco,116,Villa Hidalgo,0104,Ejido Santa Teresa,6.44
14,Jalisco,116,Villa Hidalgo,0107,Los García,7.89
14,Jalisco,116,Villa Hidalgo,0109,Laguna de Mirasoles,8.63
14,Jalisco,116,Villa Hidalgo,0121,San Elías,8.24
14,Jalisco,116,Villa Hidalgo,0131,Llano del Caposanto (Fraccionamiento Díaz Peréz),7.63
14,Jalisco,116,Villa Hidalgo,9998,Localidades de una vivienda,4.54
14,Jalisco,116,Villa Hidalgo,9999,Localidades de dos viviendas,6.94
14,Jalisco,117,Cañadas de Obregón,0001,Cañadas de Obregón,7.33
14,Jalisco,117,Cañadas de Obregón,0007,Barreras,6.4
14,Jalisco,117,Cañadas de Obregón,0013,Catachime,5.24
14,Jalisco,117,Cañadas de Obregón,0015,Cerca Blanca,6.27
14,Jalisco,117,Cañadas de Obregón,0020,La Cofradía,5.28
14,Jalisco,117,Cañadas de Obregón,0021,La Cueva (Santa Rosalía de la Cueva),5.89
14,Jalisco,117,Cañadas de Obregón,0027,Los Hornos,5
14,Jalisco,117,Cañadas de Obregón,0032,El Laurel,4.44
14,Jalisco,117,Cañadas de Obregón,0047,Presa Colorada,3.78
14,Jalisco,117,Cañadas de Obregón,0051,Rincón de Guzmán,5.4
14,Jalisco,117,Cañadas de Obregón,0057,San José,5.71
14,Jalisco,117,Cañadas de Obregón,0063,La Tapona,6.63
14,Jalisco,117,Cañadas de Obregón,0065,Temacapulín (Temaca),6.82
14,Jalisco,117,Cañadas de Obregón,0066,Los Tepozanes,5
14,Jalisco,117,Cañadas de Obregón,0067,Terrazas,6.5
14,Jalisco,117,Cañadas de Obregón,0073,Los Yugos,4.98
14,Jalisco,117,Cañadas de Obregón,0074,El Zapote,4.2
14,Jalisco,117,Cañadas de Obregón,0075,El Zapotillo,6.28
14,Jalisco,117,Cañadas de Obregón,0076,Chipitilte,4.5
14,Jalisco,117,Cañadas de Obregón,0080,Tonalá,3.9
14,Jalisco,117,Cañadas de Obregón,0101,La Laguna de Gobierno,4.3
14,Jalisco,117,Cañadas de Obregón,0124,El Palo de la Cruz,5.38
14,Jalisco,117,Cañadas de Obregón,0132,El Talacayunque,5.97
14,Jalisco,117,Cañadas de Obregón,0136,Capellanía,9.29
14,Jalisco,117,Cañadas de Obregón,9998,Localidades de una vivienda,4.45
14,Jalisco,117,Cañadas de Obregón,9999,Localidades de dos viviendas,2.21
14,Jalisco,118,Yahualica de González Gallo,0001,Yahualica de González Gallo,8.49
14,Jalisco,118,Yahualica de González Gallo,0009,Las Ánimas,7.64
14,Jalisco,118,Yahualica de González Gallo,0010,Apozol de Gutiérrez (Apozol),6.52
14,Jalisco,118,Yahualica de González Gallo,0012,La Frontera,8.2
14,Jalisco,118,Yahualica de González Gallo,0013,El Baluarte,5.12
14,Jalisco,118,Yahualica de González Gallo,0019,La Cal,7.3
14,Jalisco,118,Yahualica de González Gallo,0021,Cañaditas,1.43
14,Jalisco,118,Yahualica de González Gallo,0024,Casas Viejas,2.86
14,Jalisco,118,Yahualica de González Gallo,0025,Los Cedazos,5.52
14,Jalisco,118,Yahualica de González Gallo,0028,Cerrillos,8.5
14,Jalisco,118,Yahualica de González Gallo,0032,La Cofradía,6.27
14,Jalisco,118,Yahualica de González Gallo,0036,La Cucharita,5.47
14,Jalisco,118,Yahualica de González Gallo,0047,El Durazno,5.74
14,Jalisco,118,Yahualica de González Gallo,0049,La Estancia,5.41
14,Jalisco,118,Yahualica de González Gallo,0056,Huisquilco (Huiscuilco),6.19
14,Jalisco,118,Yahualica de González Gallo,0059,La Jarrilla,5.98
14,Jalisco,118,Yahualica de González Gallo,0061,La Labor de San Ignacio,6.57
14,Jalisco,118,Yahualica de González Gallo,0062,La Labor de Vargas,4.68
14,Jalisco,118,Yahualica de González Gallo,0066,Loma Colorada,3.92
14,Jalisco,118,Yahualica de González Gallo,0068,Los Llanitos,6.59
14,Jalisco,118,Yahualica de González Gallo,0069,Llano de los Ruices (Llano de los Ruiz),5.64
14,Jalisco,118,Yahualica de González Gallo,0071,Manalisco,6.72
14,Jalisco,118,Yahualica de González Gallo,0074,Mesa del Apozol,5.54
14,Jalisco,118,Yahualica de González Gallo,0075,Mesa de los Palos,6.7
14,Jalisco,118,Yahualica de González Gallo,0076,La Mesa de San Joaquín,6.09
14,Jalisco,118,Yahualica de González Gallo,0077,La Mesa del Licenciado,7.48
14,Jalisco,118,Yahualica de González Gallo,0079,El Mirador,8
14,Jalisco,118,Yahualica de González Gallo,0083,Nangue del Refugio,6.22
14,Jalisco,118,Yahualica de González Gallo,0084,Ocotes de Moya,5.92
14,Jalisco,118,Yahualica de González Gallo,0087,El Ojo de Agua,2.67
14,Jalisco,118,Yahualica de González Gallo,0088,El Ojo de Agua,6.09
14,Jalisco,118,Yahualica de González Gallo,0091,El Órgano,6.69
14,Jalisco,118,Yahualica de González Gallo,0095,Río Colorado de Arriba (Palo Gacho),6.82
14,Jalisco,118,Yahualica de González Gallo,0097,Las Partidas,7.46
14,Jalisco,118,Yahualica de González Gallo,0098,Los Pastores,6.29
14,Jalisco,118,Yahualica de González Gallo,0101,El Potrerillo,7.22
14,Jalisco,118,Yahualica de González Gallo,0105,El Pozo Negro,4.71
14,Jalisco,118,Yahualica de González Gallo,0108,El Puerto (El Mirador),3.11
14,Jalisco,118,Yahualica de González Gallo,0110,Rincón de San Lorenzo,6.6
14,Jalisco,118,Yahualica de González Gallo,0112,Río Colorado de Abajo,6.68
14,Jalisco,118,Yahualica de González Gallo,0114,Rancho los Ruvalcaba,5.54
14,Jalisco,118,Yahualica de González Gallo,0118,El Salto Verde,6.24
14,Jalisco,118,Yahualica de González Gallo,0120,San Isidro,7.07
14,Jalisco,118,Yahualica de González Gallo,0121,Santa Ana,6.88
14,Jalisco,118,Yahualica de González Gallo,0122,Santa Gertrudis,7.21
14,Jalisco,118,Yahualica de González Gallo,0125,Santillán,5.76
14,Jalisco,118,Yahualica de González Gallo,0128,Los Soyates,4.75
14,Jalisco,118,Yahualica de González Gallo,0130,La Tapona,5.81
14,Jalisco,118,Yahualica de González Gallo,0131,Tecoluta,7.14
14,Jalisco,118,Yahualica de González Gallo,0133,El Terrero,3.56
14,Jalisco,118,Yahualica de González Gallo,0137,El Tulillo,6.05
14,Jalisco,118,Yahualica de González Gallo,0141,La Cerca Blanca,7.69
14,Jalisco,118,Yahualica de González Gallo,0143,Los Pedernales,5.36
14,Jalisco,118,Yahualica de González Gallo,0153,El Barrio (El Barrio de Analco),7.2
14,Jalisco,118,Yahualica de González Gallo,0154,El Húmedo,5.5
14,Jalisco,118,Yahualica de González Gallo,0169,Rancho Escondido,5.63
14,Jalisco,118,Yahualica de González Gallo,0172,La Yesca,3
14,Jalisco,118,Yahualica de González Gallo,0177,El Capulín,5.38
14,Jalisco,118,Yahualica de González Gallo,0180,El Crucero de la Cuña,7.38
14,Jalisco,118,Yahualica de González Gallo,0187,Rancho Nuevo (Los Llanos),5.11
14,Jalisco,118,Yahualica de González Gallo,0189,La Colonia San Juanito,6.42
14,Jalisco,118,Yahualica de González Gallo,0199,Nangue de Viña,6.35
14,Jalisco,118,Yahualica de González Gallo,0213,La Barca,3.75
14,Jalisco,118,Yahualica de González Gallo,0222,Las Ciénegas,6.88
14,Jalisco,118,Yahualica de González Gallo,0225,Agua Colorada,6.68
14,Jalisco,118,Yahualica de González Gallo,0235,Arroyo el Tulillo,6.39
14,Jalisco,118,Yahualica de González Gallo,0239,La Calera,7.82
14,Jalisco,118,Yahualica de González Gallo,0240,Los Callejones,7
14,Jalisco,118,Yahualica de González Gallo,0244,Las Cejas,4.44
14,Jalisco,118,Yahualica de González Gallo,0252,Colonia Ganadera,7.04
14,Jalisco,118,Yahualica de González Gallo,0254,Colonia Rosedal (Las Ánimas),7.47
14,Jalisco,118,Yahualica de González Gallo,0271,Camarena [Las Granjas Hy Line],7
14,Jalisco,118,Yahualica de González Gallo,0280,El Llano (La Loma),9.58
14,Jalisco,118,Yahualica de González Gallo,0289,El Ojo de Agua,5.79
14,Jalisco,118,Yahualica de González Gallo,0310,La Providencia,6.63
14,Jalisco,118,Yahualica de González Gallo,0314,El Rancho de Arriba,5.79
14,Jalisco,118,Yahualica de González Gallo,0317,Rancho la Presa,6
14,Jalisco,118,Yahualica de González Gallo,0318,Rancho del Salto (El Salto),5.11
14,Jalisco,118,Yahualica de González Gallo,0321,Río Ancho de Abajo,9.93
14,Jalisco,118,Yahualica de González Gallo,0332,Santa Rosa,9.13
14,Jalisco,118,Yahualica de González Gallo,0348,El Guayabo,6.5
14,Jalisco,118,Yahualica de González Gallo,0350,Las Mesitas,4.9
14,Jalisco,118,Yahualica de González Gallo,9998,Localidades de una vivienda,5.59
14,Jalisco,118,Yahualica de González Gallo,9999,Localidades de dos viviendas,4.97
14,Jalisco,119,Zacoalco de Torres,0001,Zacoalco de Torres,8.7
14,Jalisco,119,Zacoalco de Torres,0002,Barranca de los Laureles,7.25
14,Jalisco,119,Zacoalco de Torres,0003,Barranca de Otates (Barranca de Otatán),8.4
14,Jalisco,119,Zacoalco de Torres,0004,Barranca de Santa Clara,8.31
14,Jalisco,119,Zacoalco de Torres,0005,Benito Juárez (Catarina Uno),8.71
14,Jalisco,119,Zacoalco de Torres,0006,El Briseño (Los Briseño),7.9
14,Jalisco,119,Zacoalco de Torres,0007,Cacaluta (La Villita),7.13
14,Jalisco,119,Zacoalco de Torres,0008,El Crucero de San Isidro,6.87
14,Jalisco,119,Zacoalco de Torres,0009,La Cruz,8.11
14,Jalisco,119,Zacoalco de Torres,0010,El Chivato,9
14,Jalisco,119,Zacoalco de Torres,0011,General Andrés Figueroa (Catarina Dos),8.72
14,Jalisco,119,Zacoalco de Torres,0012,Las Moras,4.61
14,Jalisco,119,Zacoalco de Torres,0013,Pueblo Nuevo,7.79
14,Jalisco,119,Zacoalco de Torres,0014,San Marcos,7.31
14,Jalisco,119,Zacoalco de Torres,0015,Sayulapan,6.24
14,Jalisco,119,Zacoalco de Torres,0016,Ureña,7.73
14,Jalisco,119,Zacoalco de Torres,0017,Verdía,7.69
14,Jalisco,119,Zacoalco de Torres,0022,La Playita,7.13
14,Jalisco,119,Zacoalco de Torres,0025,El Gancho (La Manga),11.89
14,Jalisco,119,Zacoalco de Torres,0026,Los Ureña (La Ureñita),9.2
14,Jalisco,119,Zacoalco de Torres,0036,Las Moras (Las Mesas),5.94
14,Jalisco,119,Zacoalco de Torres,0059,El Centenario,7.4
14,Jalisco,119,Zacoalco de Torres,0060,Las Minitas,6.24
14,Jalisco,119,Zacoalco de Torres,9998,Localidades de una vivienda,8.57
14,Jalisco,119,Zacoalco de Torres,9999,Localidades de dos viviendas,8.53
14,Jalisco,120,Zapopan,0001,Zapopan,11.63
14,Jalisco,120,Zapopan,0006,Las Agujas,15.51
14,Jalisco,120,Zapopan,0018,La Azucena,13.99
14,Jalisco,120,Zapopan,0022,La Primavera,9.92
14,Jalisco,120,Zapopan,0027,Rancho Bonito,6.65
14,Jalisco,120,Zapopan,0038,La Capilla,8.75
14,Jalisco,120,Zapopan,0047,El Cimarrón,4.2
14,Jalisco,120,Zapopan,0050,El Cohetero,6.9
14,Jalisco,120,Zapopan,0056,Cópala,6.97
14,Jalisco,120,Zapopan,0057,Copalita,7.53
14,Jalisco,120,Zapopan,0062,La Cuchilla (Extramuros de Tesistán),10.3
14,Jalisco,120,Zapopan,0070,El Corral de Piedra,9.64
14,Jalisco,120,Zapopan,0089,Los Guayabitos,8.33
14,Jalisco,120,Zapopan,0095,Huaxtla,6.73
14,Jalisco,120,Zapopan,0097,Los Húmedos,7.24
14,Jalisco,120,Zapopan,0099,San Francisco de Ixcatán,7.49
14,Jalisco,120,Zapopan,0124,El Martel,6.94
14,Jalisco,120,Zapopan,0129,El Mesón de Cópala,7.47
14,Jalisco,120,Zapopan,0134,La Mojonera,11.91
14,Jalisco,120,Zapopan,0139,Nextipac,8.95
14,Jalisco,120,Zapopan,0153,Palo Gordo,7.28
14,Jalisco,120,Zapopan,0168,Los Pinitos,13
14,Jalisco,120,Zapopan,0183,El Quemado,9.13
14,Jalisco,120,Zapopan,0201,San Antonio,3.43
14,Jalisco,120,Zapopan,0202,San Antonio Chico,5.47
14,Jalisco,120,Zapopan,0206,San Esteban (San Miguel Tateposco),7.02
14,Jalisco,120,Zapopan,0210,San Isidro,8.47
14,Jalisco,120,Zapopan,0213,San Lorenzo,5.72
14,Jalisco,120,Zapopan,0218,San Rafael Tercero,13.17
14,Jalisco,120,Zapopan,0227,La Soledad,5.47
14,Jalisco,120,Zapopan,0230,El Taray,8.65
14,Jalisco,120,Zapopan,0231,Tesistán (San Francisco Tesistán),10.05
14,Jalisco,120,Zapopan,0235,El Texcalame,5.75
14,Jalisco,120,Zapopan,0243,La Venta del Astillero,8.92
14,Jalisco,120,Zapopan,0255,La Coronilla del Ocote,6.5
14,Jalisco,120,Zapopan,0263,Los Colorines,7.4
14,Jalisco,120,Zapopan,0270,Milpillas,7.5
14,Jalisco,120,Zapopan,0271,Fuentecillas,4.79
14,Jalisco,120,Zapopan,0274,Las Canteras,6
14,Jalisco,120,Zapopan,0279,Lomas de Montechelo (El Pedregal),7.26
14,Jalisco,120,Zapopan,0280,La Mesita,7.44
14,Jalisco,120,Zapopan,0300,La Providencia,8.48
14,Jalisco,120,Zapopan,0302,El Puentecito,10.44
14,Jalisco,120,Zapopan,0312,El Crucero (Crucero de Ameca),5.47
14,Jalisco,120,Zapopan,0313,Pinar de la Venta,15.53
14,Jalisco,120,Zapopan,0315,Alianza de Cazadores Diana,15.2
14,Jalisco,120,Zapopan,0317,San José de las Rosas,5.89
14,Jalisco,120,Zapopan,0318,Rancho Contento,15.21
14,Jalisco,120,Zapopan,0319,El Romeral,15.16
14,Jalisco,120,Zapopan,0324,La Cebada,11.74
14,Jalisco,120,Zapopan,0329,Villa Hermosa,5.8
14,Jalisco,120,Zapopan,0342,El Mirador,7.29
14,Jalisco,120,Zapopan,0356,Ejido Copalita,8.39
14,Jalisco,120,Zapopan,0369,San Jerónimo,7.58
14,Jalisco,120,Zapopan,0376,Cerca Morada (Las Presitas),6.81
14,Jalisco,120,Zapopan,0377,Las Cuevas,6.87
14,Jalisco,120,Zapopan,0378,La Cumbre,6.5
14,Jalisco,120,Zapopan,0396,La Toma (Los Coyotes),6.93
14,Jalisco,120,Zapopan,0407,El Roble (Valle Escondido),10.41
14,Jalisco,120,Zapopan,0430,Campestre las Palomas [Fraccionamiento],11.91
14,Jalisco,120,Zapopan,0440,Las Tinajitas [Balneario],8.42
14,Jalisco,120,Zapopan,0444,Chaparral de la Primavera,13.93
14,Jalisco,120,Zapopan,0449,Hacienda la Venta,7.54
14,Jalisco,120,Zapopan,0451,Kilómetro Veinticuatro,11.2
14,Jalisco,120,Zapopan,0460,San José del Astillero [Parque Industrial],7.89
14,Jalisco,120,Zapopan,0463,Los Cerezos,5
14,Jalisco,120,Zapopan,0464,Kilómetro Cinco,9.72
14,Jalisco,120,Zapopan,0468,Los Robles,14.88
14,Jalisco,120,Zapopan,0471,Las Bóvedas,14.4
14,Jalisco,120,Zapopan,0476,Los Tecolotes,6.31
14,Jalisco,120,Zapopan,0486,Ejido López Mateos,10
14,Jalisco,120,Zapopan,0528,Camino a las Víboras (La Soledad Chica),7.08
14,Jalisco,120,Zapopan,0529,El Caracol,9.45
14,Jalisco,120,Zapopan,0537,Lomas de Tesistán [Fraccionamiento],6.9
14,Jalisco,120,Zapopan,0539,La Goterita,8.58
14,Jalisco,120,Zapopan,0544,Granja Luz Aidé,11.23
14,Jalisco,120,Zapopan,0547,Haciendas la Herradura,14.01
14,Jalisco,120,Zapopan,0568,Milpillas Mesa de San Juan,6.54
14,Jalisco,120,Zapopan,0574,Las Parritas,9.36
14,Jalisco,120,Zapopan,0577,Los Patios,7.48
14,Jalisco,120,Zapopan,0583,Potrero de la Ampliación,8.4
14,Jalisco,120,Zapopan,0596,Rancho el Caporal,4.8
14,Jalisco,120,Zapopan,0611,El Reventón,9.5
14,Jalisco,120,Zapopan,0615,San Gonzalo Torre Vieja,4
14,Jalisco,120,Zapopan,0660,La Joya,9.8
14,Jalisco,120,Zapopan,0668,El Mirador,10.72
14,Jalisco,120,Zapopan,0683,Tanque Numero Uno Hogares de Nuevo México,13.14
14,Jalisco,120,Zapopan,0690,El Nuevo Resplandor [Fraccionamiento],5.86
14,Jalisco,120,Zapopan,0709,La Mesa de los Indios,7.92
14,Jalisco,120,Zapopan,0718,La Corteña,6.4
14,Jalisco,120,Zapopan,0735,Los Ocotes,4.86
14,Jalisco,120,Zapopan,0737,La Providencia,5.29
14,Jalisco,120,Zapopan,0738,Puerta del Llano,13.17
14,Jalisco,120,Zapopan,0739,Rancho Ayón,8.2
14,Jalisco,120,Zapopan,0741,San Juanico,6
14,Jalisco,120,Zapopan,0748,Villas del Valle,13.68
14,Jalisco,120,Zapopan,0749,El Camichín (El Atenco),6.9
14,Jalisco,120,Zapopan,0750,Campo Real,14.24
14,Jalisco,120,Zapopan,0753,Palermo,12.8
14,Jalisco,120,Zapopan,0755,Residencial Albaterra,12.14
14,Jalisco,120,Zapopan,0756,Amaranto Residencial,12.65
14,Jalisco,120,Zapopan,0757,Mirador del Bosque,11.03
14,Jalisco,120,Zapopan,0758,Valle de los Molinos,9.6
14,Jalisco,120,Zapopan,0761,La Moraleja [Residencial],14.38
14,Jalisco,120,Zapopan,0763,El Campestre [Fraccionamiento],15.12
14,Jalisco,120,Zapopan,0764,Hacienda Copala [Fraccionamiento],10.16
14,Jalisco,120,Zapopan,0771,Doctores [Fraccionamiento],11.73
14,Jalisco,120,Zapopan,9998,Localidades de una vivienda,6.9
14,Jalisco,120,Zapopan,9999,Localidades de dos viviendas,6.91
14,Jalisco,121,Zapotiltic,0001,Zapotiltic,9.03
14,Jalisco,121,Zapotiltic,0005,Villa Lázaro Cárdenas (El Aserradero),6.24
14,Jalisco,121,Zapotiltic,0009,Cerca Lisa,7.08
14,Jalisco,121,Zapotiltic,0010,El Coahuayote (El Arco),7.56
14,Jalisco,121,Zapotiltic,0011,Coamecatila,6.84
14,Jalisco,121,Zapotiltic,0012,El Cortijo,7.09
14,Jalisco,121,Zapotiltic,0013,Ferrería de Providencia,6.58
14,Jalisco,121,Zapotiltic,0018,El Mastranzo,4.65
14,Jalisco,121,Zapotiltic,0021,El Rincón,8.53
14,Jalisco,121,Zapotiltic,0022,San José de la Tinaja,8.53
14,Jalisco,121,Zapotiltic,0023,San Rafael,7.12
14,Jalisco,121,Zapotiltic,0024,Santa Gertrudis,6.35
14,Jalisco,121,Zapotiltic,0025,Tasinaxtla (La Cañada),7.55
14,Jalisco,121,Zapotiltic,0067,La Nogalera,6.44
14,Jalisco,121,Zapotiltic,0074,Puente la Tolteca,8.09
14,Jalisco,121,Zapotiltic,0084,Colonia Tepeyac de la Guadalupe,5.33
14,Jalisco,121,Zapotiltic,0086,Frente de Huescalapa,7.16
14,Jalisco,121,Zapotiltic,9998,Localidades de una vivienda,8.71
14,Jalisco,121,Zapotiltic,9999,Localidades de dos viviendas,6.17
14,Jalisco,122,Zapotitlán de Vadillo,0001,Zapotitlán de Vadillo,9.19
14,Jalisco,122,Zapotitlán de Vadillo,0009,La Cruz,6.41
14,Jalisco,122,Zapotitlán de Vadillo,0010,Chancuellar,8.24
14,Jalisco,122,Zapotitlán de Vadillo,0011,El Espinal,5.78
14,Jalisco,122,Zapotitlán de Vadillo,0014,El Gigante,7.08
14,Jalisco,122,Zapotitlán de Vadillo,0017,Huitzometl (La Providencia),6.71
14,Jalisco,122,Zapotitlán de Vadillo,0018,Loma del Camichín,7.14
14,Jalisco,122,Zapotitlán de Vadillo,0019,Loma de Guadalupe (Cruz Blanca),7
14,Jalisco,122,Zapotitlán de Vadillo,0020,Loma de Murguías,7.2
14,Jalisco,122,Zapotitlán de Vadillo,0021,Loma de Perempitz,7.14
14,Jalisco,122,Zapotitlán de Vadillo,0023,Mazatán (San Francisco Mazatán),5.91
14,Jalisco,122,Zapotitlán de Vadillo,0027,La Parotilla,6.84
14,Jalisco,122,Zapotitlán de Vadillo,0028,Paso de Alceseca (Mazatlán),7.17
14,Jalisco,122,Zapotitlán de Vadillo,0029,Perempitz de Abajo,8.21
14,Jalisco,122,Zapotitlán de Vadillo,0033,El Potrero,6.83
14,Jalisco,122,Zapotitlán de Vadillo,0034,Los Navas (Loma de los Navas),3.89
14,Jalisco,122,Zapotitlán de Vadillo,0035,San Cristóbal,6.16
14,Jalisco,122,Zapotitlán de Vadillo,0036,San Isidro,7.14
14,Jalisco,122,Zapotitlán de Vadillo,0037,San José del Carmen,8.07
14,Jalisco,122,Zapotitlán de Vadillo,0038,El Tecuán,7.8
14,Jalisco,122,Zapotitlán de Vadillo,0039,Telcruz,7.8
14,Jalisco,122,Zapotitlán de Vadillo,0040,Tetapán (Tetiapán),6.08
14,Jalisco,122,Zapotitlán de Vadillo,0042,Zacalmecatl,6.5
14,Jalisco,122,Zapotitlán de Vadillo,0047,Loma de las Flores,6.38
14,Jalisco,122,Zapotitlán de Vadillo,0049,El Granero,7.63
14,Jalisco,122,Zapotitlán de Vadillo,0053,Potrero Grande,4.38
14,Jalisco,122,Zapotitlán de Vadillo,0054,Rancho Blanco (Ángeles Custodios),7.51
14,Jalisco,122,Zapotitlán de Vadillo,0071,Las Galeanas,4.42
14,Jalisco,122,Zapotitlán de Vadillo,0082,Nuevo Perempitz,8.12
14,Jalisco,122,Zapotitlán de Vadillo,0083,Nuevo Progreso,8.66
14,Jalisco,122,Zapotitlán de Vadillo,0084,Los Pérez,6.53
14,Jalisco,122,Zapotitlán de Vadillo,9998,Localidades de una vivienda,6.29
14,Jalisco,122,Zapotitlán de Vadillo,9999,Localidades de dos viviendas,6.04
14,Jalisco,123,Zapotlán del Rey,0001,Zapotlán del Rey,7.97
14,Jalisco,123,Zapotlán del Rey,0003,Ahuatlán,7.71
14,Jalisco,123,Zapotlán del Rey,0005,Atzcatlán,7.43
14,Jalisco,123,Zapotlán del Rey,0008,La Campana,5.75
14,Jalisco,123,Zapotlán del Rey,0009,La Cañada,7.14
14,Jalisco,123,Zapotlán del Rey,0011,Los Cerritos,7.24
14,Jalisco,123,Zapotlán del Rey,0014,La Colonia,6.78
14,Jalisco,123,Zapotlán del Rey,0015,La Constancia,7.57
14,Jalisco,123,Zapotlán del Rey,0016,Chila,6.8
14,Jalisco,123,Zapotlán del Rey,0018,Los Fresnos,6.7
14,Jalisco,123,Zapotlán del Rey,0019,Los Guajes,5.53
14,Jalisco,123,Zapotlán del Rey,0020,El Jabalí,6.28
14,Jalisco,123,Zapotlán del Rey,0024,Mesa de Amula,6.02
14,Jalisco,123,Zapotlán del Rey,0027,La Noria (El Mirador),7.07
14,Jalisco,123,Zapotlán del Rey,0028,Los Orozco,7.43
14,Jalisco,123,Zapotlán del Rey,0029,Otatlán,7.49
14,Jalisco,123,Zapotlán del Rey,0030,El Platanar,6.6
14,Jalisco,123,Zapotlán del Rey,0031,Potrero de Gómez,6.17
14,Jalisco,123,Zapotlán del Rey,0034,Rancho Nuevo,7.04
14,Jalisco,123,Zapotlán del Rey,0036,San Rafael (El Realito),6.56
14,Jalisco,123,Zapotlán del Rey,0037,Rincón de Chila,6.01
14,Jalisco,123,Zapotlán del Rey,0041,Santiago Totolimixpan (Colonia la Guadalupana),7.89
14,Jalisco,123,Zapotlán del Rey,0042,El Sauz,6.94
14,Jalisco,123,Zapotlán del Rey,0043,Soledad de los Pérez (La Soledad),7.2
14,Jalisco,123,Zapotlán del Rey,0045,Las Tablas,6.09
14,Jalisco,123,Zapotlán del Rey,0046,Tecualtitán,7
14,Jalisco,123,Zapotlán del Rey,0051,El Uvalano,6.64
14,Jalisco,123,Zapotlán del Rey,0052,La Víbora,6.74
14,Jalisco,123,Zapotlán del Rey,0070,San Ignacio,6.51
14,Jalisco,123,Zapotlán del Rey,0077,Arroyo del Sabino,5
14,Jalisco,123,Zapotlán del Rey,0083,El Caracol,8.14
14,Jalisco,123,Zapotlán del Rey,0096,Los Hornos,4.83
14,Jalisco,123,Zapotlán del Rey,0127,Ríos de Ruiz,7.16
14,Jalisco,123,Zapotlán del Rey,0144,La Cabaña,11.43
14,Jalisco,123,Zapotlán del Rey,0153,Rancho Maus,6.5
14,Jalisco,123,Zapotlán del Rey,9998,Localidades de una vivienda,6.04
14,Jalisco,123,Zapotlán del Rey,9999,Localidades de dos viviendas,4.95
14,Jalisco,124,Zapotlanejo,0001,Zapotlanejo,8.56
14,Jalisco,124,Zapotlanejo,0003,Agua Bermeja,6.65
14,Jalisco,124,Zapotlanejo,0004,Agua Blanca,6.43
14,Jalisco,124,Zapotlanejo,0006,El Aguacate,7.62
14,Jalisco,124,Zapotlanejo,0007,Agua Escondida,6.03
14,Jalisco,124,Zapotlanejo,0009,Aguaje,7.09
14,Jalisco,124,Zapotlanejo,0015,El Asoleadero,4.66
14,Jalisco,124,Zapotlanejo,0016,Atengo,7.43
14,Jalisco,124,Zapotlanejo,0017,Las Avispas,5.67
14,Jalisco,124,Zapotlanejo,0018,El Bajío,6.13
14,Jalisco,124,Zapotlanejo,0020,La Barranca,6.6
14,Jalisco,124,Zapotlanejo,0025,Buenos Aires,5.52
14,Jalisco,124,Zapotlanejo,0026,La Purísima,6.92
14,Jalisco,124,Zapotlanejo,0027,El Calabozo,7.89
14,Jalisco,124,Zapotlanejo,0030,Cañada de las Flores (La Cañada),5.42
14,Jalisco,124,Zapotlanejo,0031,La Cañada Silvestre,4.92
14,Jalisco,124,Zapotlanejo,0034,Carboneras,4.13
14,Jalisco,124,Zapotlanejo,0036,El Carricillo,5.05
14,Jalisco,124,Zapotlanejo,0039,El Cebadero,7.66
14,Jalisco,124,Zapotlanejo,0042,Cerrito de Buenos Aires (El Cerrito),5.76
14,Jalisco,124,Zapotlanejo,0043,El Cerrito,7
14,Jalisco,124,Zapotlanejo,0044,Cocinilla,2
14,Jalisco,124,Zapotlanejo,0045,La Cofradía,6.83
14,Jalisco,124,Zapotlanejo,0046,Colimilla,7.45
14,Jalisco,124,Zapotlanejo,0047,El Colorado,6.89
14,Jalisco,124,Zapotlanejo,0049,El Copalillo,7.33
14,Jalisco,124,Zapotlanejo,0051,Corralillos (San Román),6.21
14,Jalisco,124,Zapotlanejo,0052,Corralillos,6.05
14,Jalisco,124,Zapotlanejo,0054,Coyotes de Arriba,7.95
14,Jalisco,124,Zapotlanejo,0058,Cuchillas,7.6
14,Jalisco,124,Zapotlanejo,0059,Los Charcos,8.53
14,Jalisco,124,Zapotlanejo,0060,Los Charcos,4.84
14,Jalisco,124,Zapotlanejo,0061,Los Chombos,4.54
14,Jalisco,124,Zapotlanejo,0062,El Durazno,5.94
14,Jalisco,124,Zapotlanejo,0063,Los Encinos,5.9
14,Jalisco,124,Zapotlanejo,0064,El Escalofrío (San Miguel),9.09
14,Jalisco,124,Zapotlanejo,0068,Las Fuentes,7.41
14,Jalisco,124,Zapotlanejo,0070,Gallinas de Abajo (Gallinas),6.59
14,Jalisco,124,Zapotlanejo,0071,El Gato,6.54
14,Jalisco,124,Zapotlanejo,0073,La Grulla,7.14
14,Jalisco,124,Zapotlanejo,0075,El Guajolote,5.59
14,Jalisco,124,Zapotlanejo,0081,Huejotitlán (Huejotitán),6.6
14,Jalisco,124,Zapotlanejo,0082,San Rafael (La Huizachera),6.63
14,Jalisco,124,Zapotlanejo,0086,La Joya Chica,6.08
14,Jalisco,124,Zapotlanejo,0088,Joya del Camino (Las Palmitas),7.2
14,Jalisco,124,Zapotlanejo,0089,La Joya Grande,6.12
14,Jalisco,124,Zapotlanejo,0092,Lagunillas,5.47
14,Jalisco,124,Zapotlanejo,0093,Lagunitas,4.68
14,Jalisco,124,Zapotlanejo,0094,La Laja,8.1
14,Jalisco,124,Zapotlanejo,0095,Las Latas,7.86
14,Jalisco,124,Zapotlanejo,0096,La Lenteja,6.83
14,Jalisco,124,Zapotlanejo,0097,La Leona,5.88
14,Jalisco,124,Zapotlanejo,0100,La Arena,6.52
14,Jalisco,124,Zapotlanejo,0102,La Loma de las Flores (La Loma),2.88
14,Jalisco,124,Zapotlanejo,0104,Madrigales,5.28
14,Jalisco,124,Zapotlanejo,0105,El Maestranzo,7.36
14,Jalisco,124,Zapotlanejo,0109,Matatlán,7.66
14,Jalisco,124,Zapotlanejo,0114,La Mesa (La Mesa Blanca),7.19
14,Jalisco,124,Zapotlanejo,0115,El Mezquite Chico,6.72
14,Jalisco,124,Zapotlanejo,0116,El Mezquite Grande,7.63
14,Jalisco,124,Zapotlanejo,0117,La Mezquitera,7.93
14,Jalisco,124,Zapotlanejo,0120,Monte de la Virgen,5.16
14,Jalisco,124,Zapotlanejo,0122,El Salitre (La Mora),7.02
14,Jalisco,124,Zapotlanejo,0124,Noxtla,5.21
14,Jalisco,124,Zapotlanejo,0125,Ocote de Nuño,6.52
14,Jalisco,124,Zapotlanejo,0127,Los Ocotes,6.15
14,Jalisco,124,Zapotlanejo,0129,Ojo de Agua,5.18
14,Jalisco,124,Zapotlanejo,0131,La Palma,9.47
14,Jalisco,124,Zapotlanejo,0133,Palo Colorado,6.71
14,Jalisco,124,Zapotlanejo,0134,Palo Colorado,5.38
14,Jalisco,124,Zapotlanejo,0135,Palo Verde,5.18
14,Jalisco,124,Zapotlanejo,0139,La Paz (Piedras Negras),7.09
14,Jalisco,124,Zapotlanejo,0143,Los Platos,5.66
14,Jalisco,124,Zapotlanejo,0154,Pueblo Viejo,6.71
14,Jalisco,124,Zapotlanejo,0155,El Regladero,6.56
14,Jalisco,124,Zapotlanejo,0156,Rincón de Potrerillos (Potrerillos),3.96
14,Jalisco,124,Zapotlanejo,0161,El Saltillo,4.33
14,Jalisco,124,Zapotlanejo,0162,Salto de Coyotes,5.8
14,Jalisco,124,Zapotlanejo,0163,El Salto de las Peñas,8.27
14,Jalisco,124,Zapotlanejo,0167,San Isidro,9.08
14,Jalisco,124,Zapotlanejo,0168,San José de las Flores (Gallinas de Arriba),7.12
14,Jalisco,124,Zapotlanejo,0174,San Roque,4.59
14,Jalisco,124,Zapotlanejo,0176,Santa Fe,6.92
14,Jalisco,124,Zapotlanejo,0180,Saucillo de Maldonado (El Saucillo),7.19
14,Jalisco,124,Zapotlanejo,0181,El Saucillo,6.82
14,Jalisco,124,Zapotlanejo,0182,Señoritas,5.54
14,Jalisco,124,Zapotlanejo,0184,Tablas de Coyotes,6.54
14,Jalisco,124,Zapotlanejo,0185,La Tapona,7.25
14,Jalisco,124,Zapotlanejo,0187,Tepame,4.69
14,Jalisco,124,Zapotlanejo,0189,Tepetongo,6
14,Jalisco,124,Zapotlanejo,0191,Tinajeros,7.46
14,Jalisco,124,Zapotlanejo,0192,Las Tortugas del Cacalote (Tortugas),5.33
14,Jalisco,124,Zapotlanejo,0195,Las Venadas,8.62
14,Jalisco,124,Zapotlanejo,0196,El Venado,6.23
14,Jalisco,124,Zapotlanejo,0197,Bicercio,6.09
14,Jalisco,124,Zapotlanejo,0198,La Villa,7.31
14,Jalisco,124,Zapotlanejo,0200,La Yerbabuena,7.31
14,Jalisco,124,Zapotlanejo,0201,Los Yugos,6.85
14,Jalisco,124,Zapotlanejo,0203,El Zapotillo (La Raya),7.7
14,Jalisco,124,Zapotlanejo,0205,Pueblos de la Barranca (El Maestranzo),7.61
14,Jalisco,124,Zapotlanejo,0209,La Falda,7
14,Jalisco,124,Zapotlanejo,0210,Los Tepetates,6.96
14,Jalisco,124,Zapotlanejo,0212,Rancho Nuevo de Leona,6.58
14,Jalisco,124,Zapotlanejo,0214,La Providencia del Durazno,6.11
14,Jalisco,124,Zapotlanejo,0216,Villa de Guadalupe,5.08
14,Jalisco,124,Zapotlanejo,0217,Las Puertas (Plan de Calderón),7.32
14,Jalisco,124,Zapotlanejo,0218,Buenavista del Refugio (El Palo Dulce),5.29
14,Jalisco,124,Zapotlanejo,0221,El Carrizo,7.43
14,Jalisco,124,Zapotlanejo,0223,La Cantera (Cantera de los Tapia),5.57
14,Jalisco,124,Zapotlanejo,0228,Agua Azul,5.78
14,Jalisco,124,Zapotlanejo,0233,Don Trino,4.67
14,Jalisco,124,Zapotlanejo,0235,La Loma,8.13
14,Jalisco,124,Zapotlanejo,0237,Mesa Colorada,4.75
14,Jalisco,124,Zapotlanejo,0244,Potrero Negro,7.77
14,Jalisco,124,Zapotlanejo,0246,San Joaquín Zorrillos,7.25
14,Jalisco,124,Zapotlanejo,0248,El Guayabo,6.53
14,Jalisco,124,Zapotlanejo,0250,Ocote Nuevo,5.38
14,Jalisco,124,Zapotlanejo,0251,Coyotes de Abajo (Rancho Coyotes),6.81
14,Jalisco,124,Zapotlanejo,0255,Santa María (El Tacuache),7.21
14,Jalisco,124,Zapotlanejo,0258,El Pozo (La Cuchara),8.63
14,Jalisco,124,Zapotlanejo,0260,Las Calabazas,6.9
14,Jalisco,124,Zapotlanejo,0271,El Capulín,7.2
14,Jalisco,124,Zapotlanejo,0272,San Juan Bautista,5.43
14,Jalisco,124,Zapotlanejo,0273,Colonia la Cruz (Ciudad Perdida Loma de la Cruz),6.84
14,Jalisco,124,Zapotlanejo,0276,Las Carrozas,3.29
14,Jalisco,124,Zapotlanejo,0277,El Comedero,4.95
14,Jalisco,124,Zapotlanejo,0284,El Ocote,5.3
14,Jalisco,124,Zapotlanejo,0286,Potrero de la Luz,8.19
14,Jalisco,124,Zapotlanejo,0288,Los Sastres,4.64
14,Jalisco,124,Zapotlanejo,0290,El Ocotillo,6.09
14,Jalisco,124,Zapotlanejo,0291,El Campamento (Loma del Campamento),5.4
14,Jalisco,124,Zapotlanejo,0293,Gallinas,7.96
14,Jalisco,124,Zapotlanejo,0295,El Arenal,7.08
14,Jalisco,124,Zapotlanejo,0307,La Cruz,6.38
14,Jalisco,124,Zapotlanejo,0318,La Mesa,6.68
14,Jalisco,124,Zapotlanejo,0322,J. Isabel Flores,6.59
14,Jalisco,124,Zapotlanejo,0325,Plan de Calderón,5.26
14,Jalisco,124,Zapotlanejo,0326,Los Pleitos,5.7
14,Jalisco,124,Zapotlanejo,0327,San Miguel,7.04
14,Jalisco,124,Zapotlanejo,0331,San Joaquín (Corral Falso),5.58
14,Jalisco,124,Zapotlanejo,0333,Santa Lucía,14.5
14,Jalisco,124,Zapotlanejo,0337,El Tepehuaje,8
14,Jalisco,124,Zapotlanejo,0342,Cantarranas,6.36
14,Jalisco,124,Zapotlanejo,0343,La Cebolleta,6.79
14,Jalisco,124,Zapotlanejo,0344,La Ceja,6.05
14,Jalisco,124,Zapotlanejo,0346,Pueblo Viejo de Abajo,8.31
14,Jalisco,124,Zapotlanejo,0348,Subida del Potrero,6.32
14,Jalisco,124,Zapotlanejo,0349,Asociación Ganadera,6.76
14,Jalisco,124,Zapotlanejo,0350,Galápago,8.42
14,Jalisco,124,Zapotlanejo,0352,El Salitrillo,8.96
14,Jalisco,124,Zapotlanejo,0357,El Cazador,7
14,Jalisco,124,Zapotlanejo,0358,Las Cruces,7.71
14,Jalisco,124,Zapotlanejo,0359,Lomas del Valle,10.9
14,Jalisco,124,Zapotlanejo,0360,Bugambilias [Fraccionamiento],7.38
14,Jalisco,124,Zapotlanejo,0362,Granjas Providencias [Fraccionamiento],8.65
14,Jalisco,124,Zapotlanejo,0365,Vista del Valle,11.29
14,Jalisco,124,Zapotlanejo,9998,Localidades de una vivienda,6.87
14,Jalisco,124,Zapotlanejo,9999,Localidades de dos viviendas,7.46
14,Jalisco,125,San Ignacio Cerro Gordo,0001,San Ignacio Cerro Gordo,7.24
14,Jalisco,125,San Ignacio Cerro Gordo,0003,Bajío del Indio,5.21
14,Jalisco,125,San Ignacio Cerro Gordo,0004,Boca de Leones (San Fernando),5.47
14,Jalisco,125,San Ignacio Cerro Gordo,0006,Cerro Gordo,8.22
14,Jalisco,125,San Ignacio Cerro Gordo,0007,Colorines,3.85
14,Jalisco,125,San Ignacio Cerro Gordo,0009,El Alto (El Alto de Pastores),5.54
14,Jalisco,125,San Ignacio Cerro Gordo,0011,El Bimbalete,5.67
14,Jalisco,125,San Ignacio Cerro Gordo,0013,El Bordo,6.89
14,Jalisco,125,San Ignacio Cerro Gordo,0014,El Casco,7.88
14,Jalisco,125,San Ignacio Cerro Gordo,0015,El Codito,6.74
14,Jalisco,125,San Ignacio Cerro Gordo,0016,El Espino de Arriba,9.45
14,Jalisco,125,San Ignacio Cerro Gordo,0018,El Hongo,7.64
14,Jalisco,125,San Ignacio Cerro Gordo,0019,El Madroño,3.29
14,Jalisco,125,San Ignacio Cerro Gordo,0020,El Mezquite,6
14,Jalisco,125,San Ignacio Cerro Gordo,0022,El Ocote (La Loma),6.13
14,Jalisco,125,San Ignacio Cerro Gordo,0023,El Plan de las Gallinas (Loma de Orozco),6.53
14,Jalisco,125,San Ignacio Cerro Gordo,0024,El Pueblito,3.75
14,Jalisco,125,San Ignacio Cerro Gordo,0025,El Ranchillo,7
14,Jalisco,125,San Ignacio Cerro Gordo,0026,El Refugio,4.71
14,Jalisco,125,San Ignacio Cerro Gordo,0028,El Salero,5.92
14,Jalisco,125,San Ignacio Cerro Gordo,0029,El Saucito,7.13
14,Jalisco,125,San Ignacio Cerro Gordo,0030,El Tepozán,6.06
14,Jalisco,125,San Ignacio Cerro Gordo,0031,El Tortillero,11.45
14,Jalisco,125,San Ignacio Cerro Gordo,0032,El Varal,4.4
14,Jalisco,125,San Ignacio Cerro Gordo,0033,El Viborero,6.03
14,Jalisco,125,San Ignacio Cerro Gordo,0034,Higuerillas,6.01
14,Jalisco,125,San Ignacio Cerro Gordo,0035,Jaquetas,7.61
14,Jalisco,125,San Ignacio Cerro Gordo,0036,La Calzada,4.33
14,Jalisco,125,San Ignacio Cerro Gordo,0041,La Ladrillera,4.74
14,Jalisco,125,San Ignacio Cerro Gordo,0042,La Loma (Loma de los Jiménez),8.21
14,Jalisco,125,San Ignacio Cerro Gordo,0043,La Loma de los Amoles (Loma de San Pedro),7.31
14,Jalisco,125,San Ignacio Cerro Gordo,0044,La Malilla,2.86
14,Jalisco,125,San Ignacio Cerro Gordo,0047,La Providencia,6
14,Jalisco,125,San Ignacio Cerro Gordo,0052,La Trinidad,7.05
14,Jalisco,125,San Ignacio Cerro Gordo,0053,La Virgencita (El Pueblito),6.27
14,Jalisco,125,San Ignacio Cerro Gordo,0055,Las Ánimas,7
14,Jalisco,125,San Ignacio Cerro Gordo,0056,Las Cruces,4.17
14,Jalisco,125,San Ignacio Cerro Gordo,0057,Las Galeras,5.24
14,Jalisco,125,San Ignacio Cerro Gordo,0059,Las Trojes,6
14,Jalisco,125,San Ignacio Cerro Gordo,0060,Loma Alta,6.98
14,Jalisco,125,San Ignacio Cerro Gordo,0063,Los Coyotes,6.42
14,Jalisco,125,San Ignacio Cerro Gordo,0064,Los Dolores,7.41
14,Jalisco,125,San Ignacio Cerro Gordo,0066,Palenque,6.38
14,Jalisco,125,San Ignacio Cerro Gordo,0067,Pastores,6.09
14,Jalisco,125,San Ignacio Cerro Gordo,0068,Presa de Barajas,6.65
14,Jalisco,125,San Ignacio Cerro Gordo,0069,Presa de Barajas (El Crucero de Arandas),6.8
14,Jalisco,125,San Ignacio Cerro Gordo,0070,Quinta el Paseo,6.54
14,Jalisco,125,San Ignacio Cerro Gordo,0072,Sacamecate,6.01
14,Jalisco,125,San Ignacio Cerro Gordo,0073,San Nicolás,6.45
14,Jalisco,125,San Ignacio Cerro Gordo,0074,San Ramón,5.5
14,Jalisco,125,San Ignacio Cerro Gordo,0075,San Vicente,6.19
14,Jalisco,125,San Ignacio Cerro Gordo,0076,Santa Ana,6.63
14,Jalisco,125,San Ignacio Cerro Gordo,0077,Santa Rita,5.25
14,Jalisco,125,San Ignacio Cerro Gordo,0078,Terrero Chico,5.86
14,Jalisco,125,San Ignacio Cerro Gordo,0079,Terrero Grande,4.13
14,Jalisco,125,San Ignacio Cerro Gordo,0080,Tres Palos,4.68
14,Jalisco,125,San Ignacio Cerro Gordo,0081,Tuna de Abajo (San Pascual),5.98
14,Jalisco,125,San Ignacio Cerro Gordo,0082,Tuna de Arriba,6.98
14,Jalisco,125,San Ignacio Cerro Gordo,0083,Tuna de Enmedio,5.68
14,Jalisco,125,San Ignacio Cerro Gordo,0085,El Capulin Verde,5.49
14,Jalisco,125,San Ignacio Cerro Gordo,0086,Colonia la Esperanza,7.43
14,Jalisco,125,San Ignacio Cerro Gordo,0087,San Antonio,7
14,Jalisco,125,San Ignacio Cerro Gordo,0088,Bellavista,7.09
14,Jalisco,125,San Ignacio Cerro Gordo,0089,San Antonio de los Franco,6.33
14,Jalisco,125,San Ignacio Cerro Gordo,0090,El Durazno,3.13
14,Jalisco,125,San Ignacio Cerro Gordo,9998,Localidades de una vivienda,4.88
14,Jalisco,125,San Ignacio Cerro Gordo,9999,Localidades de dos viviendas,4.82
